filename,subject_id,image_num,status,yaw,pitch,roll,abs_yaw,pose_bin,det_score
1-01.jpg,1,1,ok,-76.32,-17.77,17.09,76.32,profile,0.8125
1-02.jpg,1,2,ok,-49.22,-1.5,4.06,49.22,half-profile,0.8356
1-03.jpg,1,3,ok,-35.56,0.95,2.49,35.56,half-profile,0.8461
1-04.jpg,1,4,ok,-28.2,1.63,2.5,28.2,half-profile,0.8701
1-05.jpg,1,5,ok,-7.93,2.48,1.82,7.93,frontal,0.8893
1-06.jpg,1,6,ok,14.81,1.61,-0.83,14.81,frontal,0.8642
1-07.jpg,1,7,ok,37.72,-0.5,-0.36,37.72,half-profile,0.8614
1-08.jpg,1,8,ok,42.88,0.15,-1.62,42.88,half-profile,0.8486
1-09.jpg,1,9,ok,54.52,-0.9,-3.18,54.52,half-profile,0.8294
1-10.jpg,1,10,ok,80.86,-21.65,-18.34,80.86,profile,0.7632
1-11.jpg,1,11,ok,4.07,3.0,0.15,4.07,frontal,0.8999
1-12.jpg,1,12,ok,1.95,3.25,-0.69,1.95,frontal,0.897
1-13.jpg,1,13,ok,2.85,4.19,-0.49,2.85,frontal,0.8974
1-14.jpg,1,14,ok,3.06,4.64,-0.17,3.06,frontal,0.8869
10-01.jpg,10,1,ok,-63.1,-13.38,9.86,63.1,profile,0.7879
10-02.jpg,10,2,ok,-35.39,-8.33,3.82,35.39,half-profile,0.848
10-03.jpg,10,3,ok,-27.71,-5.25,0.42,27.71,half-profile,0.8414
10-04.jpg,10,4,ok,-16.05,-4.22,1.3,16.05,frontal,0.8834
10-05.jpg,10,5,ok,-5.55,-2.96,1.08,5.55,frontal,0.883
10-06.jpg,10,6,ok,14.35,-3.47,1.99,14.35,frontal,0.8668
10-07.jpg,10,7,ok,30.09,-3.45,-0.45,30.09,half-profile,0.8502
10-08.jpg,10,8,ok,30.43,-5.2,-2.38,30.43,half-profile,0.8412
10-09.jpg,10,9,ok,44.0,-3.47,-1.02,44.0,half-profile,0.8372
10-10.jpg,10,10,ok,82.0,49.27,51.81,82.0,profile,0.7545
10-11.jpg,10,11,ok,4.52,-2.84,1.24,4.52,frontal,0.8943
10-12.jpg,10,12,ok,3.46,-1.15,2.2,3.46,frontal,0.8965
10-13.jpg,10,13,ok,3.24,-2.33,0.8,3.24,frontal,0.8914
10-14.jpg,10,14,ok,3.75,-3.27,0.73,3.75,frontal,0.9017
100-01.jpg,100,1,ok,-57.53,1.82,0.25,57.53,half-profile,0.841
100-02.jpg,100,2,ok,-39.22,4.02,-3.59,39.22,half-profile,0.8783
100-03.jpg,100,3,ok,-29.31,2.15,-2.8,29.31,half-profile,0.8839
100-04.jpg,100,4,ok,-17.14,3.05,-1.3,17.14,frontal,0.8984
100-05.jpg,100,5,ok,-8.93,3.58,-1.83,8.93,frontal,0.8959
100-06.jpg,100,6,ok,5.23,0.91,-1.36,5.23,frontal,0.8618
100-07.jpg,100,7,ok,11.86,-1.42,-2.05,11.86,frontal,0.8881
100-08.jpg,100,8,ok,21.79,-1.92,-2.26,21.79,half-profile,0.8604
100-09.jpg,100,9,ok,34.2,-0.51,-2.89,34.2,half-profile,0.8552
100-10.jpg,100,10,ok,58.1,0.57,-3.04,58.1,half-profile,0.8212
100-11.jpg,100,11,ok,-4.03,-1.13,0.5,4.03,frontal,0.8683
100-12.jpg,100,12,ok,-0.36,0.25,0.48,0.36,frontal,0.879
100-13.jpg,100,13,ok,-3.51,1.79,-1.35,3.51,frontal,0.8874
100-14.jpg,100,14,ok,-2.87,-0.13,-0.57,2.87,frontal,0.8894
101-01.jpg,101,1,ok,-62.07,9.55,-0.84,62.07,profile,0.8553
101-02.jpg,101,2,ok,-43.02,8.09,1.33,43.02,half-profile,0.8958
101-03.jpg,101,3,ok,-26.4,7.67,0.58,26.4,half-profile,0.9204
101-04.jpg,101,4,ok,-20.83,6.44,1.75,20.83,half-profile,0.9194
101-05.jpg,101,5,ok,-8.8,5.28,1.69,8.8,frontal,0.9202
101-06.jpg,101,6,ok,16.26,8.55,3.53,16.26,frontal,0.9138
101-07.jpg,101,7,ok,26.92,8.01,4.66,26.92,half-profile,0.8937
101-08.jpg,101,8,ok,37.12,9.88,6.15,37.12,half-profile,0.8759
101-09.jpg,101,9,ok,49.66,13.02,7.43,49.66,half-profile,0.8565
101-10.jpg,101,10,ok,69.46,17.97,8.34,69.46,profile,0.817
101-11.jpg,101,11,ok,2.95,7.21,2.45,2.95,frontal,0.9044
101-12.jpg,101,12,ok,0.68,8.23,3.58,0.68,frontal,0.9068
101-13.jpg,101,13,ok,2.15,7.93,3.69,2.15,frontal,0.8986
101-14.jpg,101,14,ok,2.63,6.59,3.48,2.63,frontal,0.8847
102-01.jpg,102,1,ok,-65.0,6.06,-7.42,65.0,profile,0.8035
102-02.jpg,102,2,ok,-37.91,-3.04,5.14,37.91,half-profile,0.8531
102-03.jpg,102,3,ok,-22.14,-3.46,3.45,22.14,half-profile,0.8667
102-04.jpg,102,4,ok,-14.8,-4.11,6.14,14.8,frontal,0.8709
102-05.jpg,102,5,ok,-9.75,-4.0,3.82,9.75,frontal,0.8713
102-06.jpg,102,6,ok,14.51,-2.58,4.13,14.51,frontal,0.8731
102-07.jpg,102,7,ok,29.3,2.57,9.05,29.3,half-profile,0.8603
102-08.jpg,102,8,ok,32.43,2.68,5.18,32.43,half-profile,0.8549
102-09.jpg,102,9,ok,48.67,10.47,10.66,48.67,half-profile,0.8278
102-10.jpg,102,10,ok,73.58,36.3,36.31,73.58,profile,0.7738
102-11.jpg,102,11,ok,3.3,-4.45,3.5,3.3,frontal,0.8845
102-12.jpg,102,12,ok,3.27,-2.74,8.82,3.27,frontal,0.8946
102-13.jpg,102,13,ok,2.65,-4.13,5.06,2.65,frontal,0.8768
102-14.jpg,102,14,ok,2.02,-3.69,4.44,2.02,frontal,0.8722
103-01.jpg,103,1,ok,-74.45,4.59,-1.02,74.45,profile,0.8151
103-02.jpg,103,2,ok,-46.25,4.66,1.68,46.25,half-profile,0.8675
103-03.jpg,103,3,ok,-37.85,0.47,1.71,37.85,half-profile,0.8592
103-04.jpg,103,4,ok,-30.28,-1.09,2.95,30.28,half-profile,0.8863
103-05.jpg,103,5,ok,-10.82,-2.32,2.38,10.82,frontal,0.9083
103-06.jpg,103,6,ok,11.06,-2.75,1.72,11.06,frontal,0.8864
103-07.jpg,103,7,ok,30.73,0.94,1.87,30.73,half-profile,0.8871
103-08.jpg,103,8,ok,39.09,-2.96,0.59,39.09,half-profile,0.8821
103-09.jpg,103,9,ok,42.68,-2.27,-1.49,42.68,half-profile,0.867
103-10.jpg,103,10,ok,76.75,10.27,9.27,76.75,profile,0.7912
103-11.jpg,103,11,ok,2.61,-5.44,1.72,2.61,frontal,0.8904
103-12.jpg,103,12,ok,5.65,-5.27,2.74,5.65,frontal,0.8935
103-13.jpg,103,13,ok,1.01,-4.0,2.1,1.01,frontal,0.8941
103-14.jpg,103,14,ok,2.64,-4.11,1.97,2.64,frontal,0.8973
104-01.jpg,104,1,ok,-59.7,5.49,-8.46,59.7,half-profile,0.8949
104-02.jpg,104,2,ok,-44.25,1.05,-4.89,44.25,half-profile,0.912
104-03.jpg,104,3,ok,-16.0,-2.2,3.51,16.0,frontal,0.9043
104-04.jpg,104,4,ok,-21.91,-2.38,1.01,21.91,half-profile,0.8753
104-05.jpg,104,5,ok,-9.27,-4.68,4.86,9.27,frontal,0.8963
104-06.jpg,104,6,ok,9.8,-1.27,3.65,9.8,frontal,0.9025
104-07.jpg,104,7,ok,18.43,-1.55,6.38,18.43,frontal,0.9055
104-08.jpg,104,8,ok,23.17,-0.43,7.83,23.17,half-profile,0.8965
104-09.jpg,104,9,ok,30.0,1.94,9.64,30.0,half-profile,0.8903
104-10.jpg,104,10,ok,62.84,13.29,16.08,62.84,profile,0.8192
104-11.jpg,104,11,ok,11.27,-0.99,3.11,11.27,frontal,0.9136
104-12.jpg,104,12,ok,7.09,-4.55,0.56,7.09,frontal,0.9124
104-13.jpg,104,13,ok,0.67,-4.02,-0.67,0.67,frontal,0.9145
104-14.jpg,104,14,ok,-2.17,-2.72,1.22,2.17,frontal,0.9143
105-01.jpg,105,1,ok,-66.94,1.13,-6.54,66.94,profile,0.8046
105-02.jpg,105,2,ok,-45.9,0.9,-3.2,45.9,half-profile,0.8407
105-03.jpg,105,3,ok,-30.43,2.46,-3.72,30.43,half-profile,0.8803
105-04.jpg,105,4,ok,-21.44,3.82,-4.77,21.44,half-profile,0.874
105-05.jpg,105,5,ok,-8.87,2.81,-4.21,8.87,frontal,0.9042
105-06.jpg,105,6,ok,8.34,1.9,1.13,8.34,frontal,0.8783
105-07.jpg,105,7,ok,23.02,2.42,1.45,23.02,half-profile,0.8683
105-08.jpg,105,8,ok,28.85,1.58,3.02,28.85,half-profile,0.8798
105-09.jpg,105,9,ok,39.86,-0.36,1.41,39.86,half-profile,0.863
105-10.jpg,105,10,ok,70.16,-0.48,2.49,70.16,profile,0.8106
105-11.jpg,105,11,ok,7.33,0.45,0.3,7.33,frontal,0.8982
105-12.jpg,105,12,ok,5.47,-0.95,2.21,5.47,frontal,0.9074
105-13.jpg,105,13,ok,5.06,-0.01,-0.06,5.06,frontal,0.9095
105-14.jpg,105,14,ok,2.74,-1.42,-0.56,2.74,frontal,0.8916
106-01.jpg,106,1,ok,-75.29,11.96,-18.23,75.29,profile,0.7965
106-02.jpg,106,2,ok,-49.57,-0.85,-3.64,49.57,half-profile,0.8473
106-03.jpg,106,3,ok,-36.78,-1.47,-2.25,36.78,half-profile,0.8683
106-04.jpg,106,4,ok,-24.61,-2.7,-1.54,24.61,half-profile,0.8875
106-05.jpg,106,5,ok,-6.77,-7.36,1.07,6.77,frontal,0.9005
106-06.jpg,106,6,ok,11.37,-5.76,2.64,11.37,frontal,0.8984
106-07.jpg,106,7,ok,26.93,-5.18,2.91,26.93,half-profile,0.8916
106-08.jpg,106,8,ok,42.99,-4.79,3.92,42.99,half-profile,0.8509
106-09.jpg,106,9,ok,47.61,-3.44,5.03,47.61,half-profile,0.8782
106-10.jpg,106,10,ok,70.53,2.95,9.47,70.53,profile,0.8144
106-11.jpg,106,11,ok,6.39,-6.32,3.96,6.39,frontal,0.8972
106-12.jpg,106,12,ok,4.19,-7.02,4.23,4.19,frontal,0.9058
106-13.jpg,106,13,ok,-2.72,-6.64,5.97,2.72,frontal,0.9001
106-14.jpg,106,14,ok,-4.33,-12.42,5.39,4.33,frontal,0.8682
107-01.jpg,107,1,ok,-64.05,-1.43,-3.29,64.05,profile,0.8023
107-02.jpg,107,2,ok,-49.64,-4.71,-1.01,49.64,half-profile,0.8465
107-03.jpg,107,3,ok,-35.86,-4.08,-1.05,35.86,half-profile,0.8642
107-04.jpg,107,4,ok,-29.08,-5.0,-0.17,29.08,half-profile,0.8664
107-05.jpg,107,5,ok,-12.83,-3.39,-0.95,12.83,frontal,0.8995
107-06.jpg,107,6,ok,14.36,-1.36,0.9,14.36,frontal,0.9101
107-07.jpg,107,7,ok,30.14,-2.07,0.79,30.14,half-profile,0.8852
107-08.jpg,107,8,ok,40.57,-0.6,1.43,40.57,half-profile,0.8502
107-09.jpg,107,9,ok,50.8,-2.77,1.78,50.8,half-profile,0.8689
107-10.jpg,107,10,ok,78.83,6.37,11.12,78.83,profile,0.8165
107-11.jpg,107,11,ok,8.17,-2.06,2.51,8.17,frontal,0.9082
107-12.jpg,107,12,ok,7.42,0.16,2.65,7.42,frontal,0.8882
107-13.jpg,107,13,ok,0.99,-0.03,0.17,0.99,frontal,0.8906
107-14.jpg,107,14,no_face,,,,,,
108-01.jpg,108,1,ok,-71.22,5.97,-6.48,71.22,profile,0.8346
108-02.jpg,108,2,ok,-51.27,5.82,-3.32,51.27,half-profile,0.8439
108-03.jpg,108,3,ok,-37.1,5.81,-3.01,37.1,half-profile,0.8555
108-04.jpg,108,4,ok,-29.88,4.67,-1.26,29.88,half-profile,0.8913
108-05.jpg,108,5,ok,-13.29,8.95,-1.58,13.29,frontal,0.8757
108-06.jpg,108,6,ok,17.04,10.19,2.81,17.04,frontal,0.8723
108-07.jpg,108,7,ok,30.07,7.84,3.43,30.07,half-profile,0.8203
108-08.jpg,108,8,ok,38.0,7.88,2.1,38.0,half-profile,0.8348
108-09.jpg,108,9,ok,48.0,7.83,2.46,48.0,half-profile,0.8043
108-10.jpg,108,10,ok,76.82,6.85,6.02,76.82,profile,0.7732
108-11.jpg,108,11,ok,-0.56,6.13,0.66,0.56,frontal,0.8928
108-12.jpg,108,12,ok,-0.79,7.52,0.51,0.79,frontal,0.8468
108-13.jpg,108,13,ok,-2.61,6.96,-0.45,2.61,frontal,0.8459
108-14.jpg,108,14,no_face,,,,,,
109-01.jpg,109,1,ok,-59.29,7.52,-9.76,59.29,half-profile,0.8813
109-02.jpg,109,2,ok,-38.2,-0.96,-1.49,38.2,half-profile,0.9108
109-03.jpg,109,3,ok,-26.53,-1.23,-0.66,26.53,half-profile,0.8927
109-04.jpg,109,4,ok,-26.39,-0.26,-0.6,26.39,half-profile,0.893
109-05.jpg,109,5,ok,-9.28,0.41,-1.15,9.28,frontal,0.9146
109-06.jpg,109,6,ok,15.61,-0.18,0.34,15.61,frontal,0.896
109-07.jpg,109,7,ok,30.58,0.29,0.21,30.58,half-profile,0.8966
109-08.jpg,109,8,ok,39.35,1.07,-0.11,39.35,half-profile,0.888
109-09.jpg,109,9,ok,51.35,1.48,3.23,51.35,half-profile,0.8753
109-10.jpg,109,10,ok,71.12,15.27,17.99,71.12,profile,0.8645
109-11.jpg,109,11,ok,1.59,-3.03,1.56,1.59,frontal,0.9103
109-12.jpg,109,12,ok,1.28,-2.53,2.79,1.28,frontal,0.9029
109-13.jpg,109,13,ok,2.51,-3.05,0.52,2.51,frontal,0.9163
109-14.jpg,109,14,no_face,,,,,,
11-01.jpg,11,1,ok,-56.89,3.83,-4.17,56.89,half-profile,0.819
11-02.jpg,11,2,ok,-34.42,1.39,-2.26,34.42,half-profile,0.8663
11-03.jpg,11,3,ok,-22.26,-3.21,2.84,22.26,half-profile,0.8685
11-04.jpg,11,4,ok,-21.31,1.17,-4.73,21.31,half-profile,0.87
11-05.jpg,11,5,ok,-5.2,-2.22,2.09,5.2,frontal,0.8604
11-06.jpg,11,6,ok,0.53,-0.61,-0.98,0.53,frontal,0.8616
11-07.jpg,11,7,ok,-2.54,-5.88,1.31,2.54,frontal,0.864
11-08.jpg,11,8,ok,22.43,-0.18,3.41,22.43,half-profile,0.8516
11-09.jpg,11,9,ok,27.08,0.59,4.01,27.08,half-profile,0.8579
11-10.jpg,11,10,ok,59.83,2.46,6.08,59.83,half-profile,0.7529
11-11.jpg,11,11,ok,4.54,-5.63,0.8,4.54,frontal,0.8784
11-12.jpg,11,12,ok,5.1,-6.26,-0.64,5.1,frontal,0.8816
11-13.jpg,11,13,ok,2.2,-5.74,1.11,2.2,frontal,0.874
11-14.jpg,11,14,ok,1.24,-7.06,1.92,1.24,frontal,0.8752
110-01.jpg,110,1,ok,-66.04,9.82,-11.22,66.04,profile,0.8265
110-02.jpg,110,2,ok,-41.59,0.81,-0.81,41.59,half-profile,0.851
110-03.jpg,110,3,ok,-28.78,1.29,-2.35,28.78,half-profile,0.8781
110-04.jpg,110,4,ok,-27.01,0.41,-1.47,27.01,half-profile,0.8714
110-05.jpg,110,5,ok,-8.41,-0.63,0.01,8.41,frontal,0.8881
110-06.jpg,110,6,ok,6.43,-1.24,0.2,6.43,frontal,0.906
110-07.jpg,110,7,ok,26.56,1.05,0.63,26.56,half-profile,0.848
110-08.jpg,110,8,ok,34.32,2.25,1.17,34.32,half-profile,0.8319
110-09.jpg,110,9,ok,44.53,0.93,-0.36,44.53,half-profile,0.8321
110-10.jpg,110,10,ok,69.13,4.05,3.04,69.13,profile,0.8442
110-11.jpg,110,11,ok,5.75,-1.28,-0.22,5.75,frontal,0.9021
110-12.jpg,110,12,ok,3.18,0.77,-1.17,3.18,frontal,0.8912
110-13.jpg,110,13,ok,1.12,1.98,-0.28,1.12,frontal,0.8716
110-14.jpg,110,14,no_face,,,,,,
111-01.jpg,111,1,ok,-66.0,-2.66,-2.16,66.0,profile,0.8088
111-02.jpg,111,2,ok,-50.04,-3.78,-0.31,50.04,half-profile,0.8435
111-03.jpg,111,3,ok,-35.05,-4.73,1.12,35.05,half-profile,0.8769
111-04.jpg,111,4,ok,-26.83,-2.0,0.99,26.83,half-profile,0.898
111-05.jpg,111,5,ok,-11.28,0.43,0.08,11.28,frontal,0.8839
111-06.jpg,111,6,ok,8.83,-0.23,1.94,8.83,frontal,0.8985
111-07.jpg,111,7,ok,20.72,-0.08,1.3,20.72,half-profile,0.8723
111-08.jpg,111,8,ok,27.41,-0.48,1.54,27.41,half-profile,0.8644
111-09.jpg,111,9,ok,38.23,-0.92,-0.23,38.23,half-profile,0.8435
111-10.jpg,111,10,ok,58.29,2.28,-0.03,58.29,half-profile,0.7937
111-11.jpg,111,11,ok,2.37,-3.88,1.32,2.37,frontal,0.9042
111-12.jpg,111,12,ok,1.22,-5.68,2.4,1.22,frontal,0.8893
111-13.jpg,111,13,ok,-1.46,1.67,1.01,1.46,frontal,0.8767
111-14.jpg,111,14,no_face,,,,,,
112-01.jpg,112,1,ok,-67.64,-19.23,23.47,67.64,profile,0.8487
112-02.jpg,112,2,ok,-36.88,2.34,12.21,36.88,half-profile,0.8614
112-03.jpg,112,3,ok,-31.7,3.43,8.04,31.7,half-profile,0.8885
112-04.jpg,112,4,ok,-24.93,-2.73,6.72,24.93,half-profile,0.912
112-05.jpg,112,5,ok,-9.28,0.99,2.74,9.28,frontal,0.8795
112-06.jpg,112,6,ok,15.99,-1.96,1.48,15.99,frontal,0.9058
112-07.jpg,112,7,ok,25.58,6.13,-0.65,25.58,half-profile,0.8668
112-08.jpg,112,8,ok,37.12,0.36,-0.84,37.12,half-profile,0.8658
112-09.jpg,112,9,ok,47.63,-1.15,-4.18,47.63,half-profile,0.8702
112-10.jpg,112,10,ok,75.12,6.09,4.9,75.12,profile,0.8555
112-11.jpg,112,11,ok,5.39,1.59,3.5,5.39,frontal,0.9178
112-12.jpg,112,12,ok,1.79,-1.05,3.32,1.79,frontal,0.9195
112-13.jpg,112,13,ok,1.04,1.74,3.13,1.04,frontal,0.9048
112-14.jpg,112,14,no_face,,,,,,
113-01.jpg,113,1,ok,-60.13,18.88,-11.48,60.13,profile,0.8711
113-02.jpg,113,2,ok,-43.77,11.77,-6.23,43.77,half-profile,0.8818
113-03.jpg,113,3,ok,-32.83,10.28,-4.75,32.83,half-profile,0.8849
113-04.jpg,113,4,ok,-28.44,9.13,-4.29,28.44,half-profile,0.8787
113-05.jpg,113,5,ok,-11.54,8.62,-1.65,11.54,frontal,0.889
113-06.jpg,113,6,ok,8.03,7.9,1.85,8.03,frontal,0.8622
113-07.jpg,113,7,ok,24.91,9.01,1.78,24.91,half-profile,0.8791
113-08.jpg,113,8,ok,33.7,10.5,4.0,33.7,half-profile,0.8829
113-09.jpg,113,9,ok,46.79,12.42,4.55,46.79,half-profile,0.8625
113-10.jpg,113,10,ok,62.03,17.72,9.13,62.03,profile,0.8401
113-11.jpg,113,11,ok,2.24,8.06,0.31,2.24,frontal,0.8982
113-12.jpg,113,12,ok,1.53,7.44,0.27,1.53,frontal,0.893
113-13.jpg,113,13,ok,0.74,5.48,-0.05,0.74,frontal,0.8709
113-14.jpg,113,14,no_face,,,,,,
114-01.jpg,114,1,ok,-62.23,6.93,-10.0,62.23,profile,0.8245
114-02.jpg,114,2,ok,-47.87,-0.09,-4.65,47.87,half-profile,0.8232
114-03.jpg,114,3,ok,-31.12,-0.37,-0.62,31.12,half-profile,0.8537
114-04.jpg,114,4,ok,-25.65,-2.12,-0.98,25.65,half-profile,0.8585
114-05.jpg,114,5,ok,-15.46,-2.93,-1.91,15.46,frontal,0.854
114-06.jpg,114,6,ok,11.19,-1.71,1.89,11.19,frontal,0.8531
114-07.jpg,114,7,ok,28.46,-0.18,2.6,28.46,half-profile,0.846
114-08.jpg,114,8,ok,36.35,0.94,2.1,36.35,half-profile,0.8464
114-09.jpg,114,9,ok,45.76,3.63,4.67,45.76,half-profile,0.815
114-10.jpg,114,10,ok,69.75,13.94,15.07,69.75,profile,0.8031
114-11.jpg,114,11,ok,5.15,-1.63,0.67,5.15,frontal,0.8482
114-12.jpg,114,12,ok,4.59,-1.69,0.32,4.59,frontal,0.8754
114-13.jpg,114,13,ok,3.42,-1.66,1.02,3.42,frontal,0.8767
114-14.jpg,114,14,no_face,,,,,,
115-01.jpg,115,1,ok,-58.71,0.59,-4.62,58.71,half-profile,0.8809
115-02.jpg,115,2,ok,-39.6,-5.4,-1.13,39.6,half-profile,0.8897
115-03.jpg,115,3,ok,-24.6,-5.98,-1.37,24.6,half-profile,0.9141
115-04.jpg,115,4,ok,-17.37,-7.65,-0.22,17.37,frontal,0.9132
115-05.jpg,115,5,ok,-5.67,-8.03,-2.14,5.67,frontal,0.9054
115-06.jpg,115,6,ok,9.97,-7.31,-2.93,9.97,frontal,0.8974
115-07.jpg,115,7,ok,18.86,-9.2,-5.72,18.86,frontal,0.8901
115-08.jpg,115,8,ok,24.13,-10.85,-6.71,24.13,half-profile,0.8823
115-09.jpg,115,9,ok,34.19,-6.09,-8.17,34.19,half-profile,0.8757
115-10.jpg,115,10,ok,58.36,-7.24,-6.52,58.36,half-profile,0.8351
115-11.jpg,115,11,ok,3.84,-5.27,-1.91,3.84,frontal,0.9059
115-12.jpg,115,12,ok,4.71,-8.23,-1.69,4.71,frontal,0.9063
115-13.jpg,115,13,ok,0.74,-4.84,-3.25,0.74,frontal,0.9043
115-14.jpg,115,14,no_face,,,,,,
116-01.jpg,116,1,ok,-66.27,15.53,-14.44,66.27,profile,0.8498
116-02.jpg,116,2,ok,-43.49,6.08,-4.76,43.49,half-profile,0.8828
116-03.jpg,116,3,ok,-28.76,2.57,-2.12,28.76,half-profile,0.8867
116-04.jpg,116,4,ok,-25.38,2.65,-3.48,25.38,half-profile,0.881
116-05.jpg,116,5,ok,-11.11,3.26,-4.06,11.11,frontal,0.8959
116-06.jpg,116,6,ok,10.51,1.87,-2.74,10.51,frontal,0.8767
116-07.jpg,116,7,ok,27.95,-0.04,-2.99,27.95,half-profile,0.8529
116-08.jpg,116,8,ok,30.41,-2.53,-3.95,30.41,half-profile,0.844
116-09.jpg,116,9,ok,42.31,-1.01,-2.37,42.31,half-profile,0.8663
116-10.jpg,116,10,ok,68.4,19.49,21.65,68.4,profile,0.8077
116-11.jpg,116,11,ok,0.37,-2.97,-1.06,0.37,frontal,0.9019
116-12.jpg,116,12,ok,-0.61,0.57,-3.12,0.61,frontal,0.8948
116-13.jpg,116,13,ok,0.85,1.81,-2.07,0.85,frontal,0.8792
116-14.jpg,116,14,no_face,,,,,,
117-01.jpg,117,1,ok,-48.66,11.25,-12.89,48.66,half-profile,0.782
117-02.jpg,117,2,ok,-25.86,1.43,-5.33,25.86,half-profile,0.8639
117-03.jpg,117,3,ok,-16.08,9.18,-3.56,16.08,frontal,0.8842
117-04.jpg,117,4,ok,-14.37,6.68,-5.32,14.37,frontal,0.8966
117-05.jpg,117,5,ok,-3.12,5.56,-2.82,3.12,frontal,0.8903
117-06.jpg,117,6,ok,5.85,4.25,0.55,5.85,frontal,0.9093
117-07.jpg,117,7,ok,14.46,7.97,1.1,14.46,frontal,0.8953
117-08.jpg,117,8,ok,21.29,6.62,0.77,21.29,half-profile,0.8795
117-09.jpg,117,9,ok,28.47,4.64,2.13,28.47,half-profile,0.8867
117-10.jpg,117,10,ok,55.81,4.57,1.93,55.81,half-profile,0.8019
117-11.jpg,117,11,ok,2.47,2.79,0.13,2.47,frontal,0.905
117-12.jpg,117,12,ok,0.48,2.37,-0.54,0.48,frontal,0.9063
117-13.jpg,117,13,ok,0.92,4.96,-1.49,0.92,frontal,0.8864
117-14.jpg,117,14,no_face,,,,,,
118-01.jpg,118,1,ok,-63.19,13.31,-12.01,63.19,profile,0.8276
118-02.jpg,118,2,ok,-53.56,11.5,-10.82,53.56,half-profile,0.8717
118-03.jpg,118,3,ok,-41.78,9.21,-9.19,41.78,half-profile,0.8717
118-04.jpg,118,4,ok,-28.95,5.23,-3.65,28.95,half-profile,0.8673
118-05.jpg,118,5,ok,-9.66,0.59,-1.74,9.66,frontal,0.869
118-06.jpg,118,6,ok,10.83,2.58,0.03,10.83,frontal,0.8635
118-07.jpg,118,7,ok,21.03,4.93,3.29,21.03,half-profile,0.86
118-08.jpg,118,8,ok,28.95,6.8,3.33,28.95,half-profile,0.8782
118-09.jpg,118,9,ok,40.03,13.09,8.46,40.03,half-profile,0.8655
118-10.jpg,118,10,ok,59.35,22.49,16.52,59.35,half-profile,0.8608
118-11.jpg,118,11,ok,1.49,1.03,1.58,1.49,frontal,0.8749
118-12.jpg,118,12,ok,0.7,3.06,2.17,0.7,frontal,0.9069
118-13.jpg,118,13,ok,-0.42,2.58,1.62,0.42,frontal,0.8863
118-14.jpg,118,14,no_face,,,,,,
119-01.jpg,119,1,ok,-53.04,0.1,-4.18,53.04,half-profile,0.8361
119-02.jpg,119,2,ok,-38.86,-2.03,-1.98,38.86,half-profile,0.8596
119-03.jpg,119,3,ok,-24.66,-3.71,-0.99,24.66,half-profile,0.8763
119-04.jpg,119,4,ok,-20.72,-3.9,0.24,20.72,half-profile,0.8717
119-05.jpg,119,5,ok,-14.32,-4.64,0.44,14.32,frontal,0.8839
119-06.jpg,119,6,ok,4.62,-2.74,0.95,4.62,frontal,0.8891
119-07.jpg,119,7,ok,17.49,-1.72,1.52,17.49,frontal,0.8748
119-08.jpg,119,8,ok,15.46,-1.98,0.14,15.46,frontal,0.8814
119-09.jpg,119,9,ok,31.51,-1.35,2.57,31.51,half-profile,0.8614
119-10.jpg,119,10,ok,58.96,7.1,10.31,58.96,half-profile,0.8135
119-11.jpg,119,11,ok,9.64,-2.6,0.62,9.64,frontal,0.89
119-12.jpg,119,12,ok,9.28,-4.3,-1.26,9.28,frontal,0.8948
119-13.jpg,119,13,ok,0.52,-3.49,1.8,0.52,frontal,0.8932
119-14.jpg,119,14,ok,-3.63,-3.95,0.73,3.63,frontal,0.8662
12-01.jpg,12,1,ok,-57.03,6.89,-10.23,57.03,half-profile,0.8596
12-02.jpg,12,2,ok,-28.44,1.0,-4.31,28.44,half-profile,0.8602
12-03.jpg,12,3,ok,-24.19,-2.9,-1.04,24.19,half-profile,0.8606
12-04.jpg,12,4,ok,-19.26,-2.55,-1.83,19.26,frontal,0.8791
12-05.jpg,12,5,ok,-4.87,-3.86,0.93,4.87,frontal,0.8742
12-06.jpg,12,6,ok,5.63,-0.82,-0.79,5.63,frontal,0.8844
12-07.jpg,12,7,ok,10.58,-3.47,0.21,10.58,frontal,0.8789
12-08.jpg,12,8,ok,16.36,-1.99,2.52,16.36,frontal,0.8872
12-09.jpg,12,9,ok,33.16,-1.2,2.85,33.16,half-profile,0.8798
12-10.jpg,12,10,ok,63.02,1.02,4.32,63.02,profile,0.8275
12-11.jpg,12,11,ok,-0.03,-5.09,-1.55,0.03,frontal,0.8873
12-12.jpg,12,12,ok,1.04,-6.41,0.41,1.04,frontal,0.8896
12-13.jpg,12,13,ok,1.19,-5.79,1.05,1.19,frontal,0.8885
12-14.jpg,12,14,ok,1.86,-7.47,0.89,1.86,frontal,0.886
120-01.jpg,120,1,ok,-65.73,12.99,-15.83,65.73,profile,0.8704
120-02.jpg,120,2,ok,-44.58,-3.11,-2.94,44.58,half-profile,0.8365
120-03.jpg,120,3,ok,-34.25,-5.61,-0.38,34.25,half-profile,0.8656
120-04.jpg,120,4,ok,-27.55,-5.72,-0.61,27.55,half-profile,0.8842
120-05.jpg,120,5,ok,-11.16,-4.25,-0.81,11.16,frontal,0.8765
120-06.jpg,120,6,ok,10.24,-4.17,-0.94,10.24,frontal,0.8879
120-07.jpg,120,7,ok,26.05,-6.79,-1.9,26.05,half-profile,0.8761
120-08.jpg,120,8,ok,37.64,-4.31,-0.01,37.64,half-profile,0.8528
120-09.jpg,120,9,ok,48.76,0.95,1.46,48.76,half-profile,0.8646
120-10.jpg,120,10,ok,70.17,11.03,12.41,70.17,profile,0.8601
120-11.jpg,120,11,ok,-1.09,-4.3,-0.03,1.09,frontal,0.8908
120-12.jpg,120,12,ok,-2.42,-1.55,-1.44,2.42,frontal,0.8957
120-13.jpg,120,13,ok,-4.11,-1.78,-0.27,4.11,frontal,0.8896
120-14.jpg,120,14,ok,-3.96,-3.77,-0.89,3.96,frontal,0.8733
121-01.jpg,121,1,ok,-63.27,-5.78,1.7,63.27,profile,0.8276
121-02.jpg,121,2,ok,-44.46,-2.78,0.48,44.46,half-profile,0.8627
121-03.jpg,121,3,ok,-25.09,-0.42,-1.37,25.09,half-profile,0.851
121-04.jpg,121,4,ok,-20.85,-1.68,1.06,20.85,half-profile,0.863
121-05.jpg,121,5,ok,-7.53,-0.59,-1.81,7.53,frontal,0.8778
121-06.jpg,121,6,ok,12.39,-5.12,0.21,12.39,frontal,0.8966
121-07.jpg,121,7,ok,20.11,-4.63,-1.59,20.11,half-profile,0.8876
121-08.jpg,121,8,ok,34.54,-4.24,-2.22,34.54,half-profile,0.8884
121-09.jpg,121,9,ok,50.49,-5.29,-0.98,50.49,half-profile,0.8407
121-10.jpg,121,10,ok,70.21,-9.74,-7.29,70.21,profile,0.8099
121-11.jpg,121,11,ok,4.61,-2.82,0.02,4.61,frontal,0.8847
121-12.jpg,121,12,ok,2.29,-3.39,-0.1,2.29,frontal,0.9063
121-13.jpg,121,13,ok,-0.98,-3.42,-0.97,0.98,frontal,0.8835
121-14.jpg,121,14,ok,-1.36,-3.86,-1.15,1.36,frontal,0.875
122-01.jpg,122,1,ok,-61.21,-13.56,8.22,61.21,profile,0.865
122-02.jpg,122,2,ok,-26.06,-2.14,1.4,26.06,half-profile,0.9159
122-03.jpg,122,3,ok,-16.61,-3.68,2.07,16.61,frontal,0.8953
122-04.jpg,122,4,ok,-10.96,-1.95,1.57,10.96,frontal,0.9184
122-05.jpg,122,5,ok,-5.65,-2.33,0.69,5.65,frontal,0.9179
122-06.jpg,122,6,ok,11.61,-2.14,1.41,11.61,frontal,0.9136
122-07.jpg,122,7,ok,24.47,-2.52,0.07,24.47,half-profile,0.8996
122-08.jpg,122,8,ok,36.14,-1.68,1.42,36.14,half-profile,0.8798
122-09.jpg,122,9,ok,38.11,-1.43,1.63,38.11,half-profile,0.8881
122-10.jpg,122,10,ok,65.31,-4.45,-5.55,65.31,profile,0.8128
122-11.jpg,122,11,ok,4.17,-1.08,1.32,4.17,frontal,0.9175
122-12.jpg,122,12,ok,1.11,0.11,1.23,1.11,frontal,0.9239
122-13.jpg,122,13,ok,0.47,-0.3,0.94,0.47,frontal,0.9198
122-14.jpg,122,14,ok,-0.87,-1.14,-0.08,0.87,frontal,0.8943
123-01.jpg,123,1,ok,-69.8,-2.93,4.02,69.8,profile,0.8655
123-02.jpg,123,2,ok,-40.57,-0.01,-0.26,40.57,half-profile,0.8581
123-03.jpg,123,3,ok,-28.6,-2.12,0.12,28.6,half-profile,0.8809
123-04.jpg,123,4,ok,-20.73,-2.61,0.18,20.73,half-profile,0.9162
123-05.jpg,123,5,ok,-7.55,-1.84,-0.59,7.55,frontal,0.9125
123-06.jpg,123,6,ok,7.71,-1.06,2.3,7.71,frontal,0.9192
123-07.jpg,123,7,ok,21.22,-0.51,2.02,21.22,half-profile,0.8976
123-08.jpg,123,8,ok,24.54,0.09,1.67,24.54,half-profile,0.8813
123-09.jpg,123,9,ok,40.31,1.85,3.03,40.31,half-profile,0.8596
123-10.jpg,123,10,ok,69.61,12.38,11.41,69.61,profile,0.8461
123-11.jpg,123,11,ok,0.68,-0.65,0.73,0.68,frontal,0.9136
123-12.jpg,123,12,ok,0.01,-1.39,0.5,0.01,frontal,0.9199
123-13.jpg,123,13,ok,0.25,-0.69,-0.16,0.25,frontal,0.9124
123-14.jpg,123,14,ok,1.27,-1.67,1.37,1.27,frontal,0.8912
124-01.jpg,124,1,ok,-85.68,20.78,-18.43,85.68,profile,0.8282
124-02.jpg,124,2,ok,-48.5,4.0,-3.81,48.5,half-profile,0.89
124-03.jpg,124,3,ok,-34.36,-0.84,-3.41,34.36,half-profile,0.858
124-04.jpg,124,4,ok,-31.9,-1.72,-2.8,31.9,half-profile,0.8756
124-05.jpg,124,5,ok,-15.39,-2.29,-2.13,15.39,frontal,0.8895
124-06.jpg,124,6,ok,11.03,-0.76,-1.88,11.03,frontal,0.8856
124-07.jpg,124,7,ok,29.37,2.64,-1.2,29.37,half-profile,0.8989
124-08.jpg,124,8,ok,37.78,-0.54,-1.75,37.78,half-profile,0.8962
124-09.jpg,124,9,ok,49.2,0.7,-2.26,49.2,half-profile,0.8886
124-10.jpg,124,10,ok,83.37,11.68,5.35,83.37,profile,0.8393
124-11.jpg,124,11,ok,0.21,-1.43,-1.19,0.21,frontal,0.8875
124-12.jpg,124,12,ok,-0.05,-2.69,-1.14,0.05,frontal,0.9061
124-13.jpg,124,13,ok,-0.88,-0.89,-1.32,0.88,frontal,0.8824
124-14.jpg,124,14,ok,-1.49,-1.33,-1.11,1.49,frontal,0.8908
125-01.jpg,125,1,ok,-59.96,23.91,-29.83,59.96,half-profile,0.8536
125-02.jpg,125,2,ok,-37.48,-0.24,-2.87,37.48,half-profile,0.8685
125-03.jpg,125,3,ok,-28.43,2.13,-9.26,28.43,half-profile,0.8628
125-04.jpg,125,4,ok,-25.59,1.39,-10.03,25.59,half-profile,0.8695
125-05.jpg,125,5,ok,-10.67,-3.45,-3.54,10.67,frontal,0.9189
125-06.jpg,125,6,ok,16.1,-2.55,2.99,16.1,frontal,0.905
125-07.jpg,125,7,ok,27.04,-3.37,4.0,27.04,half-profile,0.9005
125-08.jpg,125,8,ok,30.94,-2.69,3.69,30.94,half-profile,0.897
125-09.jpg,125,9,ok,43.12,0.83,6.79,43.12,half-profile,0.8668
125-10.jpg,125,10,ok,74.08,29.69,35.09,74.08,profile,0.7939
125-11.jpg,125,11,ok,2.74,-4.35,-4.66,2.74,frontal,0.9205
125-12.jpg,125,12,ok,3.36,-1.17,-4.04,3.36,frontal,0.9236
125-13.jpg,125,13,ok,0.39,-3.87,-4.95,0.39,frontal,0.9224
125-14.jpg,125,14,ok,0.39,-4.32,-5.35,0.39,frontal,0.9181
126-01.jpg,126,1,ok,-58.95,-6.24,-1.68,58.95,half-profile,0.8209
126-02.jpg,126,2,ok,-39.99,-12.3,3.85,39.99,half-profile,0.8837
126-03.jpg,126,3,ok,-25.46,-11.41,0.18,25.46,half-profile,0.8933
126-04.jpg,126,4,ok,-16.71,-12.16,-0.77,16.71,frontal,0.8992
126-05.jpg,126,5,ok,-9.88,-12.54,0.3,9.88,frontal,0.9007
126-06.jpg,126,6,ok,4.43,-9.27,-0.5,4.43,frontal,0.9017
126-07.jpg,126,7,ok,19.23,-7.84,0.26,19.23,frontal,0.8896
126-08.jpg,126,8,ok,22.35,-6.46,-0.99,22.35,half-profile,0.8845
126-09.jpg,126,9,ok,34.11,-1.38,0.41,34.11,half-profile,0.8371
126-10.jpg,126,10,ok,64.69,4.44,2.07,64.69,profile,0.826
126-11.jpg,126,11,ok,-1.34,-10.1,-0.19,1.34,frontal,0.9037
126-12.jpg,126,12,ok,-2.05,-10.05,-1.87,2.05,frontal,0.889
126-13.jpg,126,13,ok,-3.81,-10.51,-0.3,3.81,frontal,0.9035
126-14.jpg,126,14,ok,-5.94,-6.28,-2.02,5.94,frontal,0.8878
127-01.jpg,127,1,ok,-61.59,5.89,-9.58,61.59,profile,0.8676
127-02.jpg,127,2,ok,-41.43,-1.96,-1.44,41.43,half-profile,0.8294
127-03.jpg,127,3,ok,-20.76,-0.74,-0.69,20.76,half-profile,0.9048
127-04.jpg,127,4,ok,-18.13,-6.13,0.42,18.13,frontal,0.9068
127-05.jpg,127,5,ok,-4.26,-4.51,0.65,4.26,frontal,0.8896
127-06.jpg,127,6,ok,9.21,-5.21,-2.43,9.21,frontal,0.9018
127-07.jpg,127,7,ok,25.03,-4.59,-1.72,25.03,half-profile,0.8892
127-08.jpg,127,8,ok,34.69,-2.61,0.01,34.69,half-profile,0.8586
127-09.jpg,127,9,ok,46.7,-3.29,0.36,46.7,half-profile,0.8367
127-10.jpg,127,10,ok,73.21,4.78,5.84,73.21,profile,0.8246
127-11.jpg,127,11,ok,3.67,-6.76,-1.09,3.67,frontal,0.8977
127-12.jpg,127,12,ok,4.33,-3.18,1.84,4.33,frontal,0.8914
127-13.jpg,127,13,ok,4.38,-4.07,1.42,4.38,frontal,0.8849
127-14.jpg,127,14,ok,5.35,-5.68,2.43,5.35,frontal,0.904
128-01.jpg,128,1,ok,-72.47,8.65,-8.45,72.47,profile,0.7853
128-02.jpg,128,2,ok,-45.28,3.19,-0.91,45.28,half-profile,0.8478
128-03.jpg,128,3,ok,-29.6,2.93,-1.94,29.6,half-profile,0.8551
128-04.jpg,128,4,ok,-30.28,3.75,-3.47,30.28,half-profile,0.8415
128-05.jpg,128,5,ok,-9.98,-0.25,1.5,9.98,frontal,0.8827
128-06.jpg,128,6,ok,8.2,1.19,0.26,8.2,frontal,0.8739
128-07.jpg,128,7,ok,20.26,2.1,1.77,20.26,half-profile,0.8565
128-08.jpg,128,8,ok,35.09,4.58,2.26,35.09,half-profile,0.8389
128-09.jpg,128,9,ok,37.08,7.46,4.53,37.08,half-profile,0.8476
128-10.jpg,128,10,ok,60.39,13.63,7.26,60.39,profile,0.8105
128-11.jpg,128,11,ok,0.87,1.17,0.21,0.87,frontal,0.8916
128-12.jpg,128,12,ok,-0.46,1.49,3.29,0.46,frontal,0.8799
128-13.jpg,128,13,ok,2.86,1.14,1.94,2.86,frontal,0.8705
128-14.jpg,128,14,ok,3.24,-4.12,1.1,3.24,frontal,0.8323
129-01.jpg,129,1,ok,-69.16,14.21,-9.74,69.16,profile,0.7834
129-02.jpg,129,2,ok,-44.52,4.31,-3.83,44.52,half-profile,0.8428
129-03.jpg,129,3,ok,-26.92,2.68,-1.58,26.92,half-profile,0.8908
129-04.jpg,129,4,ok,-26.51,1.39,-2.2,26.51,half-profile,0.8727
129-05.jpg,129,5,ok,-14.58,-1.17,-2.82,14.58,frontal,0.8346
129-06.jpg,129,6,ok,1.99,-1.97,-3.28,1.99,frontal,0.8904
129-07.jpg,129,7,ok,18.97,-3.81,-3.44,18.97,frontal,0.8627
129-08.jpg,129,8,ok,23.39,-3.26,-3.87,23.39,half-profile,0.8791
129-09.jpg,129,9,ok,32.38,-2.39,-3.91,32.38,half-profile,0.8543
129-10.jpg,129,10,ok,65.63,1.03,-2.78,65.63,profile,0.7927
129-11.jpg,129,11,ok,4.34,-3.65,-1.97,4.34,frontal,0.9078
129-12.jpg,129,12,ok,2.25,-3.85,-0.56,2.25,frontal,0.9169
129-13.jpg,129,13,ok,-1.18,-2.65,-2.99,1.18,frontal,0.9123
129-14.jpg,129,14,ok,-1.0,-3.34,-2.75,1.0,frontal,0.8855
13-01.jpg,13,1,ok,-68.53,-1.64,2.35,68.53,profile,0.8227
13-02.jpg,13,2,ok,-39.33,-4.14,3.11,39.33,half-profile,0.8782
13-03.jpg,13,3,ok,-21.59,-0.22,1.36,21.59,half-profile,0.8758
13-04.jpg,13,4,ok,-14.98,-2.65,1.82,14.98,frontal,0.8736
13-05.jpg,13,5,ok,-3.78,-3.24,0.78,3.78,frontal,0.8668
13-06.jpg,13,6,ok,9.55,0.82,1.89,9.55,frontal,0.8626
13-07.jpg,13,7,ok,26.92,4.08,4.59,26.92,half-profile,0.8403
13-08.jpg,13,8,ok,31.41,2.65,3.98,31.41,half-profile,0.8679
13-09.jpg,13,9,ok,46.57,5.85,5.32,46.57,half-profile,0.8324
13-10.jpg,13,10,ok,73.7,19.58,20.17,73.7,profile,0.7912
13-11.jpg,13,11,ok,5.8,-2.08,4.62,5.8,frontal,0.8805
13-12.jpg,13,12,ok,4.91,-2.54,5.41,4.91,frontal,0.9129
13-13.jpg,13,13,ok,6.0,-3.62,2.57,6.0,frontal,0.8764
13-14.jpg,13,14,ok,5.47,-4.88,2.36,5.47,frontal,0.8926
130-01.jpg,130,1,ok,-61.83,-1.46,0.57,61.83,profile,0.8064
130-02.jpg,130,2,ok,-39.96,-1.07,-0.69,39.96,half-profile,0.8676
130-03.jpg,130,3,ok,-23.82,-0.46,0.85,23.82,half-profile,0.8572
130-04.jpg,130,4,ok,-16.45,-0.86,1.69,16.45,frontal,0.8695
130-05.jpg,130,5,ok,-7.23,-3.04,-0.27,7.23,frontal,0.8863
130-06.jpg,130,6,ok,11.11,-1.53,0.74,11.11,frontal,0.8876
130-07.jpg,130,7,ok,17.54,-2.14,0.34,17.54,frontal,0.8875
130-08.jpg,130,8,ok,24.66,-0.88,1.59,24.66,half-profile,0.8946
130-09.jpg,130,9,ok,35.54,-0.03,2.29,35.54,half-profile,0.8613
130-10.jpg,130,10,ok,67.91,-6.89,-2.45,67.91,profile,0.8275
130-11.jpg,130,11,ok,1.41,-0.93,1.22,1.41,frontal,0.899
130-12.jpg,130,12,ok,1.1,0.42,1.73,1.1,frontal,0.9088
130-13.jpg,130,13,ok,-1.12,0.41,1.45,1.12,frontal,0.8881
130-14.jpg,130,14,ok,0.3,-0.57,1.39,0.3,frontal,0.8747
131-01.jpg,131,1,ok,-69.29,-4.75,-1.79,69.29,profile,0.8448
131-02.jpg,131,2,ok,-42.31,-3.49,-1.67,42.31,half-profile,0.8834
131-03.jpg,131,3,ok,-32.28,-4.12,-0.84,32.28,half-profile,0.8806
131-04.jpg,131,4,ok,-26.38,-3.58,-0.79,26.38,half-profile,0.8803
131-05.jpg,131,5,ok,-8.64,-2.4,-1.23,8.64,frontal,0.8602
131-06.jpg,131,6,ok,9.92,-2.6,-0.34,9.92,frontal,0.8771
131-07.jpg,131,7,ok,28.59,-0.01,0.63,28.59,half-profile,0.8416
131-08.jpg,131,8,ok,35.06,-0.53,-0.7,35.06,half-profile,0.8338
131-09.jpg,131,9,ok,44.97,0.11,-0.27,44.97,half-profile,0.8397
131-10.jpg,131,10,ok,67.12,6.09,5.77,67.12,profile,0.8134
131-11.jpg,131,11,ok,3.79,-2.64,0.49,3.79,frontal,0.9015
131-12.jpg,131,12,ok,0.85,-3.25,-1.69,0.85,frontal,0.8945
131-13.jpg,131,13,ok,-0.58,-2.62,-2.13,0.58,frontal,0.892
131-14.jpg,131,14,ok,0.3,-2.46,-1.67,0.3,frontal,0.8765
132-01.jpg,132,1,ok,-63.99,11.21,-11.41,63.99,profile,0.7939
132-02.jpg,132,2,ok,-49.36,7.61,-8.56,49.36,half-profile,0.8393
132-03.jpg,132,3,ok,-32.69,2.59,-5.02,32.69,half-profile,0.8564
132-04.jpg,132,4,ok,-29.29,3.95,-5.1,29.29,half-profile,0.8393
132-05.jpg,132,5,ok,-7.99,0.44,-2.88,7.99,frontal,0.8553
132-06.jpg,132,6,ok,4.26,-0.52,-2.29,4.26,frontal,0.8777
132-07.jpg,132,7,ok,20.57,-2.37,-0.47,20.57,half-profile,0.884
132-08.jpg,132,8,ok,25.76,-0.73,0.75,25.76,half-profile,0.8749
132-09.jpg,132,9,ok,40.83,-0.86,1.78,40.83,half-profile,0.8547
132-10.jpg,132,10,ok,60.24,8.31,9.64,60.24,profile,0.8167
132-11.jpg,132,11,ok,2.05,0.47,-0.76,2.05,frontal,0.8856
132-12.jpg,132,12,ok,-1.56,2.63,-1.79,1.56,frontal,0.8918
132-13.jpg,132,13,ok,0.27,1.74,-1.74,0.27,frontal,0.8832
132-14.jpg,132,14,ok,-0.43,1.79,-2.27,0.43,frontal,0.8732
133-01.jpg,133,1,ok,-69.12,20.27,-16.04,69.12,profile,0.8364
133-02.jpg,133,2,ok,-46.55,8.49,-4.65,46.55,half-profile,0.8751
133-03.jpg,133,3,ok,-30.6,6.82,-4.99,30.6,half-profile,0.8506
133-04.jpg,133,4,ok,-27.33,5.24,-3.28,27.33,half-profile,0.8543
133-05.jpg,133,5,ok,-10.2,3.3,-1.19,10.2,frontal,0.8972
133-06.jpg,133,6,ok,9.18,1.27,1.46,9.18,frontal,0.9077
133-07.jpg,133,7,ok,27.63,2.9,3.87,27.63,half-profile,0.8988
133-08.jpg,133,8,ok,34.55,2.49,5.13,34.55,half-profile,0.8981
133-09.jpg,133,9,ok,43.31,7.13,7.31,43.31,half-profile,0.8682
133-10.jpg,133,10,ok,67.7,21.05,20.65,67.7,profile,0.8375
133-11.jpg,133,11,ok,1.52,6.17,0.34,1.52,frontal,0.8819
133-12.jpg,133,12,ok,-1.22,6.45,-1.72,1.22,frontal,0.8936
133-13.jpg,133,13,ok,0.29,4.35,-0.68,0.29,frontal,0.8907
133-14.jpg,133,14,ok,-0.44,5.33,-0.12,0.44,frontal,0.8685
134-01.jpg,134,1,ok,-47.97,5.01,-6.62,47.97,half-profile,0.8512
134-02.jpg,134,2,ok,-31.35,-1.12,-4.52,31.35,half-profile,0.8795
134-03.jpg,134,3,ok,-18.7,0.02,-3.82,18.7,frontal,0.9041
134-04.jpg,134,4,ok,-15.91,-4.37,-2.32,15.91,frontal,0.8826
134-05.jpg,134,5,ok,-4.13,-2.76,-2.89,4.13,frontal,0.8886
134-06.jpg,134,6,ok,1.06,-1.68,-3.3,1.06,frontal,0.8543
134-07.jpg,134,7,ok,20.99,-2.45,0.95,20.99,half-profile,0.8708
134-08.jpg,134,8,ok,31.11,-0.21,4.17,31.11,half-profile,0.8625
134-09.jpg,134,9,ok,38.98,-1.93,1.15,38.98,half-profile,0.8488
134-10.jpg,134,10,ok,71.31,10.43,9.52,71.31,profile,0.8125
134-11.jpg,134,11,ok,2.93,-3.18,-1.9,2.93,frontal,0.8715
134-12.jpg,134,12,ok,3.4,-4.11,2.66,3.4,frontal,0.8748
134-13.jpg,134,13,ok,4.45,-3.68,-2.86,4.45,frontal,0.8609
134-14.jpg,134,14,ok,5.1,-1.74,1.35,5.1,frontal,0.8556
135-01.jpg,135,1,ok,-59.48,3.27,-5.07,59.48,half-profile,0.7841
135-02.jpg,135,2,ok,-36.66,-0.55,-1.68,36.66,half-profile,0.8356
135-03.jpg,135,3,ok,-23.69,-2.04,1.19,23.69,half-profile,0.8622
135-04.jpg,135,4,ok,-25.64,-2.66,1.86,25.64,half-profile,0.8687
135-05.jpg,135,5,ok,-10.66,-4.63,2.01,10.66,frontal,0.8776
135-06.jpg,135,6,ok,13.68,-1.85,0.24,13.68,frontal,0.8747
135-07.jpg,135,7,ok,20.54,-0.98,0.96,20.54,half-profile,0.8784
135-08.jpg,135,8,ok,31.33,-0.99,1.64,31.33,half-profile,0.8577
135-09.jpg,135,9,ok,43.2,1.36,0.48,43.2,half-profile,0.8658
135-10.jpg,135,10,ok,64.06,11.02,6.84,64.06,profile,0.7729
135-11.jpg,135,11,ok,8.29,-2.4,2.25,8.29,frontal,0.8726
135-12.jpg,135,12,ok,6.72,-3.52,1.12,6.72,frontal,0.8764
135-13.jpg,135,13,ok,2.79,-2.39,-0.05,2.79,frontal,0.8758
135-14.jpg,135,14,ok,4.54,-2.05,-0.84,4.54,frontal,0.8633
136-01.jpg,136,1,ok,-57.86,-7.84,-0.78,57.86,half-profile,0.8008
136-02.jpg,136,2,ok,-41.92,-7.9,-1.12,41.92,half-profile,0.8359
136-03.jpg,136,3,ok,-26.1,-8.01,-0.91,26.1,half-profile,0.8509
136-04.jpg,136,4,ok,-21.63,-9.54,-0.6,21.63,half-profile,0.8575
136-05.jpg,136,5,ok,-9.54,-10.66,-2.56,9.54,frontal,0.8697
136-06.jpg,136,6,ok,6.84,-9.48,-3.38,6.84,frontal,0.8639
136-07.jpg,136,7,ok,11.81,-9.06,-6.08,11.81,frontal,0.8684
136-08.jpg,136,8,ok,17.93,-10.42,-5.84,17.93,frontal,0.862
136-09.jpg,136,9,ok,30.49,-7.54,-4.98,30.49,half-profile,0.8541
136-10.jpg,136,10,ok,54.21,-7.07,-5.67,54.21,half-profile,0.8077
136-11.jpg,136,11,ok,-0.27,-6.25,-5.05,0.27,frontal,0.8827
136-12.jpg,136,12,ok,0.16,-8.19,-0.57,0.16,frontal,0.886
136-13.jpg,136,13,ok,-6.02,-9.31,-6.78,6.02,frontal,0.8886
136-14.jpg,136,14,ok,-7.35,-9.41,-7.85,7.35,frontal,0.8794
137-01.jpg,137,1,ok,-63.08,0.19,0.04,63.08,profile,0.7966
137-02.jpg,137,2,ok,-38.71,-7.16,1.84,38.71,half-profile,0.8419
137-03.jpg,137,3,ok,-25.14,-2.19,0.69,25.14,half-profile,0.8613
137-04.jpg,137,4,ok,-19.02,-2.39,0.5,19.02,frontal,0.865
137-05.jpg,137,5,ok,-6.57,-2.02,-0.32,6.57,frontal,0.853
137-06.jpg,137,6,ok,10.89,-2.26,-2.07,10.89,frontal,0.8502
137-07.jpg,137,7,ok,23.51,-0.47,-1.57,23.51,half-profile,0.8396
137-08.jpg,137,8,ok,33.82,-0.96,-0.55,33.82,half-profile,0.8354
137-09.jpg,137,9,ok,43.04,0.24,-2.53,43.04,half-profile,0.8319
137-10.jpg,137,10,ok,62.83,4.89,-2.4,62.83,profile,0.7628
137-11.jpg,137,11,ok,1.22,-1.73,-0.89,1.22,frontal,0.8469
137-12.jpg,137,12,ok,2.16,-2.01,0.92,2.16,frontal,0.8672
137-13.jpg,137,13,ok,0.45,-2.87,-0.5,0.45,frontal,0.8524
137-14.jpg,137,14,ok,-0.34,-2.53,-0.89,0.34,frontal,0.843
138-01.jpg,138,1,ok,-72.38,1.73,6.71,72.38,profile,0.8024
138-02.jpg,138,2,ok,-55.49,1.41,-0.26,55.49,half-profile,0.8387
138-03.jpg,138,3,ok,-47.63,1.29,-1.28,47.63,half-profile,0.8375
138-04.jpg,138,4,ok,-30.61,1.14,1.34,30.61,half-profile,0.8929
138-05.jpg,138,5,ok,-7.09,5.42,1.85,7.09,frontal,0.8997
138-06.jpg,138,6,ok,12.63,4.94,1.32,12.63,frontal,0.8711
138-07.jpg,138,7,ok,31.4,7.86,5.78,31.4,half-profile,0.8539
138-08.jpg,138,8,ok,45.14,7.66,5.44,45.14,half-profile,0.8129
138-09.jpg,138,9,ok,48.48,8.31,1.94,48.48,half-profile,0.829
138-10.jpg,138,10,ok,78.66,33.51,29.97,78.66,profile,0.7663
138-11.jpg,138,11,ok,1.07,3.96,2.66,1.07,frontal,0.853
138-12.jpg,138,12,ok,2.16,1.98,4.29,2.16,frontal,0.873
138-13.jpg,138,13,ok,2.67,3.1,1.49,2.67,frontal,0.8996
138-14.jpg,138,14,ok,4.29,-1.08,2.74,4.29,frontal,0.844
139-01.jpg,139,1,ok,-57.23,3.75,3.08,57.23,half-profile,0.8149
139-02.jpg,139,2,ok,-33.38,2.33,5.34,33.38,half-profile,0.8556
139-03.jpg,139,3,ok,-30.11,0.87,4.99,30.11,half-profile,0.8654
139-04.jpg,139,4,ok,-18.45,2.46,6.01,18.45,frontal,0.8753
139-05.jpg,139,5,ok,-5.46,3.23,4.29,5.46,frontal,0.8737
139-06.jpg,139,6,ok,9.11,3.16,2.51,9.11,frontal,0.8492
139-07.jpg,139,7,ok,27.18,1.77,1.62,27.18,half-profile,0.8582
139-08.jpg,139,8,ok,29.6,5.72,2.46,29.6,half-profile,0.8402
139-09.jpg,139,9,ok,28.58,6.01,4.09,28.58,half-profile,0.8056
139-10.jpg,139,10,ok,62.85,15.53,10.88,62.85,profile,0.713
139-11.jpg,139,11,ok,4.74,-1.73,4.58,4.74,frontal,0.8596
139-12.jpg,139,12,ok,2.97,4.86,5.18,2.97,frontal,0.8603
139-13.jpg,139,13,ok,2.23,1.15,6.3,2.23,frontal,0.8554
139-14.jpg,139,14,ok,1.4,0.97,3.78,1.4,frontal,0.8358
14-01.jpg,14,1,ok,-59.81,-3.52,0.87,59.81,half-profile,0.8111
14-02.jpg,14,2,ok,-46.33,-6.21,2.93,46.33,half-profile,0.894
14-03.jpg,14,3,ok,-37.51,-7.59,3.31,37.51,half-profile,0.8768
14-04.jpg,14,4,ok,-30.52,-5.09,1.78,30.52,half-profile,0.9065
14-05.jpg,14,5,ok,-16.86,-7.47,0.82,16.86,frontal,0.9036
14-06.jpg,14,6,ok,7.0,-6.74,-1.29,7.0,frontal,0.901
14-07.jpg,14,7,ok,20.49,-8.37,-2.04,20.49,half-profile,0.8672
14-08.jpg,14,8,ok,30.12,-4.79,-1.66,30.12,half-profile,0.897
14-09.jpg,14,9,ok,36.79,-4.74,-0.32,36.79,half-profile,0.8648
14-10.jpg,14,10,ok,68.73,0.04,5.55,68.73,profile,0.8214
14-11.jpg,14,11,ok,0.65,-2.9,2.99,0.65,frontal,0.903
14-12.jpg,14,12,ok,-0.58,1.5,2.07,0.58,frontal,0.8689
14-13.jpg,14,13,ok,-1.11,-6.04,1.31,1.11,frontal,0.9062
14-14.jpg,14,14,ok,0.04,-4.35,1.11,0.04,frontal,0.8972
140-01.jpg,140,1,ok,-64.8,-8.61,-1.17,64.8,profile,0.8274
140-02.jpg,140,2,ok,-48.01,-10.77,1.8,48.01,half-profile,0.8549
140-03.jpg,140,3,ok,-36.46,-10.69,3.13,36.46,half-profile,0.8884
140-04.jpg,140,4,ok,-26.19,-10.32,4.48,26.19,half-profile,0.8769
140-05.jpg,140,5,ok,-13.24,-9.12,4.88,13.24,frontal,0.8917
140-06.jpg,140,6,ok,2.89,-7.41,5.04,2.89,frontal,0.8843
140-07.jpg,140,7,ok,15.86,-6.78,6.46,15.86,frontal,0.8684
140-08.jpg,140,8,ok,25.36,-5.84,7.06,25.36,half-profile,0.8978
140-09.jpg,140,9,ok,38.16,-2.67,7.37,38.16,half-profile,0.8475
140-10.jpg,140,10,ok,72.18,13.13,24.5,72.18,profile,0.7803
140-11.jpg,140,11,ok,3.33,-2.14,5.31,3.33,frontal,0.9002
140-12.jpg,140,12,ok,5.89,-6.38,6.78,5.89,frontal,0.9117
140-13.jpg,140,13,ok,1.33,-4.46,4.52,1.33,frontal,0.8877
140-14.jpg,140,14,ok,0.92,-4.31,4.81,0.92,frontal,0.8953
141-01.jpg,141,1,ok,-55.65,0.13,-7.43,55.65,half-profile,0.82
141-02.jpg,141,2,ok,-42.03,-3.71,-4.83,42.03,half-profile,0.8581
141-03.jpg,141,3,ok,-32.06,-3.53,-4.39,32.06,half-profile,0.8594
141-04.jpg,141,4,ok,-24.03,-4.16,-3.8,24.03,half-profile,0.8545
141-05.jpg,141,5,ok,-7.49,-3.88,-2.18,7.49,frontal,0.8977
141-06.jpg,141,6,ok,11.07,-5.08,0.04,11.07,frontal,0.8736
141-07.jpg,141,7,ok,21.78,-6.95,0.6,21.78,half-profile,0.889
141-08.jpg,141,8,ok,25.89,-6.13,2.27,25.89,half-profile,0.8886
141-09.jpg,141,9,ok,37.82,-5.88,3.17,37.82,half-profile,0.8747
141-10.jpg,141,10,ok,66.11,3.25,9.74,66.11,profile,0.7859
141-11.jpg,141,11,ok,5.96,-7.42,-0.64,5.96,frontal,0.8839
141-12.jpg,141,12,ok,-0.56,-9.35,-1.56,0.56,frontal,0.9116
141-13.jpg,141,13,ok,-1.3,-4.21,-1.8,1.3,frontal,0.8917
141-14.jpg,141,14,ok,-0.01,-6.2,-1.69,0.01,frontal,0.8662
142-01.jpg,142,1,ok,-55.7,12.61,-14.5,55.7,half-profile,0.824
142-02.jpg,142,2,ok,-38.82,4.16,-4.94,38.82,half-profile,0.8417
142-03.jpg,142,3,ok,-29.18,4.27,-5.58,29.18,half-profile,0.8656
142-04.jpg,142,4,ok,-21.31,2.92,-5.88,21.31,half-profile,0.8737
142-05.jpg,142,5,ok,-14.04,1.14,-3.06,14.04,frontal,0.8734
142-06.jpg,142,6,ok,12.83,1.21,0.63,12.83,frontal,0.8424
142-07.jpg,142,7,ok,22.02,2.5,3.84,22.02,half-profile,0.8571
142-08.jpg,142,8,ok,29.28,4.86,6.73,29.28,half-profile,0.8416
142-09.jpg,142,9,ok,33.53,5.08,7.74,33.53,half-profile,0.8481
142-10.jpg,142,10,ok,60.22,13.32,14.22,60.22,profile,0.7703
142-11.jpg,142,11,ok,3.94,2.16,-1.18,3.94,frontal,0.8832
142-12.jpg,142,12,ok,4.55,1.7,-2.2,4.55,frontal,0.8746
142-13.jpg,142,13,ok,3.4,2.8,-0.78,3.4,frontal,0.8895
142-14.jpg,142,14,ok,3.77,2.28,-0.56,3.77,frontal,0.8833
143-01.jpg,143,1,ok,-63.09,-0.11,1.53,63.09,profile,0.7998
143-02.jpg,143,2,ok,-47.22,5.34,-1.22,47.22,half-profile,0.8417
143-03.jpg,143,3,ok,-23.17,6.94,-2.84,23.17,half-profile,0.8854
143-04.jpg,143,4,ok,-23.38,6.92,-2.99,23.38,half-profile,0.8903
143-05.jpg,143,5,ok,-13.0,7.44,-2.74,13.0,frontal,0.8755
143-06.jpg,143,6,ok,13.76,8.36,-5.87,13.76,frontal,0.8857
143-07.jpg,143,7,ok,22.46,6.88,-4.45,22.46,half-profile,0.8464
143-08.jpg,143,8,ok,30.22,6.26,-8.22,30.22,half-profile,0.8563
143-09.jpg,143,9,ok,35.92,4.94,-7.05,35.92,half-profile,0.8399
143-10.jpg,143,10,ok,62.22,-0.75,-9.39,62.22,profile,0.803
143-11.jpg,143,11,ok,-4.53,7.54,-2.9,4.53,frontal,0.8988
143-12.jpg,143,12,ok,-2.58,5.28,-3.03,2.58,frontal,0.9021
143-13.jpg,143,13,ok,-2.91,8.39,-3.96,2.91,frontal,0.8643
143-14.jpg,143,14,ok,-3.58,9.04,-4.49,3.58,frontal,0.874
144-01.jpg,144,1,ok,-62.47,-13.32,15.05,62.47,profile,0.7088
144-02.jpg,144,2,ok,-44.32,-0.87,3.21,44.32,half-profile,0.7376
144-03.jpg,144,3,ok,-25.75,1.34,2.18,25.75,half-profile,0.8028
144-04.jpg,144,4,ok,-20.04,-0.1,2.52,20.04,half-profile,0.816
144-05.jpg,144,5,ok,-4.92,0.46,2.43,4.92,frontal,0.8597
144-06.jpg,144,6,ok,8.96,2.6,1.58,8.96,frontal,0.8437
144-07.jpg,144,7,ok,22.69,3.07,1.99,22.69,half-profile,0.8316
144-08.jpg,144,8,ok,36.18,4.74,2.48,36.18,half-profile,0.7927
144-09.jpg,144,9,ok,41.59,5.54,3.0,41.59,half-profile,0.7712
144-10.jpg,144,10,ok,74.18,3.35,-1.54,74.18,profile,0.7304
144-11.jpg,144,11,ok,3.82,1.14,1.86,3.82,frontal,0.8534
144-12.jpg,144,12,ok,3.74,0.71,2.03,3.74,frontal,0.8639
144-13.jpg,144,13,ok,2.33,4.12,1.66,2.33,frontal,0.8595
144-14.jpg,144,14,ok,2.01,2.81,0.91,2.01,frontal,0.8684
145-01.jpg,145,1,ok,-64.98,5.0,-2.63,64.98,profile,0.7905
145-02.jpg,145,2,ok,-45.06,3.02,-1.45,45.06,half-profile,0.8322
145-03.jpg,145,3,ok,-39.22,0.55,-0.45,39.22,half-profile,0.8504
145-04.jpg,145,4,ok,-22.14,0.85,-0.06,22.14,half-profile,0.8993
145-05.jpg,145,5,ok,-18.97,0.85,-0.91,18.97,frontal,0.893
145-06.jpg,145,6,ok,8.73,0.52,-0.66,8.73,frontal,0.8819
145-07.jpg,145,7,ok,18.09,-0.11,-2.17,18.09,frontal,0.8883
145-08.jpg,145,8,ok,26.33,-0.65,-1.78,26.33,half-profile,0.8895
145-09.jpg,145,9,ok,40.7,0.84,-3.89,40.7,half-profile,0.8275
145-10.jpg,145,10,ok,80.66,2.81,-2.55,80.66,profile,0.7724
145-11.jpg,145,11,ok,2.64,-2.78,1.41,2.64,frontal,0.9001
145-12.jpg,145,12,ok,3.39,-4.13,3.61,3.39,frontal,0.9049
145-13.jpg,145,13,ok,3.69,-3.3,3.03,3.69,frontal,0.9009
145-14.jpg,145,14,ok,3.66,-3.09,1.91,3.66,frontal,0.898
146-01.jpg,146,1,ok,-84.19,37.62,-34.61,84.19,profile,0.7578
146-02.jpg,146,2,ok,-52.36,10.91,-7.91,52.36,half-profile,0.8366
146-03.jpg,146,3,ok,-29.59,11.3,-7.68,29.59,half-profile,0.9032
146-04.jpg,146,4,ok,-16.43,4.35,-4.19,16.43,frontal,0.9223
146-05.jpg,146,5,ok,-2.35,4.59,-1.6,2.35,frontal,0.9164
146-06.jpg,146,6,ok,11.67,4.64,-0.58,11.67,frontal,0.9058
146-07.jpg,146,7,ok,25.34,5.74,-0.08,25.34,half-profile,0.8947
146-08.jpg,146,8,ok,37.68,6.8,3.21,37.68,half-profile,0.8772
146-09.jpg,146,9,ok,48.28,0.78,-7.15,48.28,half-profile,0.8637
146-10.jpg,146,10,ok,83.9,-5.71,-10.52,83.9,profile,0.8092
146-11.jpg,146,11,ok,9.02,5.57,0.34,9.02,frontal,0.8664
146-12.jpg,146,12,ok,7.9,4.01,2.43,7.9,frontal,0.8988
146-13.jpg,146,13,ok,6.66,6.96,0.83,6.66,frontal,0.9052
146-14.jpg,146,14,ok,2.52,5.6,1.57,2.52,frontal,0.8841
147-01.jpg,147,1,ok,-77.82,-5.69,3.32,77.82,profile,0.7598
147-02.jpg,147,2,ok,-47.7,-5.44,4.55,47.7,half-profile,0.8572
147-03.jpg,147,3,ok,-38.08,-3.79,1.99,38.08,half-profile,0.874
147-04.jpg,147,4,ok,-30.58,-4.37,2.53,30.58,half-profile,0.8778
147-05.jpg,147,5,ok,-13.38,-3.75,2.62,13.38,frontal,0.8987
147-06.jpg,147,6,ok,12.2,-0.82,4.61,12.2,frontal,0.8738
147-07.jpg,147,7,ok,30.73,-0.04,3.98,30.73,half-profile,0.8741
147-08.jpg,147,8,ok,38.18,1.89,4.13,38.18,half-profile,0.845
147-09.jpg,147,9,ok,46.02,3.63,5.52,46.02,half-profile,0.8495
147-10.jpg,147,10,ok,73.77,16.8,17.47,73.77,profile,0.795
147-11.jpg,147,11,ok,0.44,-1.22,-0.2,0.44,frontal,0.8898
147-12.jpg,147,12,ok,4.08,-3.87,0.59,4.08,frontal,0.8996
147-13.jpg,147,13,ok,0.79,-3.87,-1.38,0.79,frontal,0.8877
147-14.jpg,147,14,ok,1.78,-3.14,0.51,1.78,frontal,0.8884
148-01.jpg,148,1,ok,-78.42,28.21,-28.55,78.42,profile,0.8356
148-02.jpg,148,2,ok,-52.33,9.81,-12.13,52.33,half-profile,0.808
148-03.jpg,148,3,ok,-36.62,0.68,-3.01,36.62,half-profile,0.8851
148-04.jpg,148,4,ok,-30.54,-1.34,-2.69,30.54,half-profile,0.8416
148-05.jpg,148,5,ok,-10.52,-2.42,-1.36,10.52,frontal,0.8837
148-06.jpg,148,6,ok,7.94,-5.3,-1.25,7.94,frontal,0.8875
148-07.jpg,148,7,ok,26.05,-4.08,-2.33,26.05,half-profile,0.8714
148-08.jpg,148,8,ok,35.96,-2.23,-1.85,35.96,half-profile,0.8403
148-09.jpg,148,9,ok,51.24,-0.98,-2.35,51.24,half-profile,0.836
148-10.jpg,148,10,ok,81.27,26.05,20.97,81.27,profile,0.8346
148-11.jpg,148,11,ok,0.47,-3.2,-2.61,0.47,frontal,0.8599
148-12.jpg,148,12,ok,1.13,-4.49,-2.48,1.13,frontal,0.8743
148-13.jpg,148,13,ok,-2.09,-7.25,-3.1,2.09,frontal,0.8834
148-14.jpg,148,14,ok,-1.71,-7.1,-2.78,1.71,frontal,0.878
149-01.jpg,149,1,ok,-71.39,5.71,-7.85,71.39,profile,0.7711
149-02.jpg,149,2,ok,-50.77,0.37,-6.19,50.77,half-profile,0.8233
149-03.jpg,149,3,ok,-39.66,-0.65,-4.56,39.66,half-profile,0.8183
149-04.jpg,149,4,ok,-29.64,-2.03,-3.53,29.64,half-profile,0.8919
149-05.jpg,149,5,ok,-11.19,-3.1,-0.26,11.19,frontal,0.8636
149-06.jpg,149,6,ok,15.5,-3.14,2.84,15.5,frontal,0.879
149-07.jpg,149,7,ok,22.4,-3.36,3.18,22.4,half-profile,0.8822
149-08.jpg,149,8,ok,32.54,-1.49,4.05,32.54,half-profile,0.8426
149-09.jpg,149,9,ok,43.04,0.41,6.06,43.04,half-profile,0.853
149-10.jpg,149,10,ok,69.71,7.65,6.12,69.71,profile,0.785
149-11.jpg,149,11,ok,1.4,-0.22,-3.24,1.4,frontal,0.9007
149-12.jpg,149,12,ok,0.04,-0.04,-4.24,0.04,frontal,0.895
149-13.jpg,149,13,ok,-0.92,-1.47,-2.0,0.92,frontal,0.8852
149-14.jpg,149,14,ok,-1.85,-3.23,-2.23,1.85,frontal,0.8903
15-01.jpg,15,1,ok,-65.88,8.1,-10.64,65.88,profile,0.8396
15-02.jpg,15,2,ok,-30.02,0.24,-3.76,30.02,half-profile,0.8954
15-03.jpg,15,3,ok,-22.31,5.57,-1.52,22.31,half-profile,0.8599
15-04.jpg,15,4,ok,-16.53,-0.87,-1.88,16.53,frontal,0.8834
15-05.jpg,15,5,ok,-15.45,-1.47,-3.39,15.45,frontal,0.8791
15-06.jpg,15,6,ok,0.03,-1.09,-0.01,0.03,frontal,0.8902
15-07.jpg,15,7,ok,9.3,-1.02,-2.59,9.3,frontal,0.8936
15-08.jpg,15,8,ok,13.12,-2.47,-2.97,13.12,frontal,0.8933
15-09.jpg,15,9,ok,21.4,0.91,-1.02,21.4,half-profile,0.883
15-10.jpg,15,10,ok,61.34,-2.78,-7.87,61.34,profile,0.8316
15-11.jpg,15,11,ok,-2.96,-3.01,-1.63,2.96,frontal,0.889
15-12.jpg,15,12,ok,-4.14,0.1,-3.88,4.14,frontal,0.887
15-13.jpg,15,13,ok,0.16,0.31,-1.84,0.16,frontal,0.886
15-14.jpg,15,14,ok,0.86,-0.45,0.15,0.86,frontal,0.889
150-01.jpg,150,1,ok,-64.67,17.44,-18.85,64.67,profile,0.866
150-02.jpg,150,2,ok,-42.98,6.59,-7.41,42.98,half-profile,0.8844
150-03.jpg,150,3,ok,-32.3,-0.88,-4.68,32.3,half-profile,0.8514
150-04.jpg,150,4,ok,-29.73,-0.71,-4.03,29.73,half-profile,0.9018
150-05.jpg,150,5,ok,-12.07,0.64,-5.75,12.07,frontal,0.9184
150-06.jpg,150,6,ok,14.81,0.31,-0.44,14.81,frontal,0.9054
150-07.jpg,150,7,ok,26.37,0.06,1.89,26.37,half-profile,0.8925
150-08.jpg,150,8,ok,40.41,4.48,7.13,40.41,half-profile,0.8906
150-09.jpg,150,9,ok,45.68,5.19,6.4,45.68,half-profile,0.8871
150-10.jpg,150,10,ok,77.16,32.83,29.62,77.16,profile,0.7636
150-11.jpg,150,11,ok,5.9,-0.5,0.35,5.9,frontal,0.89
150-12.jpg,150,12,ok,6.58,-2.36,0.67,6.58,frontal,0.9033
150-13.jpg,150,13,ok,5.38,-0.14,1.03,5.38,frontal,0.8833
150-14.jpg,150,14,ok,4.86,0.2,1.67,4.86,frontal,0.8823
151-01.jpg,151,1,ok,-73.5,26.13,-28.84,73.5,profile,0.778
151-02.jpg,151,2,ok,-39.92,-2.59,-3.97,39.92,half-profile,0.9014
151-03.jpg,151,3,ok,-25.51,-1.5,-2.9,25.51,half-profile,0.9069
151-04.jpg,151,4,ok,-18.47,-7.5,-0.32,18.47,frontal,0.9189
151-05.jpg,151,5,ok,-7.08,-6.23,0.47,7.08,frontal,0.9126
151-06.jpg,151,6,ok,14.24,-1.25,1.31,14.24,frontal,0.9131
151-07.jpg,151,7,ok,22.63,0.41,3.0,22.63,half-profile,0.9056
151-08.jpg,151,8,ok,30.41,-0.08,3.22,30.41,half-profile,0.8801
151-09.jpg,151,9,ok,44.69,2.37,5.59,44.69,half-profile,0.8471
151-10.jpg,151,10,ok,71.22,35.69,32.7,71.22,profile,0.7926
151-11.jpg,151,11,ok,3.12,-0.42,-2.17,3.12,frontal,0.9207
151-12.jpg,151,12,ok,5.88,-3.03,0.86,5.88,frontal,0.9161
151-13.jpg,151,13,ok,4.04,-2.25,1.25,4.04,frontal,0.9193
151-14.jpg,151,14,ok,7.9,-5.36,2.85,7.9,frontal,0.9172
152-01.jpg,152,1,ok,-60.87,20.42,-29.27,60.87,profile,0.8113
152-02.jpg,152,2,ok,-39.96,7.26,-13.24,39.96,half-profile,0.837
152-03.jpg,152,3,ok,-30.57,-3.34,-2.47,30.57,half-profile,0.8548
152-04.jpg,152,4,ok,-26.71,-0.82,-5.12,26.71,half-profile,0.8706
152-05.jpg,152,5,ok,-9.67,-6.16,-1.8,9.67,frontal,0.8889
152-06.jpg,152,6,ok,8.46,-0.27,-5.2,8.46,frontal,0.8616
152-07.jpg,152,7,ok,23.13,-4.0,-0.64,23.13,half-profile,0.8762
152-08.jpg,152,8,ok,25.92,-2.23,-0.99,25.92,half-profile,0.8423
152-09.jpg,152,9,ok,29.77,-3.39,-0.22,29.77,half-profile,0.8527
152-10.jpg,152,10,ok,66.07,2.72,10.28,66.07,profile,0.7775
152-11.jpg,152,11,ok,0.02,-6.26,-4.24,0.02,frontal,0.8853
152-12.jpg,152,12,ok,0.64,-5.83,-5.29,0.64,frontal,0.9012
152-13.jpg,152,13,ok,-0.87,-5.16,-4.89,0.87,frontal,0.8762
152-14.jpg,152,14,ok,-1.47,-3.85,-4.91,1.47,frontal,0.8855
153-01.jpg,153,1,ok,-58.5,9.17,-11.45,58.5,half-profile,0.8771
153-02.jpg,153,2,ok,-52.47,2.69,-5.68,52.47,half-profile,0.8307
153-03.jpg,153,3,ok,-41.93,1.25,-2.97,41.93,half-profile,0.8283
153-04.jpg,153,4,ok,-37.96,0.62,-2.38,37.96,half-profile,0.8945
153-05.jpg,153,5,ok,-19.13,-0.64,-2.27,19.13,frontal,0.8738
153-06.jpg,153,6,ok,15.79,3.41,2.23,15.79,frontal,0.876
153-07.jpg,153,7,ok,31.71,5.63,4.33,31.71,half-profile,0.861
153-08.jpg,153,8,ok,38.24,7.15,5.89,38.24,half-profile,0.8674
153-09.jpg,153,9,ok,47.97,6.23,6.25,47.97,half-profile,0.8324
153-10.jpg,153,10,ok,72.24,17.0,16.76,72.24,profile,0.8187
153-11.jpg,153,11,ok,3.62,3.68,1.22,3.62,frontal,0.8745
153-12.jpg,153,12,ok,2.81,2.9,2.08,2.81,frontal,0.8974
153-13.jpg,153,13,ok,-2.84,4.23,-0.68,2.84,frontal,0.8747
153-14.jpg,153,14,ok,-3.67,3.33,-0.71,3.67,frontal,0.8792
154-01.jpg,154,1,ok,-76.6,17.77,-16.96,76.6,profile,0.828
154-02.jpg,154,2,ok,-53.27,4.03,-2.77,53.27,half-profile,0.872
154-03.jpg,154,3,ok,-35.3,2.81,-1.07,35.3,half-profile,0.8638
154-04.jpg,154,4,ok,-32.82,3.64,-0.93,32.82,half-profile,0.8788
154-05.jpg,154,5,ok,-15.7,-0.31,-0.74,15.7,frontal,0.8812
154-06.jpg,154,6,ok,9.21,1.75,-1.12,9.21,frontal,0.8782
154-07.jpg,154,7,ok,25.79,1.55,-0.02,25.79,half-profile,0.8617
154-08.jpg,154,8,ok,34.61,2.09,-0.71,34.61,half-profile,0.8399
154-09.jpg,154,9,ok,44.6,3.73,-2.6,44.6,half-profile,0.8447
154-10.jpg,154,10,ok,71.18,16.9,9.68,71.18,profile,0.8009
154-11.jpg,154,11,ok,0.96,-0.8,-1.26,0.96,frontal,0.8533
154-12.jpg,154,12,ok,-0.03,0.53,-1.81,0.03,frontal,0.8637
154-13.jpg,154,13,ok,0.25,0.53,-1.17,0.25,frontal,0.8765
154-14.jpg,154,14,ok,0.57,0.29,-0.58,0.57,frontal,0.8641
155-01.jpg,155,1,ok,-74.14,3.67,-2.91,74.14,profile,0.7223
155-02.jpg,155,2,ok,-36.73,-2.73,1.03,36.73,half-profile,0.886
155-03.jpg,155,3,ok,-25.31,-1.71,0.31,25.31,half-profile,0.9035
155-04.jpg,155,4,ok,-16.92,-0.62,-0.8,16.92,frontal,0.9117
155-05.jpg,155,5,ok,-3.87,-0.87,0.53,3.87,frontal,0.907
155-06.jpg,155,6,ok,6.89,1.16,-1.06,6.89,frontal,0.8802
155-07.jpg,155,7,ok,15.89,1.71,-1.55,15.89,frontal,0.8676
155-08.jpg,155,8,ok,23.54,3.14,-1.76,23.54,half-profile,0.8705
155-09.jpg,155,9,ok,42.76,-3.33,-5.1,42.76,half-profile,0.847
155-10.jpg,155,10,ok,66.89,8.88,10.49,66.89,profile,0.7836
155-11.jpg,155,11,ok,3.03,-0.49,2.13,3.03,frontal,0.8424
155-12.jpg,155,12,ok,1.85,1.03,2.44,1.85,frontal,0.8779
155-13.jpg,155,13,ok,-1.53,1.39,0.88,1.53,frontal,0.8951
155-14.jpg,155,14,ok,0.44,0.83,1.73,0.44,frontal,0.8888
156-01.jpg,156,1,ok,-71.0,-3.33,2.97,71.0,profile,0.703
156-02.jpg,156,2,ok,-50.51,2.14,-5.38,50.51,half-profile,0.7946
156-03.jpg,156,3,ok,-35.73,0.46,-4.53,35.73,half-profile,0.8397
156-04.jpg,156,4,ok,-27.79,-0.85,-2.74,27.79,half-profile,0.8244
156-05.jpg,156,5,ok,-9.85,-0.62,-3.54,9.85,frontal,0.8472
156-06.jpg,156,6,ok,4.44,-2.54,-3.41,4.44,frontal,0.8292
156-07.jpg,156,7,ok,18.71,-2.4,-3.6,18.71,frontal,0.8148
156-08.jpg,156,8,ok,32.92,-0.88,-1.72,32.92,half-profile,0.7855
156-09.jpg,156,9,ok,40.94,-3.39,-3.17,40.94,half-profile,0.7656
156-10.jpg,156,10,ok,62.9,-9.82,-11.25,62.9,profile,0.6377
156-11.jpg,156,11,ok,0.12,-3.0,-3.66,0.12,frontal,0.8478
156-12.jpg,156,12,ok,-0.41,-2.38,-2.92,0.41,frontal,0.872
156-13.jpg,156,13,ok,-2.46,-2.64,-3.8,2.46,frontal,0.8407
156-14.jpg,156,14,ok,-2.35,-3.8,-3.61,2.35,frontal,0.8397
157-01.jpg,157,1,ok,-48.47,3.97,-0.43,48.47,half-profile,0.8354
157-02.jpg,157,2,ok,-39.16,0.97,-0.47,39.16,half-profile,0.8768
157-03.jpg,157,3,ok,-29.51,-2.84,-2.08,29.51,half-profile,0.8859
157-04.jpg,157,4,ok,-24.77,-4.22,-0.51,24.77,half-profile,0.8849
157-05.jpg,157,5,ok,-8.16,-10.17,0.47,8.16,frontal,0.8712
157-06.jpg,157,6,ok,9.18,-8.13,0.8,9.18,frontal,0.8763
157-07.jpg,157,7,ok,23.24,-0.73,1.96,23.24,half-profile,0.852
157-08.jpg,157,8,ok,28.55,0.01,4.07,28.55,half-profile,0.8643
157-09.jpg,157,9,ok,37.2,3.58,3.75,37.2,half-profile,0.8422
157-10.jpg,157,10,ok,57.01,9.42,7.14,57.01,half-profile,0.8035
157-11.jpg,157,11,ok,-0.12,-6.09,0.42,0.12,frontal,0.8717
157-12.jpg,157,12,ok,-2.14,-8.97,-4.86,2.14,frontal,0.8819
157-13.jpg,157,13,ok,-1.09,-8.55,0.61,1.09,frontal,0.8705
157-14.jpg,157,14,ok,-1.25,-8.43,-0.25,1.25,frontal,0.8584
158-01.jpg,158,1,ok,-67.56,8.27,-2.43,67.56,profile,0.806
158-02.jpg,158,2,ok,-50.21,9.16,-6.19,50.21,half-profile,0.8666
158-03.jpg,158,3,ok,-38.68,6.87,-4.93,38.68,half-profile,0.8906
158-04.jpg,158,4,ok,-27.84,3.77,-2.27,27.84,half-profile,0.8857
158-05.jpg,158,5,ok,-11.2,4.1,-2.68,11.2,frontal,0.903
158-06.jpg,158,6,ok,7.92,5.51,1.61,7.92,frontal,0.8977
158-07.jpg,158,7,ok,27.86,5.59,-0.61,27.86,half-profile,0.8829
158-08.jpg,158,8,ok,33.8,4.61,1.75,33.8,half-profile,0.8633
158-09.jpg,158,9,ok,45.49,7.79,0.96,45.49,half-profile,0.7958
158-10.jpg,158,10,ok,79.13,25.69,17.8,79.13,profile,0.7432
158-11.jpg,158,11,ok,5.99,3.05,3.18,5.99,frontal,0.8945
158-12.jpg,158,12,ok,2.89,-0.33,4.5,2.89,frontal,0.9033
158-13.jpg,158,13,ok,4.93,1.88,3.94,4.93,frontal,0.8964
158-14.jpg,158,14,ok,5.38,1.4,4.14,5.38,frontal,0.8946
159-01.jpg,159,1,ok,-61.86,7.49,-16.15,61.86,profile,0.8586
159-02.jpg,159,2,ok,-49.36,1.48,-7.15,49.36,half-profile,0.8911
159-03.jpg,159,3,ok,-38.51,1.48,-9.82,38.51,half-profile,0.8824
159-04.jpg,159,4,ok,-35.19,-4.13,-7.76,35.19,half-profile,0.8977
159-05.jpg,159,5,ok,-17.6,-1.07,-8.16,17.6,frontal,0.8918
159-06.jpg,159,6,ok,9.21,-7.2,-2.32,9.21,frontal,0.919
159-07.jpg,159,7,ok,19.8,-6.29,-5.79,19.8,frontal,0.8976
159-08.jpg,159,8,ok,33.21,-3.67,-1.77,33.21,half-profile,0.8848
159-09.jpg,159,9,ok,41.92,-0.4,2.24,41.92,half-profile,0.8817
159-10.jpg,159,10,ok,62.68,14.84,13.64,62.68,profile,0.8201
159-11.jpg,159,11,ok,-7.47,-3.39,-7.95,7.47,frontal,0.908
159-12.jpg,159,12,ok,-6.82,-4.92,-10.12,6.82,frontal,0.9206
159-13.jpg,159,13,ok,-6.2,-5.61,-7.53,6.2,frontal,0.9179
159-14.jpg,159,14,ok,-4.96,-5.49,-5.51,4.96,frontal,0.9042
16-01.jpg,16,1,ok,-65.72,10.3,-10.54,65.72,profile,0.8465
16-02.jpg,16,2,ok,-42.16,2.76,-3.16,42.16,half-profile,0.8737
16-03.jpg,16,3,ok,-35.39,2.41,-3.66,35.39,half-profile,0.8848
16-04.jpg,16,4,ok,-30.36,3.05,-6.19,30.36,half-profile,0.9007
16-05.jpg,16,5,ok,-11.9,0.19,-4.32,11.9,frontal,0.8995
16-06.jpg,16,6,ok,8.92,-2.49,-4.11,8.92,frontal,0.905
16-07.jpg,16,7,ok,29.69,-0.01,-2.15,29.69,half-profile,0.9038
16-08.jpg,16,8,ok,35.02,1.69,-1.27,35.02,half-profile,0.8897
16-09.jpg,16,9,ok,42.68,-0.39,-2.15,42.68,half-profile,0.8799
16-10.jpg,16,10,ok,64.43,1.43,1.65,64.43,profile,0.8284
16-11.jpg,16,11,ok,-1.22,0.63,-1.71,1.22,frontal,0.8769
16-12.jpg,16,12,ok,-0.33,-0.22,-2.19,0.33,frontal,0.8846
16-13.jpg,16,13,ok,-1.37,-0.66,-1.97,1.37,frontal,0.8851
16-14.jpg,16,14,ok,-0.69,-1.09,-2.21,0.69,frontal,0.8907
160-01.jpg,160,1,ok,-68.15,6.16,-0.3,68.15,profile,0.7779
160-02.jpg,160,2,ok,-40.5,15.27,-9.13,40.5,half-profile,0.8437
160-03.jpg,160,3,ok,-22.82,4.7,-2.01,22.82,half-profile,0.8818
160-04.jpg,160,4,ok,-11.91,4.23,-5.68,11.91,frontal,0.8707
160-05.jpg,160,5,ok,-5.06,-1.63,-1.33,5.06,frontal,0.8826
160-06.jpg,160,6,ok,7.93,-1.16,-2.3,7.93,frontal,0.8934
160-07.jpg,160,7,ok,15.04,2.83,0.15,15.04,frontal,0.8926
160-08.jpg,160,8,ok,29.15,5.88,3.68,29.15,half-profile,0.8837
160-09.jpg,160,9,ok,33.17,3.87,2.93,33.17,half-profile,0.8576
160-10.jpg,160,10,ok,55.98,17.36,14.78,55.98,half-profile,0.7451
160-11.jpg,160,11,ok,5.01,0.98,-3.96,5.01,frontal,0.8855
160-12.jpg,160,12,ok,0.31,2.4,-4.29,0.31,frontal,0.8988
160-13.jpg,160,13,ok,0.14,0.94,-4.14,0.14,frontal,0.8916
160-14.jpg,160,14,ok,-5.09,2.29,-1.93,5.09,frontal,0.8917
161-01.jpg,161,1,ok,-68.79,3.09,0.46,68.79,profile,0.8406
161-02.jpg,161,2,ok,-43.07,-0.51,0.57,43.07,half-profile,0.8821
161-03.jpg,161,3,ok,-25.61,0.37,-2.02,25.61,half-profile,0.9235
161-04.jpg,161,4,ok,-16.48,-2.01,-0.11,16.48,frontal,0.8997
161-05.jpg,161,5,ok,-4.48,-4.18,2.13,4.48,frontal,0.9166
161-06.jpg,161,6,ok,8.18,-2.59,4.42,8.18,frontal,0.9006
161-07.jpg,161,7,ok,17.34,-2.83,3.77,17.34,frontal,0.886
161-08.jpg,161,8,ok,25.16,-1.11,2.38,25.16,half-profile,0.8811
161-09.jpg,161,9,ok,33.97,-0.04,2.55,33.97,half-profile,0.8925
161-10.jpg,161,10,ok,70.03,6.92,1.82,70.03,profile,0.8304
161-11.jpg,161,11,ok,5.01,-1.99,2.76,5.01,frontal,0.9108
161-12.jpg,161,12,ok,4.45,-0.97,8.08,4.45,frontal,0.9166
161-13.jpg,161,13,ok,1.13,-4.79,-2.53,1.13,frontal,0.881
161-14.jpg,161,14,ok,4.55,-4.49,1.76,4.55,frontal,0.8852
162-01.jpg,162,1,ok,-60.2,8.93,-4.67,60.2,profile,0.8352
162-02.jpg,162,2,ok,-33.54,3.25,-8.66,33.54,half-profile,0.8873
162-03.jpg,162,3,ok,-27.73,11.46,-5.36,27.73,half-profile,0.8762
162-04.jpg,162,4,ok,-20.31,5.28,-3.4,20.31,half-profile,0.8737
162-05.jpg,162,5,ok,-9.18,1.29,-4.25,9.18,frontal,0.8641
162-06.jpg,162,6,ok,2.24,2.83,-3.76,2.24,frontal,0.8923
162-07.jpg,162,7,ok,13.4,2.27,-8.89,13.4,frontal,0.8956
162-08.jpg,162,8,ok,19.46,0.33,-11.33,19.46,frontal,0.8902
162-09.jpg,162,9,ok,34.61,-0.99,-16.39,34.61,half-profile,0.8733
162-10.jpg,162,10,ok,59.67,0.67,-6.21,59.67,half-profile,0.8597
162-11.jpg,162,11,ok,-5.25,3.23,-12.55,5.25,frontal,0.89
162-12.jpg,162,12,ok,-2.58,1.99,-20.15,2.58,frontal,0.8693
162-13.jpg,162,13,ok,2.32,3.41,4.05,2.32,frontal,0.9032
162-14.jpg,162,14,ok,-0.75,2.13,-0.49,0.75,frontal,0.8534
163-01.jpg,163,1,ok,-70.09,-6.39,5.38,70.09,profile,0.7767
163-02.jpg,163,2,ok,-49.38,-2.41,1.44,49.38,half-profile,0.8267
163-03.jpg,163,3,ok,-39.46,-1.05,-1.21,39.46,half-profile,0.8666
163-04.jpg,163,4,ok,-31.95,0.76,-1.34,31.95,half-profile,0.8721
163-05.jpg,163,5,ok,-11.84,-1.88,-0.39,11.84,frontal,0.8887
163-06.jpg,163,6,ok,10.38,-0.74,0.36,10.38,frontal,0.8666
163-07.jpg,163,7,ok,23.28,-0.26,-1.3,23.28,half-profile,0.8618
163-08.jpg,163,8,ok,31.1,0.71,0.11,31.1,half-profile,0.8398
163-09.jpg,163,9,ok,46.3,-1.48,0.31,46.3,half-profile,0.8183
163-10.jpg,163,10,ok,73.7,-5.36,-3.2,73.7,profile,0.7748
163-11.jpg,163,11,ok,3.43,-1.69,0.84,3.43,frontal,0.8854
163-12.jpg,163,12,ok,3.09,-2.15,0.94,3.09,frontal,0.8827
163-13.jpg,163,13,ok,0.23,-2.46,-0.79,0.23,frontal,0.8724
163-14.jpg,163,14,ok,-0.58,-5.0,-0.34,0.58,frontal,0.86
164-01.jpg,164,1,ok,-67.27,7.83,-9.34,67.27,profile,0.8357
164-02.jpg,164,2,ok,-57.57,4.73,-8.97,57.57,half-profile,0.8806
164-03.jpg,164,3,ok,-41.86,-3.43,-5.46,41.86,half-profile,0.8871
164-04.jpg,164,4,ok,-30.82,-4.82,-5.1,30.82,half-profile,0.8759
164-05.jpg,164,5,ok,-18.0,-8.57,-4.0,18.0,frontal,0.8945
164-06.jpg,164,6,ok,9.28,-7.23,-0.89,9.28,frontal,0.8952
164-07.jpg,164,7,ok,23.36,-6.59,0.2,23.36,half-profile,0.8854
164-08.jpg,164,8,ok,33.01,-5.73,1.57,33.01,half-profile,0.8764
164-09.jpg,164,9,ok,45.18,-5.43,5.69,45.18,half-profile,0.8816
164-10.jpg,164,10,ok,77.37,17.57,24.5,77.37,profile,0.8103
164-11.jpg,164,11,ok,-2.01,-3.57,-1.71,2.01,frontal,0.9087
164-12.jpg,164,12,ok,0.95,-5.49,0.56,0.95,frontal,0.9036
164-13.jpg,164,13,ok,0.65,-5.26,1.05,0.65,frontal,0.8982
164-14.jpg,164,14,ok,0.35,-3.03,-1.57,0.35,frontal,0.881
165-01.jpg,165,1,ok,-64.06,6.83,-9.87,64.06,profile,0.8523
165-02.jpg,165,2,ok,-53.52,0.48,-4.88,53.52,half-profile,0.8484
165-03.jpg,165,3,ok,-40.97,-7.15,1.67,40.97,half-profile,0.881
165-04.jpg,165,4,ok,-33.31,-7.19,-0.25,33.31,half-profile,0.8838
165-05.jpg,165,5,ok,-18.99,-10.86,1.08,18.99,frontal,0.8696
165-06.jpg,165,6,ok,14.58,-10.05,-2.74,14.58,frontal,0.8641
165-07.jpg,165,7,ok,24.57,-12.74,-5.44,24.57,half-profile,0.8788
165-08.jpg,165,8,ok,40.95,-9.21,-0.79,40.95,half-profile,0.8333
165-09.jpg,165,9,ok,49.42,-7.62,2.18,49.42,half-profile,0.8392
165-10.jpg,165,10,ok,85.04,6.77,17.17,85.04,profile,0.8431
165-11.jpg,165,11,ok,14.41,-7.23,1.05,14.41,frontal,0.8866
165-12.jpg,165,12,ok,8.3,-5.97,5.58,8.3,frontal,0.8919
165-13.jpg,165,13,ok,-3.97,-5.26,-1.09,3.97,frontal,0.897
165-14.jpg,165,14,ok,-4.66,-6.26,-1.42,4.66,frontal,0.8469
166-01.jpg,166,1,ok,-70.59,3.35,-1.7,70.59,profile,0.8375
166-02.jpg,166,2,ok,-39.55,-4.98,-0.73,39.55,half-profile,0.858
166-03.jpg,166,3,ok,-27.41,-2.98,-1.82,27.41,half-profile,0.8862
166-04.jpg,166,4,ok,-22.28,-2.82,-2.21,22.28,half-profile,0.9071
166-05.jpg,166,5,ok,-7.77,-5.6,-1.23,7.77,frontal,0.9095
166-06.jpg,166,6,ok,13.56,-8.88,-2.36,13.56,frontal,0.8578
166-07.jpg,166,7,ok,24.11,-8.28,-1.65,24.11,half-profile,0.8365
166-08.jpg,166,8,ok,36.47,-7.27,-1.56,36.47,half-profile,0.8414
166-09.jpg,166,9,ok,44.24,-7.25,-0.84,44.24,half-profile,0.8456
166-10.jpg,166,10,ok,80.25,0.44,3.96,80.25,profile,0.7738
166-11.jpg,166,11,ok,5.72,-4.81,1.08,5.72,frontal,0.8849
166-12.jpg,166,12,ok,2.88,-5.4,0.26,2.88,frontal,0.8805
166-13.jpg,166,13,ok,-0.82,-8.14,-2.36,0.82,frontal,0.9064
166-14.jpg,166,14,ok,-0.13,-4.82,-3.05,0.13,frontal,0.9122
167-01.jpg,167,1,ok,-62.08,-1.61,3.84,62.08,profile,0.7615
167-02.jpg,167,2,ok,-50.99,0.35,0.46,50.99,half-profile,0.7802
167-03.jpg,167,3,ok,-23.37,1.69,3.15,23.37,half-profile,0.8687
167-04.jpg,167,4,ok,-23.96,1.08,2.77,23.96,half-profile,0.8607
167-05.jpg,167,5,ok,-15.35,1.3,0.27,15.35,frontal,0.8615
167-06.jpg,167,6,ok,3.3,0.0,0.92,3.3,frontal,0.8711
167-07.jpg,167,7,ok,18.83,0.73,2.48,18.83,frontal,0.8528
167-08.jpg,167,8,ok,19.33,0.06,1.47,19.33,frontal,0.8441
167-09.jpg,167,9,ok,29.1,0.89,3.42,29.1,half-profile,0.8314
167-10.jpg,167,10,ok,60.57,5.68,1.41,60.57,profile,0.7782
167-11.jpg,167,11,ok,4.31,-0.59,0.0,4.31,frontal,0.8681
167-12.jpg,167,12,ok,1.29,-1.51,3.64,1.29,frontal,0.8882
167-13.jpg,167,13,ok,2.46,-2.25,6.11,2.46,frontal,0.8893
167-14.jpg,167,14,ok,3.75,-0.3,-0.5,3.75,frontal,0.8669
168-01.jpg,168,1,ok,-74.81,-0.39,2.42,74.81,profile,0.8591
168-02.jpg,168,2,ok,-49.15,-4.28,4.57,49.15,half-profile,0.8703
168-03.jpg,168,3,ok,-32.48,-2.9,5.53,32.48,half-profile,0.9141
168-04.jpg,168,4,ok,-23.21,6.05,3.3,23.21,half-profile,0.8871
168-05.jpg,168,5,ok,-11.89,-0.76,1.73,11.89,frontal,0.9196
168-06.jpg,168,6,ok,17.45,-4.5,3.8,17.45,frontal,0.8777
168-07.jpg,168,7,ok,25.87,-3.05,4.11,25.87,half-profile,0.8676
168-08.jpg,168,8,ok,38.02,-3.93,2.55,38.02,half-profile,0.8561
168-09.jpg,168,9,ok,47.6,-3.69,3.03,47.6,half-profile,0.8472
168-10.jpg,168,10,ok,68.65,-4.25,1.31,68.65,profile,0.8378
168-11.jpg,168,11,ok,3.44,5.8,4.95,3.44,frontal,0.8579
168-12.jpg,168,12,ok,4.36,11.36,0.93,4.36,frontal,0.8621
168-13.jpg,168,13,ok,2.13,2.33,-2.05,2.13,frontal,0.903
168-14.jpg,168,14,ok,1.44,1.26,-1.41,1.44,frontal,0.8901
169-01.jpg,169,1,ok,-69.4,3.03,-2.56,69.4,profile,0.8255
169-02.jpg,169,2,ok,-59.0,-0.49,-1.55,59.0,half-profile,0.8658
169-03.jpg,169,3,ok,-37.65,-5.14,1.64,37.65,half-profile,0.9107
169-04.jpg,169,4,ok,-34.01,-6.5,0.47,34.01,half-profile,0.9115
169-05.jpg,169,5,ok,-12.74,-5.73,-1.47,12.74,frontal,0.9155
169-06.jpg,169,6,ok,7.44,-0.49,-0.5,7.44,frontal,0.8885
169-07.jpg,169,7,ok,30.18,-5.42,-1.27,30.18,half-profile,0.8674
169-08.jpg,169,8,ok,41.49,-3.14,-0.34,41.49,half-profile,0.8782
169-09.jpg,169,9,ok,45.38,-5.62,-3.55,45.38,half-profile,0.861
169-10.jpg,169,10,ok,74.46,-8.88,-4.84,74.46,profile,0.7991
169-11.jpg,169,11,ok,2.01,2.38,-0.07,2.01,frontal,0.9019
169-12.jpg,169,12,ok,-0.75,1.92,-2.33,0.75,frontal,0.89
169-13.jpg,169,13,ok,-1.32,-2.06,-1.76,1.32,frontal,0.9063
169-14.jpg,169,14,ok,-1.98,-2.41,-1.94,1.98,frontal,0.8972
17-01.jpg,17,1,ok,-68.22,1.79,-11.66,68.22,profile,0.8297
17-02.jpg,17,2,ok,-44.37,0.01,1.06,44.37,half-profile,0.8661
17-03.jpg,17,3,ok,-29.7,-2.19,-0.28,29.7,half-profile,0.9004
17-04.jpg,17,4,ok,-21.57,-3.68,-2.6,21.57,half-profile,0.8818
17-05.jpg,17,5,ok,-5.85,-4.68,0.88,5.85,frontal,0.86
17-06.jpg,17,6,ok,5.16,-9.0,-1.95,5.16,frontal,0.883
17-07.jpg,17,7,ok,31.16,-5.01,-4.22,31.16,half-profile,0.8826
17-08.jpg,17,8,ok,38.83,-3.04,-3.04,38.83,half-profile,0.8792
17-09.jpg,17,9,ok,48.51,-8.6,-4.26,48.51,half-profile,0.85
17-10.jpg,17,10,ok,80.76,10.95,17.63,80.76,profile,0.7667
17-11.jpg,17,11,ok,2.59,-12.29,-0.91,2.59,frontal,0.9008
17-12.jpg,17,12,ok,2.35,-10.57,-1.21,2.35,frontal,0.9022
17-13.jpg,17,13,ok,2.89,-10.8,-1.73,2.89,frontal,0.8655
17-14.jpg,17,14,ok,1.65,-12.0,-2.0,1.65,frontal,0.9033
170-01.jpg,170,1,ok,-66.81,12.13,-12.38,66.81,profile,0.7694
170-02.jpg,170,2,ok,-41.21,5.07,-6.45,41.21,half-profile,0.7881
170-03.jpg,170,3,ok,-30.3,3.79,-5.64,30.3,half-profile,0.873
170-04.jpg,170,4,ok,-24.59,2.52,-4.9,24.59,half-profile,0.8693
170-05.jpg,170,5,ok,-8.74,1.57,-4.17,8.74,frontal,0.8761
170-06.jpg,170,6,ok,2.22,0.96,-3.67,2.22,frontal,0.877
170-07.jpg,170,7,ok,16.83,0.95,-4.2,16.83,frontal,0.878
170-08.jpg,170,8,ok,20.19,0.75,-3.52,20.19,half-profile,0.8714
170-09.jpg,170,9,ok,29.03,1.78,-2.7,29.03,half-profile,0.8471
170-10.jpg,170,10,ok,61.92,3.46,-1.21,61.92,profile,0.7841
170-11.jpg,170,11,ok,1.68,0.16,-2.95,1.68,frontal,0.8743
170-12.jpg,170,12,ok,1.79,-0.18,-3.88,1.79,frontal,0.8981
170-13.jpg,170,13,ok,-2.48,-0.74,-4.35,2.48,frontal,0.8911
170-14.jpg,170,14,ok,-2.02,-0.4,-4.78,2.02,frontal,0.8859
171-01.jpg,171,1,ok,-61.29,-0.95,-4.97,61.29,profile,0.8684
171-02.jpg,171,2,ok,-45.98,-3.5,-4.93,45.98,half-profile,0.9019
171-03.jpg,171,3,ok,-30.7,-8.67,-2.06,30.7,half-profile,0.9077
171-04.jpg,171,4,ok,-20.52,-7.24,-1.23,20.52,half-profile,0.913
171-05.jpg,171,5,ok,-11.75,-5.76,-3.22,11.75,frontal,0.9107
171-06.jpg,171,6,ok,17.62,-5.73,-0.72,17.62,frontal,0.9023
171-07.jpg,171,7,ok,28.78,-2.97,-0.32,28.78,half-profile,0.9016
171-08.jpg,171,8,ok,39.24,-2.99,-0.21,39.24,half-profile,0.8938
171-09.jpg,171,9,ok,44.71,-2.53,1.44,44.71,half-profile,0.8696
171-10.jpg,171,10,ok,70.57,13.82,17.46,70.57,profile,0.7988
171-11.jpg,171,11,ok,9.5,-6.21,-0.86,9.5,frontal,0.9049
171-12.jpg,171,12,ok,3.38,-5.79,-3.34,3.38,frontal,0.8819
171-13.jpg,171,13,ok,2.62,-6.42,-3.68,2.62,frontal,0.9073
171-14.jpg,171,14,ok,1.98,-3.43,-3.15,1.98,frontal,0.9191
172-01.jpg,172,1,ok,-64.57,-10.37,11.36,64.57,profile,0.7497
172-02.jpg,172,2,ok,-43.08,-4.42,4.25,43.08,half-profile,0.8639
172-03.jpg,172,3,ok,-26.98,-3.91,2.28,26.98,half-profile,0.9056
172-04.jpg,172,4,ok,-20.71,-3.31,2.13,20.71,half-profile,0.9129
172-05.jpg,172,5,ok,-10.49,-3.91,1.59,10.49,frontal,0.8971
172-06.jpg,172,6,ok,6.69,-2.16,1.3,6.69,frontal,0.901
172-07.jpg,172,7,ok,19.07,-3.16,-0.83,19.07,frontal,0.8949
172-08.jpg,172,8,ok,39.1,-1.86,1.4,39.1,half-profile,0.8657
172-09.jpg,172,9,ok,44.34,2.14,3.45,44.34,half-profile,0.8803
172-10.jpg,172,10,ok,73.21,3.49,2.64,73.21,profile,0.8332
172-11.jpg,172,11,ok,0.85,-2.29,0.94,0.85,frontal,0.909
172-12.jpg,172,12,ok,-1.85,-5.73,3.15,1.85,frontal,0.8962
172-13.jpg,172,13,ok,-1.38,-4.41,2.02,1.38,frontal,0.8888
172-14.jpg,172,14,ok,-2.9,-4.57,0.45,2.9,frontal,0.8711
173-01.jpg,173,1,ok,-65.23,-3.34,-2.22,65.23,profile,0.744
173-02.jpg,173,2,ok,-41.48,-4.94,0.27,41.48,half-profile,0.8351
173-03.jpg,173,3,ok,-32.42,0.18,-4.27,32.42,half-profile,0.851
173-04.jpg,173,4,ok,-20.77,-3.14,-0.72,20.77,half-profile,0.8697
173-05.jpg,173,5,ok,-6.55,-3.69,-0.8,6.55,frontal,0.8736
173-06.jpg,173,6,ok,8.42,-2.56,-1.16,8.42,frontal,0.8705
173-07.jpg,173,7,ok,24.84,-2.83,-1.69,24.84,half-profile,0.842
173-08.jpg,173,8,ok,39.04,-3.83,2.07,39.04,half-profile,0.8444
173-09.jpg,173,9,ok,46.63,-3.64,0.83,46.63,half-profile,0.8379
173-10.jpg,173,10,ok,79.54,7.37,7.18,79.54,profile,0.6952
173-11.jpg,173,11,ok,4.35,-1.21,-1.78,4.35,frontal,0.8798
173-12.jpg,173,12,ok,0.69,-1.05,-2.97,0.69,frontal,0.8822
173-13.jpg,173,13,ok,-3.75,-4.56,-4.9,3.75,frontal,0.8833
173-14.jpg,173,14,ok,-7.66,-11.33,-3.17,7.66,frontal,0.8594
174-01.jpg,174,1,ok,-58.61,-3.1,7.04,58.61,half-profile,0.8847
174-02.jpg,174,2,ok,-39.76,6.0,-3.83,39.76,half-profile,0.8584
174-03.jpg,174,3,ok,-31.98,2.76,-4.31,31.98,half-profile,0.8721
174-04.jpg,174,4,ok,-24.16,2.91,-2.72,24.16,half-profile,0.8859
174-05.jpg,174,5,ok,-9.62,4.77,-4.45,9.62,frontal,0.9024
174-06.jpg,174,6,ok,2.77,-0.14,-1.75,2.77,frontal,0.907
174-07.jpg,174,7,ok,21.83,2.28,0.2,21.83,half-profile,0.8793
174-08.jpg,174,8,ok,36.86,1.97,-2.05,36.86,half-profile,0.8543
174-09.jpg,174,9,ok,38.57,0.16,-2.74,38.57,half-profile,0.8774
174-10.jpg,174,10,ok,59.22,-0.62,-5.96,59.22,half-profile,0.825
174-11.jpg,174,11,ok,3.02,1.34,-2.15,3.02,frontal,0.8932
174-12.jpg,174,12,ok,1.95,-3.31,-1.61,1.95,frontal,0.9186
174-13.jpg,174,13,ok,2.42,-1.19,-1.18,2.42,frontal,0.9183
174-14.jpg,174,14,ok,-0.44,-0.61,-2.14,0.44,frontal,0.9121
175-01.jpg,175,1,ok,-61.96,5.05,-9.11,61.96,profile,0.852
175-02.jpg,175,2,ok,-43.54,-2.65,-3.43,43.54,half-profile,0.8466
175-03.jpg,175,3,ok,-21.89,-4.48,-1.85,21.89,half-profile,0.8657
175-04.jpg,175,4,ok,-19.26,-4.46,-3.05,19.26,frontal,0.8864
175-05.jpg,175,5,ok,-15.73,-4.45,-3.29,15.73,frontal,0.864
175-06.jpg,175,6,ok,11.89,-2.89,-0.36,11.89,frontal,0.8951
175-07.jpg,175,7,ok,18.73,-2.75,1.76,18.73,frontal,0.8894
175-08.jpg,175,8,ok,26.17,-3.65,0.53,26.17,half-profile,0.8891
175-09.jpg,175,9,ok,37.2,-3.5,-0.06,37.2,half-profile,0.8909
175-10.jpg,175,10,ok,66.29,4.7,3.81,66.29,profile,0.8
175-11.jpg,175,11,ok,3.01,-5.11,-0.66,3.01,frontal,0.9066
175-12.jpg,175,12,ok,4.7,-6.11,0.46,4.7,frontal,0.9063
175-13.jpg,175,13,ok,-2.37,-4.72,-1.22,2.37,frontal,0.903
175-14.jpg,175,14,ok,-5.4,-4.56,-2.35,5.4,frontal,0.8931
176-01.jpg,176,1,ok,-61.57,11.74,-8.69,61.57,profile,0.8078
176-02.jpg,176,2,ok,-39.79,4.54,-3.24,39.79,half-profile,0.8731
176-03.jpg,176,3,ok,-28.85,3.05,-3.68,28.85,half-profile,0.9102
176-04.jpg,176,4,ok,-25.08,3.15,-3.54,25.08,half-profile,0.9027
176-05.jpg,176,5,ok,-11.79,0.39,-0.91,11.79,frontal,0.9062
176-06.jpg,176,6,ok,5.49,2.34,0.36,5.49,frontal,0.9057
176-07.jpg,176,7,ok,27.39,5.18,0.93,27.39,half-profile,0.8756
176-08.jpg,176,8,ok,32.47,8.75,0.06,32.47,half-profile,0.8566
176-09.jpg,176,9,ok,40.59,6.84,0.11,40.59,half-profile,0.8721
176-10.jpg,176,10,ok,69.57,19.0,15.95,69.57,profile,0.835
176-11.jpg,176,11,ok,-0.05,-0.43,-1.17,0.05,frontal,0.9058
176-12.jpg,176,12,ok,-0.63,-1.89,-10.45,0.63,frontal,0.9021
176-13.jpg,176,13,ok,0.0,0.36,-0.99,0.0,frontal,0.9068
176-14.jpg,176,14,ok,0.52,0.75,-0.96,0.52,frontal,0.9012
177-01.jpg,177,1,ok,-53.35,-2.21,-5.48,53.35,half-profile,0.8114
177-02.jpg,177,2,ok,-31.88,-5.38,-3.29,31.88,half-profile,0.8819
177-03.jpg,177,3,ok,-21.49,-4.75,-3.79,21.49,half-profile,0.8923
177-04.jpg,177,4,ok,-16.89,-5.27,-2.55,16.89,frontal,0.8974
177-05.jpg,177,5,ok,-11.19,-3.66,-1.98,11.19,frontal,0.913
177-06.jpg,177,6,ok,11.28,-3.18,-1.14,11.28,frontal,0.9028
177-07.jpg,177,7,ok,19.26,-3.08,-0.71,19.26,frontal,0.8927
177-08.jpg,177,8,ok,21.28,-5.17,-1.27,21.28,half-profile,0.8914
177-09.jpg,177,9,ok,33.1,-7.17,-0.77,33.1,half-profile,0.8843
177-10.jpg,177,10,ok,59.37,-7.63,-4.21,59.37,half-profile,0.8424
177-11.jpg,177,11,ok,0.48,-3.68,-3.27,0.48,frontal,0.912
177-12.jpg,177,12,ok,-1.15,-3.72,-3.32,1.15,frontal,0.9037
177-13.jpg,177,13,ok,-3.88,-1.86,-2.69,3.88,frontal,0.902
177-14.jpg,177,14,ok,-2.63,-3.39,-0.83,2.63,frontal,0.8899
178-01.jpg,178,1,ok,-69.41,-7.44,2.33,69.41,profile,0.7926
178-02.jpg,178,2,ok,-44.4,-1.73,-4.47,44.4,half-profile,0.892
178-03.jpg,178,3,ok,-33.1,-3.48,-1.46,33.1,half-profile,0.8953
178-04.jpg,178,4,ok,-24.63,-2.36,-1.27,24.63,half-profile,0.9145
178-05.jpg,178,5,ok,-13.74,-3.41,-1.41,13.74,frontal,0.9174
178-06.jpg,178,6,ok,10.67,-3.36,2.12,10.67,frontal,0.9082
178-07.jpg,178,7,ok,25.23,-0.18,3.77,25.23,half-profile,0.8957
178-08.jpg,178,8,ok,32.97,0.94,3.41,32.97,half-profile,0.8758
178-09.jpg,178,9,ok,41.75,5.06,5.42,41.75,half-profile,0.8407
178-10.jpg,178,10,ok,73.74,17.82,18.03,73.74,profile,0.8361
178-11.jpg,178,11,ok,4.28,-1.5,1.08,4.28,frontal,0.9056
178-12.jpg,178,12,ok,3.43,-3.17,1.56,3.43,frontal,0.9178
178-13.jpg,178,13,ok,-0.59,-3.38,0.79,0.59,frontal,0.9112
178-14.jpg,178,14,ok,-1.29,-3.24,0.66,1.29,frontal,0.9099
179-01.jpg,179,1,ok,-61.68,4.58,-2.93,61.68,profile,0.8505
179-02.jpg,179,2,ok,-38.99,7.19,-2.64,38.99,half-profile,0.8267
179-03.jpg,179,3,ok,-27.1,5.8,-1.17,27.1,half-profile,0.8893
179-04.jpg,179,4,ok,-21.8,5.7,-1.03,21.8,half-profile,0.8939
179-05.jpg,179,5,ok,-10.97,7.16,-0.49,10.97,frontal,0.8872
179-06.jpg,179,6,ok,6.76,7.11,2.16,6.76,frontal,0.839
179-07.jpg,179,7,ok,21.18,5.72,3.36,21.18,half-profile,0.8706
179-08.jpg,179,8,ok,29.59,8.31,4.14,29.59,half-profile,0.8397
179-09.jpg,179,9,ok,37.11,6.47,5.87,37.11,half-profile,0.881
179-10.jpg,179,10,ok,66.19,16.38,14.2,66.19,profile,0.8053
179-11.jpg,179,11,ok,4.7,10.23,1.34,4.7,frontal,0.8862
179-12.jpg,179,12,ok,4.73,9.87,1.25,4.73,frontal,0.8611
179-13.jpg,179,13,ok,2.13,9.88,2.45,2.13,frontal,0.9014
179-14.jpg,179,14,ok,2.08,8.26,2.28,2.08,frontal,0.9057
18-01.jpg,18,1,ok,-61.07,18.66,-11.23,61.07,profile,0.8169
18-02.jpg,18,2,ok,-37.77,8.4,-3.33,37.77,half-profile,0.8744
18-03.jpg,18,3,ok,-27.06,4.08,-0.68,27.06,half-profile,0.9172
18-04.jpg,18,4,ok,-20.65,5.59,-0.89,20.65,half-profile,0.9162
18-05.jpg,18,5,ok,-7.76,6.79,-0.45,7.76,frontal,0.8955
18-06.jpg,18,6,ok,11.77,1.85,-4.14,11.77,frontal,0.9084
18-07.jpg,18,7,ok,22.68,1.31,-3.19,22.68,half-profile,0.9022
18-08.jpg,18,8,ok,30.12,5.9,-3.47,30.12,half-profile,0.8514
18-09.jpg,18,9,ok,40.6,-0.68,-7.85,40.6,half-profile,0.8573
18-10.jpg,18,10,ok,67.13,0.9,-3.5,67.13,profile,0.8613
18-11.jpg,18,11,ok,8.67,6.5,-0.45,8.67,frontal,0.8798
18-12.jpg,18,12,ok,6.34,5.2,-1.83,6.34,frontal,0.8898
18-13.jpg,18,13,ok,3.25,3.82,-2.88,3.25,frontal,0.9016
18-14.jpg,18,14,ok,2.92,8.17,-2.71,2.92,frontal,0.8814
180-01.jpg,180,1,ok,-75.98,-5.38,8.24,75.98,profile,0.8183
180-02.jpg,180,2,ok,-63.73,-5.62,3.95,63.73,profile,0.8782
180-03.jpg,180,3,ok,-47.77,-4.0,-0.09,47.77,half-profile,0.885
180-04.jpg,180,4,ok,-37.87,-6.42,-2.38,37.87,half-profile,0.8698
180-05.jpg,180,5,ok,-23.41,-6.81,-2.64,23.41,half-profile,0.8714
180-06.jpg,180,6,ok,8.27,-6.96,-1.6,8.27,frontal,0.9043
180-07.jpg,180,7,ok,16.62,-6.3,-3.73,16.62,frontal,0.9084
180-08.jpg,180,8,ok,30.79,-1.08,2.05,30.79,half-profile,0.8993
180-09.jpg,180,9,ok,40.4,-1.63,-0.2,40.4,half-profile,0.8855
180-10.jpg,180,10,ok,68.66,-9.06,-14.8,68.66,profile,0.8185
180-11.jpg,180,11,ok,11.55,-5.75,2.52,11.55,frontal,0.9024
180-12.jpg,180,12,ok,-9.91,-4.28,0.61,9.91,frontal,0.8683
180-13.jpg,180,13,ok,-1.38,-0.63,3.57,1.38,frontal,0.9083
180-14.jpg,180,14,ok,-1.55,-2.73,2.95,1.55,frontal,0.9093
181-01.jpg,181,1,ok,-58.67,-2.72,1.77,58.67,half-profile,0.8225
181-02.jpg,181,2,ok,-44.19,-2.83,2.7,44.19,half-profile,0.8387
181-03.jpg,181,3,ok,-31.68,-1.07,2.5,31.68,half-profile,0.8758
181-04.jpg,181,4,ok,-24.42,-0.95,2.36,24.42,half-profile,0.8772
181-05.jpg,181,5,ok,-10.81,-0.57,0.77,10.81,frontal,0.8749
181-06.jpg,181,6,ok,13.11,1.36,2.91,13.11,frontal,0.8667
181-07.jpg,181,7,ok,23.63,1.52,0.62,23.63,half-profile,0.846
181-08.jpg,181,8,ok,31.17,2.41,0.57,31.17,half-profile,0.8778
181-09.jpg,181,9,ok,38.5,3.78,0.01,38.5,half-profile,0.8894
181-10.jpg,181,10,ok,63.36,13.82,7.53,63.36,profile,0.8451
181-11.jpg,181,11,ok,4.69,1.56,-1.65,4.69,frontal,0.8857
181-12.jpg,181,12,ok,2.91,-1.86,0.55,2.91,frontal,0.8864
181-13.jpg,181,13,ok,-1.37,1.21,0.6,1.37,frontal,0.8609
181-14.jpg,181,14,ok,-0.49,1.45,2.65,0.49,frontal,0.8749
182-01.jpg,182,1,ok,-65.59,12.97,-11.28,65.59,profile,0.8662
182-02.jpg,182,2,ok,-49.83,6.77,-8.65,49.83,half-profile,0.8488
182-03.jpg,182,3,ok,-41.06,1.61,-5.9,41.06,half-profile,0.8777
182-04.jpg,182,4,ok,-36.49,-0.51,-4.55,36.49,half-profile,0.86
182-05.jpg,182,5,ok,-13.52,-6.32,-2.55,13.52,frontal,0.8301
182-06.jpg,182,6,ok,16.19,-7.07,-2.09,16.19,frontal,0.8557
182-07.jpg,182,7,ok,38.68,-3.7,-1.51,38.68,half-profile,0.8054
182-08.jpg,182,8,ok,45.13,-2.63,-1.71,45.13,half-profile,0.7986
182-09.jpg,182,9,ok,51.26,0.13,0.6,51.26,half-profile,0.826
182-10.jpg,182,10,ok,78.86,1.43,-0.23,78.86,profile,0.792
182-11.jpg,182,11,ok,-0.22,-3.55,-4.08,0.22,frontal,0.8773
182-12.jpg,182,12,ok,-0.5,-5.21,-3.89,0.5,frontal,0.872
182-13.jpg,182,13,ok,-1.54,-6.88,-5.71,1.54,frontal,0.8479
182-14.jpg,182,14,ok,-1.7,-4.84,-3.51,1.7,frontal,0.8266
183-01.jpg,183,1,ok,-76.26,8.63,-7.6,76.26,profile,0.8312
183-02.jpg,183,2,ok,-50.01,5.06,-4.98,50.01,half-profile,0.8482
183-03.jpg,183,3,ok,-34.45,3.46,-2.59,34.45,half-profile,0.8953
183-04.jpg,183,4,ok,-26.77,6.81,-4.77,26.77,half-profile,0.8515
183-05.jpg,183,5,ok,-9.41,2.22,-3.63,9.41,frontal,0.8762
183-06.jpg,183,6,ok,13.82,3.48,-1.34,13.82,frontal,0.903
183-07.jpg,183,7,ok,19.83,5.45,-2.2,19.83,frontal,0.8867
183-08.jpg,183,8,ok,27.49,5.94,-1.44,27.49,half-profile,0.8792
183-09.jpg,183,9,ok,42.97,6.16,-5.11,42.97,half-profile,0.8773
183-10.jpg,183,10,ok,72.45,14.31,3.73,72.45,profile,0.7975
183-11.jpg,183,11,ok,1.4,3.97,-1.02,1.4,frontal,0.9142
183-12.jpg,183,12,ok,0.43,1.63,-1.81,0.43,frontal,0.8961
183-13.jpg,183,13,ok,-1.77,2.27,-0.08,1.77,frontal,0.8939
183-14.jpg,183,14,ok,-0.51,3.0,-1.05,0.51,frontal,0.9072
184-01.jpg,184,1,ok,-58.91,12.45,-10.86,58.91,half-profile,0.8227
184-02.jpg,184,2,ok,-37.3,8.67,-8.48,37.3,half-profile,0.8518
184-03.jpg,184,3,ok,-21.44,6.81,-5.65,21.44,half-profile,0.8548
184-04.jpg,184,4,ok,-17.79,5.87,-6.47,17.79,frontal,0.8631
184-05.jpg,184,5,ok,-7.83,3.09,-2.66,7.83,frontal,0.8897
184-06.jpg,184,6,ok,2.01,2.02,0.15,2.01,frontal,0.8679
184-07.jpg,184,7,ok,19.04,5.7,-1.21,19.04,frontal,0.8671
184-08.jpg,184,8,ok,25.4,5.2,1.24,25.4,half-profile,0.8442
184-09.jpg,184,9,ok,35.52,6.47,4.97,35.52,half-profile,0.8603
184-10.jpg,184,10,ok,62.24,8.12,2.42,62.24,profile,0.7954
184-11.jpg,184,11,ok,2.34,1.4,2.68,2.34,frontal,0.8815
184-12.jpg,184,12,ok,2.22,-0.15,3.59,2.22,frontal,0.897
184-13.jpg,184,13,ok,1.48,1.36,3.69,1.48,frontal,0.8859
184-14.jpg,184,14,ok,2.07,-4.12,4.74,2.07,frontal,0.873
185-01.jpg,185,1,ok,-67.75,0.59,1.71,67.75,profile,0.8643
185-02.jpg,185,2,ok,-39.47,5.88,-3.23,39.47,half-profile,0.8887
185-03.jpg,185,3,ok,-24.65,3.88,-1.76,24.65,half-profile,0.9167
185-04.jpg,185,4,ok,-18.96,3.15,-0.67,18.96,frontal,0.9172
185-05.jpg,185,5,ok,-4.26,4.69,-1.11,4.26,frontal,0.9185
185-06.jpg,185,6,ok,10.54,6.82,-0.63,10.54,frontal,0.9093
185-07.jpg,185,7,ok,31.97,4.32,0.63,31.97,half-profile,0.8845
185-08.jpg,185,8,ok,38.78,2.32,-4.51,38.78,half-profile,0.8809
185-09.jpg,185,9,ok,48.75,6.0,-2.78,48.75,half-profile,0.8794
185-10.jpg,185,10,ok,75.75,-7.77,-11.48,75.75,profile,0.8548
185-11.jpg,185,11,ok,7.99,2.98,-0.7,7.99,frontal,0.9121
185-12.jpg,185,12,ok,6.88,3.42,-1.0,6.88,frontal,0.9053
185-13.jpg,185,13,ok,4.11,8.64,-2.1,4.11,frontal,0.9092
185-14.jpg,185,14,ok,3.18,6.63,-2.22,3.18,frontal,0.9032
186-01.jpg,186,1,ok,-60.39,9.54,-6.69,60.39,profile,0.8634
186-02.jpg,186,2,ok,-42.46,4.36,-1.24,42.46,half-profile,0.8869
186-03.jpg,186,3,ok,-29.44,0.46,1.56,29.44,half-profile,0.9043
186-04.jpg,186,4,ok,-22.68,0.41,0.12,22.68,half-profile,0.9046
186-05.jpg,186,5,ok,-9.2,2.0,1.21,9.2,frontal,0.9121
186-06.jpg,186,6,ok,13.0,6.41,1.83,13.0,frontal,0.9036
186-07.jpg,186,7,ok,26.06,4.02,2.07,26.06,half-profile,0.8716
186-08.jpg,186,8,ok,36.26,4.82,5.09,36.26,half-profile,0.8622
186-09.jpg,186,9,ok,44.59,4.86,3.3,44.59,half-profile,0.8415
186-10.jpg,186,10,ok,63.63,18.18,15.33,63.63,profile,0.8174
186-11.jpg,186,11,ok,3.55,1.62,2.83,3.55,frontal,0.8816
186-12.jpg,186,12,ok,4.3,0.18,3.23,4.3,frontal,0.8787
186-13.jpg,186,13,ok,3.21,1.55,3.6,3.21,frontal,0.8821
186-14.jpg,186,14,ok,3.51,0.93,2.88,3.51,frontal,0.868
187-01.jpg,187,1,ok,-62.3,11.82,-15.13,62.3,profile,0.8664
187-02.jpg,187,2,ok,-47.25,6.12,-10.91,47.25,half-profile,0.886
187-03.jpg,187,3,ok,-31.19,4.15,-7.09,31.19,half-profile,0.8945
187-04.jpg,187,4,ok,-25.95,2.18,-5.88,25.95,half-profile,0.8848
187-05.jpg,187,5,ok,-14.76,-0.33,-4.05,14.76,frontal,0.9078
187-06.jpg,187,6,ok,9.77,-0.04,-1.66,9.77,frontal,0.8668
187-07.jpg,187,7,ok,24.93,-2.39,-2.27,24.93,half-profile,0.8779
187-08.jpg,187,8,ok,42.45,1.74,1.51,42.45,half-profile,0.8435
187-09.jpg,187,9,ok,45.68,3.28,1.93,45.68,half-profile,0.8548
187-10.jpg,187,10,ok,63.15,6.14,7.7,63.15,profile,0.8489
187-11.jpg,187,11,ok,3.63,2.03,0.91,3.63,frontal,0.9139
187-12.jpg,187,12,ok,4.1,3.08,0.56,4.1,frontal,0.8966
187-13.jpg,187,13,ok,3.82,1.45,0.49,3.82,frontal,0.9038
187-14.jpg,187,14,ok,4.5,-0.47,0.81,4.5,frontal,0.8795
188-01.jpg,188,1,ok,-64.49,17.08,-23.7,64.49,profile,0.8214
188-02.jpg,188,2,ok,-47.64,2.88,-9.8,47.64,half-profile,0.8383
188-03.jpg,188,3,ok,-38.14,2.4,-8.07,38.14,half-profile,0.8746
188-04.jpg,188,4,ok,-25.7,-2.99,-4.6,25.7,half-profile,0.9043
188-05.jpg,188,5,ok,-9.66,2.1,-3.22,9.66,frontal,0.865
188-06.jpg,188,6,ok,11.06,-4.14,-1.81,11.06,frontal,0.8941
188-07.jpg,188,7,ok,25.31,-2.18,-1.35,25.31,half-profile,0.8583
188-08.jpg,188,8,ok,35.7,-1.03,0.42,35.7,half-profile,0.8629
188-09.jpg,188,9,ok,44.05,0.65,0.3,44.05,half-profile,0.8517
188-10.jpg,188,10,ok,64.45,3.05,2.34,64.45,profile,0.8191
188-11.jpg,188,11,ok,7.81,-0.77,-1.66,7.81,frontal,0.8716
188-12.jpg,188,12,ok,2.01,-2.33,-2.43,2.01,frontal,0.9048
188-13.jpg,188,13,ok,-1.96,-1.76,-2.94,1.96,frontal,0.88
188-14.jpg,188,14,ok,-1.05,-2.45,-3.12,1.05,frontal,0.8626
189-01.jpg,189,1,ok,-70.7,-11.88,12.69,70.7,profile,0.7649
189-02.jpg,189,2,ok,-52.77,-2.34,0.76,52.77,half-profile,0.8324
189-03.jpg,189,3,ok,-29.74,-2.29,0.99,29.74,half-profile,0.8938
189-04.jpg,189,4,ok,-28.57,-1.64,0.09,28.57,half-profile,0.8881
189-05.jpg,189,5,ok,-7.91,-2.35,3.31,7.91,frontal,0.897
189-06.jpg,189,6,ok,11.51,-0.69,1.14,11.51,frontal,0.8979
189-07.jpg,189,7,ok,21.97,3.11,2.97,21.97,half-profile,0.8839
189-08.jpg,189,8,ok,29.44,0.92,1.73,29.44,half-profile,0.8509
189-09.jpg,189,9,ok,38.66,2.84,3.32,38.66,half-profile,0.851
189-10.jpg,189,10,ok,63.38,-0.87,-10.59,63.38,profile,0.774
189-11.jpg,189,11,ok,3.04,0.06,-0.87,3.04,frontal,0.8796
189-12.jpg,189,12,ok,3.86,-0.36,-10.41,3.86,frontal,0.8805
189-13.jpg,189,13,ok,0.45,0.19,0.12,0.45,frontal,0.8758
189-14.jpg,189,14,ok,0.7,-4.85,-0.82,0.7,frontal,0.8424
19-01.jpg,19,1,ok,-58.02,-7.83,8.23,58.02,half-profile,0.7775
19-02.jpg,19,2,ok,-40.56,-3.73,4.42,40.56,half-profile,0.8445
19-03.jpg,19,3,ok,-32.61,-2.0,5.84,32.61,half-profile,0.8575
19-04.jpg,19,4,ok,-23.25,-2.05,6.98,23.25,half-profile,0.8649
19-05.jpg,19,5,ok,-9.55,0.75,1.15,9.55,frontal,0.8593
19-06.jpg,19,6,ok,10.4,-0.2,2.86,10.4,frontal,0.8772
19-07.jpg,19,7,ok,24.14,1.46,2.66,24.14,half-profile,0.8466
19-08.jpg,19,8,ok,31.39,1.88,5.39,31.39,half-profile,0.8205
19-09.jpg,19,9,ok,41.49,2.81,5.72,41.49,half-profile,0.8259
19-10.jpg,19,10,ok,67.1,20.64,23.69,67.1,profile,0.7647
19-11.jpg,19,11,ok,1.36,-1.1,4.27,1.36,frontal,0.88
19-12.jpg,19,12,ok,1.79,-0.85,3.84,1.79,frontal,0.893
19-13.jpg,19,13,ok,1.48,0.05,4.19,1.48,frontal,0.87
19-14.jpg,19,14,ok,3.12,-0.96,4.37,3.12,frontal,0.892
190-01.jpg,190,1,ok,-60.86,0.77,-0.42,60.86,profile,0.8808
190-02.jpg,190,2,ok,-38.26,-6.39,3.54,38.26,half-profile,0.8895
190-03.jpg,190,3,ok,-29.18,-6.26,4.02,29.18,half-profile,0.869
190-04.jpg,190,4,ok,-25.43,-9.77,3.74,25.43,half-profile,0.849
190-05.jpg,190,5,ok,-11.53,-8.53,0.79,11.53,frontal,0.8913
190-06.jpg,190,6,ok,9.75,-7.16,0.64,9.75,frontal,0.8787
190-07.jpg,190,7,ok,27.93,-1.99,0.24,27.93,half-profile,0.8692
190-08.jpg,190,8,ok,29.87,-1.19,0.68,29.87,half-profile,0.8725
190-09.jpg,190,9,ok,42.73,3.86,2.63,42.73,half-profile,0.8813
190-10.jpg,190,10,ok,63.08,23.56,20.37,63.08,profile,0.8344
190-11.jpg,190,11,ok,1.47,-7.06,0.82,1.47,frontal,0.8719
190-12.jpg,190,12,ok,0.38,-5.17,-0.23,0.38,frontal,0.8932
190-13.jpg,190,13,ok,-1.34,-4.32,0.6,1.34,frontal,0.8892
190-14.jpg,190,14,ok,-1.26,-8.94,0.73,1.26,frontal,0.8674
191-01.jpg,191,1,ok,-78.68,41.25,-32.53,78.68,profile,0.8223
191-02.jpg,191,2,ok,-40.94,11.56,-0.18,40.94,half-profile,0.8246
191-03.jpg,191,3,ok,-26.34,3.47,-2.94,26.34,half-profile,0.8848
191-04.jpg,191,4,ok,-18.68,7.1,-4.85,18.68,frontal,0.8904
191-05.jpg,191,5,ok,-7.56,6.07,-5.74,7.56,frontal,0.8796
191-06.jpg,191,6,ok,12.07,8.0,-4.46,12.07,frontal,0.8651
191-07.jpg,191,7,ok,28.55,5.0,-3.5,28.55,half-profile,0.8824
191-08.jpg,191,8,ok,39.04,7.21,0.03,39.04,half-profile,0.871
191-09.jpg,191,9,ok,48.97,11.67,6.08,48.97,half-profile,0.8676
191-10.jpg,191,10,ok,70.2,26.05,19.32,70.2,profile,0.7958
191-11.jpg,191,11,ok,4.18,2.62,1.75,4.18,frontal,0.8957
191-12.jpg,191,12,ok,4.1,2.06,1.98,4.1,frontal,0.8923
191-13.jpg,191,13,ok,2.09,8.72,1.76,2.09,frontal,0.8407
191-14.jpg,191,14,ok,4.55,2.61,2.19,4.55,frontal,0.8757
192-01.jpg,192,1,ok,-68.03,16.84,-17.58,68.03,profile,0.8718
192-02.jpg,192,2,ok,-47.73,7.44,-7.44,47.73,half-profile,0.8734
192-03.jpg,192,3,ok,-34.15,3.16,-4.42,34.15,half-profile,0.909
192-04.jpg,192,4,ok,-33.25,0.64,-4.4,33.25,half-profile,0.9015
192-05.jpg,192,5,ok,-14.51,-3.34,-1.93,14.51,frontal,0.9077
192-06.jpg,192,6,ok,15.13,6.11,0.21,15.13,frontal,0.8747
192-07.jpg,192,7,ok,27.04,7.57,3.11,27.04,half-profile,0.8623
192-08.jpg,192,8,ok,34.41,7.57,3.93,34.41,half-profile,0.8801
192-09.jpg,192,9,ok,47.37,8.85,6.25,47.37,half-profile,0.848
192-10.jpg,192,10,ok,66.88,22.57,20.7,66.88,profile,0.8197
192-11.jpg,192,11,ok,0.56,-0.45,-0.29,0.56,frontal,0.8981
192-12.jpg,192,12,ok,0.01,-1.33,-0.34,0.01,frontal,0.9114
192-13.jpg,192,13,ok,-2.16,1.64,-0.49,2.16,frontal,0.8853
192-14.jpg,192,14,ok,-2.74,0.9,-1.16,2.74,frontal,0.8623
193-01.jpg,193,1,ok,-63.75,15.89,-10.02,63.75,profile,0.8334
193-02.jpg,193,2,ok,-43.36,10.96,-8.18,43.36,half-profile,0.8474
193-03.jpg,193,3,ok,-29.48,4.58,-2.83,29.48,half-profile,0.8572
193-04.jpg,193,4,ok,-21.08,2.42,-3.19,21.08,half-profile,0.9043
193-05.jpg,193,5,ok,-6.95,4.09,-0.7,6.95,frontal,0.9089
193-06.jpg,193,6,ok,6.91,6.89,-2.53,6.91,frontal,0.8874
193-07.jpg,193,7,ok,24.27,9.51,-3.55,24.27,half-profile,0.8741
193-08.jpg,193,8,ok,32.48,10.14,0.1,32.48,half-profile,0.8489
193-09.jpg,193,9,ok,39.47,7.34,-6.53,39.47,half-profile,0.8577
193-10.jpg,193,10,ok,65.0,-1.46,-8.47,65.0,profile,0.822
193-11.jpg,193,11,ok,6.17,8.45,-0.74,6.17,frontal,0.9085
193-12.jpg,193,12,ok,4.93,8.44,-0.46,4.93,frontal,0.894
193-13.jpg,193,13,ok,2.22,10.85,-2.15,2.22,frontal,0.8958
193-14.jpg,193,14,ok,3.68,9.05,-1.93,3.68,frontal,0.8951
194-01.jpg,194,1,ok,-66.12,7.61,-12.0,66.12,profile,0.8213
194-02.jpg,194,2,ok,-45.84,1.6,-6.08,45.84,half-profile,0.8596
194-03.jpg,194,3,ok,-34.64,-0.23,-2.79,34.64,half-profile,0.876
194-04.jpg,194,4,ok,-29.98,1.47,-4.07,29.98,half-profile,0.8876
194-05.jpg,194,5,ok,-14.31,2.26,-2.35,14.31,frontal,0.9001
194-06.jpg,194,6,ok,9.75,2.5,0.75,9.75,frontal,0.8851
194-07.jpg,194,7,ok,23.16,4.52,2.36,23.16,half-profile,0.8729
194-08.jpg,194,8,ok,30.36,7.57,5.48,30.36,half-profile,0.8658
194-09.jpg,194,9,ok,38.31,7.71,5.24,38.31,half-profile,0.8444
194-10.jpg,194,10,ok,63.71,24.54,22.07,63.71,profile,0.815
194-11.jpg,194,11,ok,2.62,2.78,0.85,2.62,frontal,0.8915
194-12.jpg,194,12,ok,2.51,1.12,0.29,2.51,frontal,0.8659
194-13.jpg,194,13,ok,2.26,2.29,2.23,2.26,frontal,0.8649
194-14.jpg,194,14,ok,0.9,0.21,0.81,0.9,frontal,0.863
195-01.jpg,195,1,ok,-79.88,-17.2,9.6,79.88,profile,0.7508
195-02.jpg,195,2,ok,-50.05,-8.06,1.04,50.05,half-profile,0.8264
195-03.jpg,195,3,ok,-36.21,-6.25,-1.48,36.21,half-profile,0.8744
195-04.jpg,195,4,ok,-27.06,-5.6,-2.07,27.06,half-profile,0.8743
195-05.jpg,195,5,ok,-11.65,-4.86,-2.36,11.65,frontal,0.8919
195-06.jpg,195,6,ok,7.63,-4.67,-4.74,7.63,frontal,0.8969
195-07.jpg,195,7,ok,18.82,-5.71,-5.27,18.82,frontal,0.894
195-08.jpg,195,8,ok,23.55,-6.33,-5.97,23.55,half-profile,0.8883
195-09.jpg,195,9,ok,36.99,-3.27,-8.1,36.99,half-profile,0.8624
195-10.jpg,195,10,ok,57.37,-9.01,-10.82,57.37,half-profile,0.8213
195-11.jpg,195,11,ok,-1.0,-2.89,-3.82,1.0,frontal,0.9118
195-12.jpg,195,12,ok,-0.46,-5.59,-4.29,0.46,frontal,0.9204
195-13.jpg,195,13,ok,-0.75,-4.67,-4.52,0.75,frontal,0.9127
195-14.jpg,195,14,ok,-0.37,-4.74,-3.92,0.37,frontal,0.8969
196-01.jpg,196,1,ok,-66.23,9.61,-4.62,66.23,profile,0.8465
196-02.jpg,196,2,ok,-47.02,3.51,-0.67,47.02,half-profile,0.8874
196-03.jpg,196,3,ok,-27.45,1.75,-0.92,27.45,half-profile,0.905
196-04.jpg,196,4,ok,-20.19,-1.2,0.03,20.19,half-profile,0.8938
196-05.jpg,196,5,ok,-12.69,-2.42,-0.38,12.69,frontal,0.8871
196-06.jpg,196,6,ok,4.98,0.41,-0.12,4.98,frontal,0.9097
196-07.jpg,196,7,ok,20.61,-1.81,0.44,20.61,half-profile,0.9004
196-08.jpg,196,8,ok,34.83,1.71,1.06,34.83,half-profile,0.8914
196-09.jpg,196,9,ok,49.39,5.14,3.85,49.39,half-profile,0.8774
196-10.jpg,196,10,ok,72.52,23.97,18.06,72.52,profile,0.8525
196-11.jpg,196,11,ok,6.4,-0.16,1.0,6.4,frontal,0.9057
196-12.jpg,196,12,ok,1.22,-0.26,0.06,1.22,frontal,0.8766
196-13.jpg,196,13,ok,1.51,-2.3,2.19,1.51,frontal,0.8755
196-14.jpg,196,14,ok,2.01,-1.93,-1.27,2.01,frontal,0.8954
197-01.jpg,197,1,ok,-67.99,-9.74,10.7,67.99,profile,0.835
197-02.jpg,197,2,ok,-48.64,-4.73,4.33,48.64,half-profile,0.8717
197-03.jpg,197,3,ok,-32.83,-3.48,3.3,32.83,half-profile,0.8584
197-04.jpg,197,4,ok,-28.3,-3.62,3.95,28.3,half-profile,0.8822
197-05.jpg,197,5,ok,-12.45,-1.7,3.29,12.45,frontal,0.8698
197-06.jpg,197,6,ok,17.49,-0.83,5.85,17.49,frontal,0.9068
197-07.jpg,197,7,ok,34.87,3.0,7.75,34.87,half-profile,0.8628
197-08.jpg,197,8,ok,38.77,2.51,8.04,38.77,half-profile,0.8481
197-09.jpg,197,9,ok,47.4,4.19,8.35,47.4,half-profile,0.8618
197-10.jpg,197,10,ok,82.52,19.03,19.96,82.52,profile,0.7496
197-11.jpg,197,11,ok,-1.96,-0.16,2.29,1.96,frontal,0.8812
197-12.jpg,197,12,ok,-0.9,-3.98,4.03,0.9,frontal,0.9158
197-13.jpg,197,13,ok,-0.81,0.39,2.65,0.81,frontal,0.8841
197-14.jpg,197,14,ok,0.38,-6.41,3.43,0.38,frontal,0.849
198-01.jpg,198,1,ok,-59.26,-0.0,2.53,59.26,half-profile,0.7881
198-02.jpg,198,2,ok,-38.12,-4.64,3.92,38.12,half-profile,0.8899
198-03.jpg,198,3,ok,-31.02,-2.56,0.26,31.02,half-profile,0.9013
198-04.jpg,198,4,ok,-26.48,-2.31,0.96,26.48,half-profile,0.9025
198-05.jpg,198,5,ok,-13.05,-2.45,0.15,13.05,frontal,0.9
198-06.jpg,198,6,ok,6.63,-1.35,-0.2,6.63,frontal,0.9055
198-07.jpg,198,7,ok,19.73,1.12,1.69,19.73,frontal,0.8984
198-08.jpg,198,8,ok,26.7,-0.12,0.72,26.7,half-profile,0.8959
198-09.jpg,198,9,ok,38.79,1.85,-1.37,38.79,half-profile,0.8697
198-10.jpg,198,10,ok,67.61,-6.36,-9.23,67.61,profile,0.8455
198-11.jpg,198,11,ok,-4.09,6.21,-5.5,4.09,frontal,0.9033
198-12.jpg,198,12,ok,-3.38,-0.32,-4.46,3.38,frontal,0.8967
198-13.jpg,198,13,ok,-4.66,1.43,-4.7,4.66,frontal,0.9092
198-14.jpg,198,14,ok,-4.17,1.67,-3.29,4.17,frontal,0.8838
199-01.jpg,199,1,ok,-64.96,2.11,-2.1,64.96,profile,0.8235
199-02.jpg,199,2,ok,-42.5,2.87,-3.27,42.5,half-profile,0.8767
199-03.jpg,199,3,ok,-33.89,1.31,-2.52,33.89,half-profile,0.8723
199-04.jpg,199,4,ok,-27.13,1.08,0.21,27.13,half-profile,0.8621
199-05.jpg,199,5,ok,-14.63,-0.93,-2.34,14.63,frontal,0.8806
199-06.jpg,199,6,ok,12.49,-0.24,-0.48,12.49,frontal,0.9064
199-07.jpg,199,7,ok,23.48,0.71,-0.25,23.48,half-profile,0.9041
199-08.jpg,199,8,ok,26.91,1.61,0.85,26.91,half-profile,0.8796
199-09.jpg,199,9,ok,35.95,1.01,1.08,35.95,half-profile,0.8837
199-10.jpg,199,10,ok,69.69,6.32,4.29,69.69,profile,0.8018
199-11.jpg,199,11,ok,-0.21,-1.09,-1.64,0.21,frontal,0.9117
199-12.jpg,199,12,ok,-0.61,-0.2,-1.72,0.61,frontal,0.9171
199-13.jpg,199,13,ok,-1.42,-0.31,-2.12,1.42,frontal,0.9062
199-14.jpg,199,14,ok,-2.42,0.1,-2.13,2.42,frontal,0.8993
2-01.jpg,2,1,ok,-61.22,-1.53,-4.11,61.22,profile,0.8237
2-02.jpg,2,2,ok,-42.81,-6.18,0.91,42.81,half-profile,0.8676
2-03.jpg,2,3,ok,-27.14,-7.89,3.26,27.14,half-profile,0.8926
2-04.jpg,2,4,ok,-17.28,-9.13,4.79,17.28,frontal,0.8844
2-05.jpg,2,5,ok,-8.54,-8.52,1.49,8.54,frontal,0.8799
2-06.jpg,2,6,ok,1.08,-8.25,2.57,1.08,frontal,0.89
2-07.jpg,2,7,ok,24.78,-10.59,2.53,24.78,half-profile,0.8657
2-08.jpg,2,8,ok,29.72,-12.36,0.56,29.72,half-profile,0.8618
2-09.jpg,2,9,ok,43.86,-7.34,0.94,43.86,half-profile,0.87
2-10.jpg,2,10,ok,70.98,10.37,16.04,70.98,profile,0.8231
2-11.jpg,2,11,ok,3.13,-8.1,1.01,3.13,frontal,0.8913
2-12.jpg,2,12,ok,2.31,-5.47,2.28,2.31,frontal,0.8984
2-13.jpg,2,13,ok,-0.79,-7.4,0.3,0.79,frontal,0.9057
2-14.jpg,2,14,ok,-0.46,-7.44,0.68,0.46,frontal,0.8829
20-01.jpg,20,1,ok,-63.65,0.44,5.03,63.65,profile,0.8285
20-02.jpg,20,2,ok,-43.42,6.66,-1.75,43.42,half-profile,0.8717
20-03.jpg,20,3,ok,-33.84,7.47,-3.59,33.84,half-profile,0.8833
20-04.jpg,20,4,ok,-24.73,5.14,-2.27,24.73,half-profile,0.8751
20-05.jpg,20,5,ok,-7.64,4.09,0.55,7.64,frontal,0.8841
20-06.jpg,20,6,ok,11.29,5.67,0.69,11.29,frontal,0.8768
20-07.jpg,20,7,ok,23.62,1.58,-2.27,23.62,half-profile,0.8918
20-08.jpg,20,8,ok,35.82,2.92,-0.73,35.82,half-profile,0.8462
20-09.jpg,20,9,ok,41.34,-1.56,-4.78,41.34,half-profile,0.8548
20-10.jpg,20,10,ok,72.76,-3.86,-5.82,72.76,profile,0.8021
20-11.jpg,20,11,ok,1.98,1.82,-1.42,1.98,frontal,0.8737
20-12.jpg,20,12,ok,2.96,0.84,-1.88,2.96,frontal,0.8982
20-13.jpg,20,13,ok,0.81,2.52,-1.95,0.81,frontal,0.8758
20-14.jpg,20,14,ok,2.29,1.33,-0.25,2.29,frontal,0.8922
200-01.jpg,200,1,ok,-61.68,6.96,-7.45,61.68,profile,0.8127
200-02.jpg,200,2,ok,-48.03,1.86,-6.28,48.03,half-profile,0.8686
200-03.jpg,200,3,ok,-31.93,-3.05,-5.48,31.93,half-profile,0.8903
200-04.jpg,200,4,ok,-25.89,-5.97,-5.05,25.89,half-profile,0.8654
200-05.jpg,200,5,ok,-12.2,-8.57,-3.9,12.2,frontal,0.8721
200-06.jpg,200,6,ok,10.15,-8.45,-2.69,10.15,frontal,0.8885
200-07.jpg,200,7,ok,16.98,-10.14,-3.03,16.98,frontal,0.8892
200-08.jpg,200,8,ok,25.26,-9.3,-0.97,25.26,half-profile,0.8586
200-09.jpg,200,9,ok,35.85,-7.61,0.47,35.85,half-profile,0.8618
200-10.jpg,200,10,ok,63.37,0.93,3.65,63.37,profile,0.8699
200-11.jpg,200,11,ok,6.11,-9.34,-3.43,6.11,frontal,0.877
200-12.jpg,200,12,ok,4.92,-8.79,-3.67,4.92,frontal,0.8915
200-13.jpg,200,13,ok,2.92,-9.34,-1.62,2.92,frontal,0.8949
200-14.jpg,200,14,ok,4.06,-9.18,-1.31,4.06,frontal,0.8828
21-01.jpg,21,1,ok,-54.75,7.6,1.13,54.75,half-profile,0.855
21-02.jpg,21,2,ok,-37.21,7.77,-1.59,37.21,half-profile,0.8823
21-03.jpg,21,3,ok,-26.4,3.65,-0.85,26.4,half-profile,0.9039
21-04.jpg,21,4,ok,-19.72,1.83,0.15,19.72,frontal,0.9036
21-05.jpg,21,5,ok,-6.59,-0.1,0.85,6.59,frontal,0.9092
21-06.jpg,21,6,ok,13.94,1.82,2.82,13.94,frontal,0.9037
21-07.jpg,21,7,ok,30.75,5.6,2.72,30.75,half-profile,0.886
21-08.jpg,21,8,ok,34.86,6.77,1.72,34.86,half-profile,0.8739
21-09.jpg,21,9,ok,42.93,6.46,3.06,42.93,half-profile,0.8379
21-10.jpg,21,10,ok,68.64,6.51,-1.51,68.64,profile,0.8113
21-11.jpg,21,11,ok,3.22,-1.23,-2.27,3.22,frontal,0.9119
21-12.jpg,21,12,ok,4.45,-3.2,1.55,4.45,frontal,0.9017
21-13.jpg,21,13,ok,0.12,-2.65,-2.69,0.12,frontal,0.9002
21-14.jpg,21,14,ok,0.62,-3.22,-2.58,0.62,frontal,0.892
22-01.jpg,22,1,ok,-67.19,3.44,-4.52,67.19,profile,0.8738
22-02.jpg,22,2,ok,-52.66,-0.93,-6.17,52.66,half-profile,0.894
22-03.jpg,22,3,ok,-35.88,-2.05,0.39,35.88,half-profile,0.9078
22-04.jpg,22,4,ok,-31.26,-4.4,-2.61,31.26,half-profile,0.9082
22-05.jpg,22,5,ok,-12.56,-2.75,-0.51,12.56,frontal,0.8888
22-06.jpg,22,6,ok,19.53,-4.84,-3.16,19.53,frontal,0.8805
22-07.jpg,22,7,ok,43.77,-1.53,0.98,43.77,half-profile,0.8839
22-08.jpg,22,8,ok,44.91,-0.98,1.7,44.91,half-profile,0.8843
22-09.jpg,22,9,ok,62.38,0.14,4.57,62.38,profile,0.8636
22-10.jpg,22,10,ok,74.81,20.85,22.21,74.81,profile,0.8209
22-11.jpg,22,11,ok,4.05,-0.39,-1.06,4.05,frontal,0.9111
22-12.jpg,22,12,ok,-1.2,1.87,-2.32,1.2,frontal,0.8971
22-13.jpg,22,13,ok,-1.09,2.27,-2.51,1.09,frontal,0.9131
22-14.jpg,22,14,ok,-3.15,1.72,-1.86,3.15,frontal,0.9022
23-01.jpg,23,1,ok,-62.05,25.48,-22.38,62.05,profile,0.8524
23-02.jpg,23,2,ok,-42.46,6.86,-5.81,42.46,half-profile,0.8495
23-03.jpg,23,3,ok,-32.52,3.84,-5.89,32.52,half-profile,0.8348
23-04.jpg,23,4,ok,-26.96,2.12,-6.14,26.96,half-profile,0.8638
23-05.jpg,23,5,ok,-11.88,-1.35,-3.23,11.88,frontal,0.9036
23-06.jpg,23,6,ok,2.87,-2.62,-3.08,2.87,frontal,0.9036
23-07.jpg,23,7,ok,23.25,-1.63,-0.27,23.25,half-profile,0.8905
23-08.jpg,23,8,ok,33.07,0.04,0.22,33.07,half-profile,0.8697
23-09.jpg,23,9,ok,40.42,-0.11,0.52,40.42,half-profile,0.8748
23-10.jpg,23,10,ok,56.58,5.76,3.79,56.58,half-profile,0.833
23-11.jpg,23,11,ok,3.78,-0.71,-3.93,3.78,frontal,0.8976
23-12.jpg,23,12,ok,3.53,-1.43,-2.91,3.53,frontal,0.9144
23-13.jpg,23,13,ok,1.19,-0.43,-3.91,1.19,frontal,0.8919
23-14.jpg,23,14,ok,2.54,-0.82,-3.05,2.54,frontal,0.8705
24-01.jpg,24,1,ok,-64.06,-14.28,18.25,64.06,profile,0.86
24-02.jpg,24,2,ok,-46.49,-3.21,3.49,46.49,half-profile,0.8544
24-03.jpg,24,3,ok,-34.14,-1.52,1.21,34.14,half-profile,0.8899
24-04.jpg,24,4,ok,-24.4,-2.67,1.87,24.4,half-profile,0.882
24-05.jpg,24,5,ok,-9.94,-1.79,0.28,9.94,frontal,0.8774
24-06.jpg,24,6,ok,11.84,-0.77,-1.36,11.84,frontal,0.866
24-07.jpg,24,7,ok,27.01,-1.22,-3.31,27.01,half-profile,0.8457
24-08.jpg,24,8,ok,37.52,-4.99,-3.6,37.52,half-profile,0.854
24-09.jpg,24,9,ok,49.63,-5.15,-6.11,49.63,half-profile,0.8293
24-10.jpg,24,10,ok,71.23,2.34,-1.68,71.23,profile,0.8408
24-11.jpg,24,11,ok,1.12,5.51,-0.11,1.12,frontal,0.91
24-12.jpg,24,12,ok,2.39,1.19,-0.22,2.39,frontal,0.866
24-13.jpg,24,13,ok,1.41,-1.11,0.04,1.41,frontal,0.8626
24-14.jpg,24,14,ok,1.12,-0.19,-0.2,1.12,frontal,0.879
25-01.jpg,25,1,ok,-64.04,-3.18,1.13,64.04,profile,0.8675
25-02.jpg,25,2,ok,-42.27,-2.59,0.5,42.27,half-profile,0.8921
25-03.jpg,25,3,ok,-32.59,-3.25,0.02,32.59,half-profile,0.8896
25-04.jpg,25,4,ok,-24.1,-3.37,0.6,24.1,half-profile,0.8997
25-05.jpg,25,5,ok,-10.92,1.45,-4.94,10.92,frontal,0.871
25-06.jpg,25,6,ok,4.68,-0.21,-0.75,4.68,frontal,0.8598
25-07.jpg,25,7,ok,19.94,-1.97,-0.71,19.94,frontal,0.855
25-08.jpg,25,8,ok,24.41,-0.54,-0.78,24.41,half-profile,0.859
25-09.jpg,25,9,ok,32.55,-1.02,-0.56,32.55,half-profile,0.8649
25-10.jpg,25,10,ok,57.97,2.89,3.13,57.97,half-profile,0.8039
25-11.jpg,25,11,ok,-6.6,-1.47,-4.08,6.6,frontal,0.9
25-12.jpg,25,12,ok,-6.87,0.23,-5.68,6.87,frontal,0.8732
25-13.jpg,25,13,ok,-7.05,0.49,-2.66,7.05,frontal,0.8792
25-14.jpg,25,14,ok,-5.18,1.3,-2.97,5.18,frontal,0.88
26-01.jpg,26,1,ok,-46.07,-3.37,-0.07,46.07,half-profile,0.8226
26-02.jpg,26,2,ok,-25.85,-1.13,-1.66,25.85,half-profile,0.8619
26-03.jpg,26,3,ok,-18.16,-2.62,-0.98,18.16,frontal,0.8872
26-04.jpg,26,4,ok,-16.52,-3.31,-0.9,16.52,frontal,0.8797
26-05.jpg,26,5,ok,-3.92,1.15,-0.31,3.92,frontal,0.8514
26-06.jpg,26,6,ok,5.64,1.51,0.17,5.64,frontal,0.8761
26-07.jpg,26,7,ok,16.68,-0.51,0.81,16.68,frontal,0.882
26-08.jpg,26,8,ok,23.96,-0.17,2.59,23.96,half-profile,0.8835
26-09.jpg,26,9,ok,32.4,0.2,0.71,32.4,half-profile,0.8551
26-10.jpg,26,10,ok,51.89,-0.59,-0.87,51.89,half-profile,0.808
26-11.jpg,26,11,ok,3.88,0.92,0.38,3.88,frontal,0.8778
26-12.jpg,26,12,ok,3.83,-0.81,0.13,3.83,frontal,0.9069
26-13.jpg,26,13,ok,-0.47,-1.05,-0.31,0.47,frontal,0.8899
26-14.jpg,26,14,ok,0.63,1.78,-0.09,0.63,frontal,0.8704
27-01.jpg,27,1,ok,-66.89,16.93,-18.25,66.89,profile,0.8451
27-02.jpg,27,2,ok,-45.71,4.06,-4.63,45.71,half-profile,0.8547
27-03.jpg,27,3,ok,-33.17,1.13,-3.47,33.17,half-profile,0.8674
27-04.jpg,27,4,ok,-29.33,0.54,-3.1,29.33,half-profile,0.8475
27-05.jpg,27,5,ok,-4.33,0.86,-0.81,4.33,frontal,0.9154
27-06.jpg,27,6,ok,2.21,-1.56,-0.94,2.21,frontal,0.8802
27-07.jpg,27,7,ok,20.12,-2.69,-0.35,20.12,half-profile,0.878
27-08.jpg,27,8,ok,31.8,-1.45,-0.48,31.8,half-profile,0.8655
27-09.jpg,27,9,ok,44.36,-1.91,2.25,44.36,half-profile,0.8638
27-10.jpg,27,10,ok,75.88,18.2,17.67,75.88,profile,0.8018
27-11.jpg,27,11,ok,6.35,1.55,-1.07,6.35,frontal,0.9084
27-12.jpg,27,12,ok,5.79,-2.72,-1.27,5.79,frontal,0.8806
27-13.jpg,27,13,ok,2.36,1.16,-0.65,2.36,frontal,0.9154
27-14.jpg,27,14,ok,3.39,-2.71,-0.99,3.39,frontal,0.898
28-01.jpg,28,1,ok,-62.92,19.52,-14.08,62.92,profile,0.8498
28-02.jpg,28,2,ok,-44.43,8.1,-5.58,44.43,half-profile,0.8876
28-03.jpg,28,3,ok,-31.83,6.51,-4.43,31.83,half-profile,0.8859
28-04.jpg,28,4,ok,-26.79,5.91,-2.6,26.79,half-profile,0.8989
28-05.jpg,28,5,ok,-9.49,6.08,-3.34,9.49,frontal,0.9175
28-06.jpg,28,6,ok,7.01,4.21,1.51,7.01,frontal,0.9053
28-07.jpg,28,7,ok,23.74,3.95,1.97,23.74,half-profile,0.8845
28-08.jpg,28,8,ok,31.03,4.81,-0.82,31.03,half-profile,0.8949
28-09.jpg,28,9,ok,40.69,3.07,-2.84,40.69,half-profile,0.8269
28-10.jpg,28,10,ok,56.39,4.27,-2.4,56.39,half-profile,0.8391
28-11.jpg,28,11,ok,-0.05,3.69,4.82,0.05,frontal,0.857
28-12.jpg,28,12,ok,0.85,3.39,6.0,0.85,frontal,0.8715
28-13.jpg,28,13,ok,-2.7,2.86,3.58,2.7,frontal,0.8602
28-14.jpg,28,14,ok,-0.41,-1.74,2.97,0.41,frontal,0.8555
29-01.jpg,29,1,ok,-71.72,1.26,-6.28,71.72,profile,0.869
29-02.jpg,29,2,ok,-62.25,-2.93,-2.9,62.25,profile,0.8744
29-03.jpg,29,3,ok,-47.28,-4.87,-0.67,47.28,half-profile,0.8733
29-04.jpg,29,4,ok,-42.92,-4.23,-1.27,42.92,half-profile,0.8704
29-05.jpg,29,5,ok,-18.95,-4.73,-0.52,18.95,frontal,0.9106
29-06.jpg,29,6,ok,5.37,-3.16,-1.88,5.37,frontal,0.8807
29-07.jpg,29,7,ok,20.95,-5.27,-3.45,20.95,half-profile,0.8881
29-08.jpg,29,8,ok,30.45,-5.21,-1.59,30.45,half-profile,0.8728
29-09.jpg,29,9,ok,44.53,-4.17,-2.76,44.53,half-profile,0.8493
29-10.jpg,29,10,ok,68.46,3.88,4.28,68.46,profile,0.8241
29-11.jpg,29,11,ok,3.72,-4.63,-2.04,3.72,frontal,0.8998
29-12.jpg,29,12,ok,1.57,-2.2,-0.14,1.57,frontal,0.9149
29-13.jpg,29,13,ok,0.81,-5.34,1.64,0.81,frontal,0.9067
29-14.jpg,29,14,ok,0.96,-1.9,0.93,0.96,frontal,0.8955
3-01.jpg,3,1,ok,-61.96,-1.61,-0.46,61.96,profile,0.8652
3-02.jpg,3,2,ok,-42.15,-0.96,1.02,42.15,half-profile,0.8844
3-03.jpg,3,3,ok,-33.29,-1.14,0.14,33.29,half-profile,0.8711
3-04.jpg,3,4,ok,-31.27,-2.05,0.05,31.27,half-profile,0.8731
3-05.jpg,3,5,ok,-9.24,-1.56,-0.05,9.24,frontal,0.9055
3-06.jpg,3,6,ok,10.73,0.51,0.23,10.73,frontal,0.8802
3-07.jpg,3,7,ok,22.74,0.19,-1.81,22.74,half-profile,0.8779
3-08.jpg,3,8,ok,28.09,-0.4,-1.68,28.09,half-profile,0.8649
3-09.jpg,3,9,ok,37.26,-2.05,-3.33,37.26,half-profile,0.8761
3-10.jpg,3,10,ok,60.38,-5.97,-4.47,60.38,profile,0.8675
3-11.jpg,3,11,ok,2.0,3.92,-1.13,2.0,frontal,0.8719
3-12.jpg,3,12,ok,2.32,1.46,-2.26,2.32,frontal,0.901
3-13.jpg,3,13,ok,2.28,1.74,-2.0,2.28,frontal,0.8999
3-14.jpg,3,14,ok,2.41,2.02,-2.09,2.41,frontal,0.8981
30-01.jpg,30,1,ok,-63.96,-3.89,1.8,63.96,profile,0.8074
30-02.jpg,30,2,ok,-51.06,-1.66,2.67,51.06,half-profile,0.8451
30-03.jpg,30,3,ok,-40.65,-0.26,3.94,40.65,half-profile,0.8441
30-04.jpg,30,4,ok,-28.85,-2.08,4.33,28.85,half-profile,0.8423
30-05.jpg,30,5,ok,-17.68,0.09,1.22,17.68,frontal,0.8599
30-06.jpg,30,6,ok,-1.39,-1.7,2.41,1.39,frontal,0.8576
30-07.jpg,30,7,ok,23.07,2.02,4.97,23.07,half-profile,0.8654
30-08.jpg,30,8,ok,26.93,3.75,5.02,26.93,half-profile,0.8735
30-09.jpg,30,9,ok,32.89,3.68,6.34,32.89,half-profile,0.8747
30-10.jpg,30,10,ok,57.67,7.48,11.35,57.67,half-profile,0.8425
30-11.jpg,30,11,ok,5.71,0.04,4.61,5.71,frontal,0.8763
30-12.jpg,30,12,ok,4.99,-0.61,4.5,4.99,frontal,0.8724
30-13.jpg,30,13,ok,0.26,-0.48,0.75,0.26,frontal,0.869
30-14.jpg,30,14,ok,2.11,-0.76,1.19,2.11,frontal,0.872
31-01.jpg,31,1,ok,-79.32,-19.08,16.15,79.32,profile,0.8358
31-02.jpg,31,2,ok,-52.41,-7.22,5.59,52.41,half-profile,0.8442
31-03.jpg,31,3,ok,-34.84,-4.99,5.14,34.84,half-profile,0.8751
31-04.jpg,31,4,ok,-25.48,-6.37,5.86,25.48,half-profile,0.8925
31-05.jpg,31,5,ok,-10.88,-6.82,4.55,10.88,frontal,0.8605
31-06.jpg,31,6,ok,21.1,-3.72,7.23,21.1,half-profile,0.8578
31-07.jpg,31,7,ok,31.7,-1.49,6.49,31.7,half-profile,0.848
31-08.jpg,31,8,ok,40.72,-2.06,7.92,40.72,half-profile,0.8133
31-09.jpg,31,9,ok,49.19,0.42,7.55,49.19,half-profile,0.8364
31-10.jpg,31,10,ok,80.97,30.44,34.53,80.97,profile,0.8227
31-11.jpg,31,11,ok,5.33,-8.75,2.12,5.33,frontal,0.857
31-12.jpg,31,12,ok,4.96,-6.54,2.51,4.96,frontal,0.8664
31-13.jpg,31,13,ok,3.02,-10.69,4.1,3.02,frontal,0.8722
31-14.jpg,31,14,ok,-2.54,-8.34,1.36,2.54,frontal,0.8606
32-01.jpg,32,1,ok,-64.92,-3.17,3.19,64.92,profile,0.8365
32-02.jpg,32,2,ok,-40.11,-7.21,6.63,40.11,half-profile,0.8772
32-03.jpg,32,3,ok,-28.28,-6.45,5.89,28.28,half-profile,0.9078
32-04.jpg,32,4,ok,-20.5,-4.54,6.09,20.5,half-profile,0.8716
32-05.jpg,32,5,ok,-4.73,0.68,5.38,4.73,frontal,0.8845
32-06.jpg,32,6,ok,7.7,-2.16,0.93,7.7,frontal,0.8889
32-07.jpg,32,7,ok,26.28,-1.46,3.7,26.28,half-profile,0.8817
32-08.jpg,32,8,ok,26.33,-1.86,1.71,26.33,half-profile,0.8352
32-09.jpg,32,9,ok,35.32,0.08,2.69,35.32,half-profile,0.8532
32-10.jpg,32,10,ok,67.92,11.66,9.01,67.92,profile,0.8511
32-11.jpg,32,11,ok,4.15,-1.3,1.04,4.15,frontal,0.8905
32-12.jpg,32,12,ok,1.15,-4.81,1.48,1.15,frontal,0.8882
32-13.jpg,32,13,ok,3.5,-4.65,1.68,3.5,frontal,0.9018
32-14.jpg,32,14,ok,3.31,-3.28,2.21,3.31,frontal,0.9077
33-01.jpg,33,1,ok,-65.53,-13.57,14.35,65.53,profile,0.8509
33-02.jpg,33,2,ok,-40.26,-4.99,3.37,40.26,half-profile,0.8573
33-03.jpg,33,3,ok,-27.0,-8.0,2.55,27.0,half-profile,0.8763
33-04.jpg,33,4,ok,-25.7,-7.99,2.6,25.7,half-profile,0.8661
33-05.jpg,33,5,ok,-12.62,-9.06,1.81,12.62,frontal,0.8696
33-06.jpg,33,6,ok,10.72,-3.75,-0.26,10.72,frontal,0.8751
33-07.jpg,33,7,ok,29.01,-4.81,-1.42,29.01,half-profile,0.882
33-08.jpg,33,8,ok,35.41,-2.56,-1.12,35.41,half-profile,0.8632
33-09.jpg,33,9,ok,40.45,-2.3,-1.55,40.45,half-profile,0.8722
33-10.jpg,33,10,ok,73.81,-0.75,-1.06,73.81,profile,0.8061
33-11.jpg,33,11,ok,0.29,-2.17,3.59,0.29,frontal,0.913
33-12.jpg,33,12,ok,0.09,-2.94,0.55,0.09,frontal,0.904
33-13.jpg,33,13,ok,0.03,-5.52,2.52,0.03,frontal,0.9072
33-14.jpg,33,14,ok,0.58,-4.96,0.69,0.58,frontal,0.9054
34-01.jpg,34,1,ok,-68.45,-2.79,1.4,68.45,profile,0.7741
34-02.jpg,34,2,ok,-40.92,1.31,0.27,40.92,half-profile,0.8687
34-03.jpg,34,3,ok,-31.99,-3.51,6.7,31.99,half-profile,0.8821
34-04.jpg,34,4,ok,-24.42,0.35,1.29,24.42,half-profile,0.8935
34-05.jpg,34,5,ok,-7.2,-4.38,4.17,7.2,frontal,0.8852
34-06.jpg,34,6,ok,8.72,-2.19,-0.13,8.72,frontal,0.8744
34-07.jpg,34,7,ok,23.7,4.25,0.28,23.7,half-profile,0.8608
34-08.jpg,34,8,ok,33.07,2.94,2.05,33.07,half-profile,0.8801
34-09.jpg,34,9,ok,42.16,5.94,6.19,42.16,half-profile,0.8529
34-10.jpg,34,10,ok,67.98,18.99,17.3,67.98,profile,0.8288
34-11.jpg,34,11,ok,5.07,-1.23,2.34,5.07,frontal,0.9013
34-12.jpg,34,12,ok,4.88,-2.83,2.86,4.88,frontal,0.8981
34-13.jpg,34,13,ok,4.18,0.45,2.17,4.18,frontal,0.8748
34-14.jpg,34,14,ok,-0.45,0.09,2.3,0.45,frontal,0.8726
35-01.jpg,35,1,ok,-71.8,25.32,-21.93,71.8,profile,0.8311
35-02.jpg,35,2,ok,-48.06,9.88,-6.75,48.06,half-profile,0.8597
35-03.jpg,35,3,ok,-39.21,5.52,-4.03,39.21,half-profile,0.872
35-04.jpg,35,4,ok,-30.14,1.34,-3.03,30.14,half-profile,0.9052
35-05.jpg,35,5,ok,-7.65,3.32,-1.07,7.65,frontal,0.9014
35-06.jpg,35,6,ok,8.74,3.21,1.08,8.74,frontal,0.9036
35-07.jpg,35,7,ok,20.82,0.8,0.42,20.82,half-profile,0.8912
35-08.jpg,35,8,ok,31.49,2.57,1.46,31.49,half-profile,0.8708
35-09.jpg,35,9,ok,40.81,1.27,2.51,40.81,half-profile,0.816
35-10.jpg,35,10,ok,70.18,17.08,15.61,70.18,profile,0.7894
35-11.jpg,35,11,ok,5.61,4.92,0.84,5.61,frontal,0.8945
35-12.jpg,35,12,ok,0.47,6.04,0.63,0.47,frontal,0.903
35-13.jpg,35,13,ok,3.52,6.04,0.46,3.52,frontal,0.8849
35-14.jpg,35,14,ok,4.36,5.6,0.98,4.36,frontal,0.8952
36-01.jpg,36,1,ok,-64.4,-1.49,-4.17,64.4,profile,0.8571
36-02.jpg,36,2,ok,-46.63,0.41,-3.78,46.63,half-profile,0.8537
36-03.jpg,36,3,ok,-35.57,-0.32,-3.05,35.57,half-profile,0.859
36-04.jpg,36,4,ok,-27.51,-1.59,-2.59,27.51,half-profile,0.871
36-05.jpg,36,5,ok,-11.37,-2.19,-2.4,11.37,frontal,0.8872
36-06.jpg,36,6,ok,10.42,-1.57,-0.16,10.42,frontal,0.88
36-07.jpg,36,7,ok,30.67,-1.18,-0.52,30.67,half-profile,0.8598
36-08.jpg,36,8,ok,37.11,-2.0,-0.57,37.11,half-profile,0.8582
36-09.jpg,36,9,ok,45.96,-4.88,-2.63,45.96,half-profile,0.8575
36-10.jpg,36,10,ok,79.24,-7.44,-4.05,79.24,profile,0.7709
36-11.jpg,36,11,ok,4.75,1.55,-1.56,4.75,frontal,0.9007
36-12.jpg,36,12,ok,4.65,-0.62,-2.23,4.65,frontal,0.889
36-13.jpg,36,13,ok,1.74,1.38,-3.49,1.74,frontal,0.8943
36-14.jpg,36,14,ok,3.67,-0.47,-2.29,3.67,frontal,0.8789
37-01.jpg,37,1,ok,-66.95,5.23,5.27,66.95,profile,0.7658
37-02.jpg,37,2,ok,-44.78,2.24,3.74,44.78,half-profile,0.8485
37-03.jpg,37,3,ok,-32.55,0.48,4.07,32.55,half-profile,0.8718
37-04.jpg,37,4,ok,-30.28,1.1,3.72,30.28,half-profile,0.8751
37-05.jpg,37,5,ok,-4.09,1.69,1.19,4.09,frontal,0.883
37-06.jpg,37,6,ok,13.04,0.75,1.11,13.04,frontal,0.887
37-07.jpg,37,7,ok,29.29,2.56,2.43,29.29,half-profile,0.8659
37-08.jpg,37,8,ok,37.72,-0.19,-1.63,37.72,half-profile,0.8541
37-09.jpg,37,9,ok,42.42,0.1,-1.94,42.42,half-profile,0.8407
37-10.jpg,37,10,ok,70.93,6.38,-4.78,70.93,profile,0.7835
37-11.jpg,37,11,ok,0.59,1.28,0.18,0.59,frontal,0.8812
37-12.jpg,37,12,ok,1.17,0.31,-0.52,1.17,frontal,0.8869
37-13.jpg,37,13,ok,1.94,1.83,0.17,1.94,frontal,0.8821
37-14.jpg,37,14,no_face,,,,,,
38-01.jpg,38,1,ok,-66.74,3.65,0.12,66.74,profile,0.7555
38-02.jpg,38,2,ok,-41.38,8.66,-2.18,41.38,half-profile,0.8355
38-03.jpg,38,3,ok,-27.94,10.15,-1.73,27.94,half-profile,0.836
38-04.jpg,38,4,ok,-19.12,7.75,-0.18,19.12,frontal,0.8609
38-05.jpg,38,5,ok,-2.71,8.9,-0.24,2.71,frontal,0.8683
38-06.jpg,38,6,ok,12.12,8.61,-0.43,12.12,frontal,0.884
38-07.jpg,38,7,ok,28.19,8.67,-0.31,28.19,half-profile,0.8367
38-08.jpg,38,8,ok,35.55,10.15,0.17,35.55,half-profile,0.8321
38-09.jpg,38,9,ok,43.89,9.75,1.19,43.89,half-profile,0.8323
38-10.jpg,38,10,ok,74.88,5.99,-2.01,74.88,profile,0.7822
38-11.jpg,38,11,ok,1.75,7.04,-1.21,1.75,frontal,0.8667
38-12.jpg,38,12,ok,0.84,7.08,-1.6,0.84,frontal,0.8535
38-13.jpg,38,13,ok,0.94,9.01,-1.18,0.94,frontal,0.8334
38-14.jpg,38,14,no_face,,,,,,
39-01.jpg,39,1,ok,-70.38,-9.9,15.13,70.38,profile,0.7
39-02.jpg,39,2,ok,-39.95,-2.78,7.32,39.95,half-profile,0.8486
39-03.jpg,39,3,ok,-27.44,-0.12,5.6,27.44,half-profile,0.8812
39-04.jpg,39,4,ok,-21.33,-0.25,4.07,21.33,half-profile,0.8827
39-05.jpg,39,5,ok,-7.43,0.54,2.63,7.43,frontal,0.8735
39-06.jpg,39,6,ok,-1.28,0.76,-2.03,1.28,frontal,0.8824
39-07.jpg,39,7,ok,15.8,2.14,0.51,15.8,frontal,0.8765
39-08.jpg,39,8,ok,24.78,2.47,2.71,24.78,half-profile,0.8693
39-09.jpg,39,9,ok,30.5,1.76,2.08,30.5,half-profile,0.868
39-10.jpg,39,10,ok,69.09,8.37,3.93,69.09,profile,0.7415
39-11.jpg,39,11,ok,0.74,0.44,0.88,0.74,frontal,0.8744
39-12.jpg,39,12,ok,-1.26,-2.04,2.12,1.26,frontal,0.8938
39-13.jpg,39,13,ok,-0.21,1.54,3.12,0.21,frontal,0.859
39-14.jpg,39,14,ok,-1.78,-1.28,1.54,1.78,frontal,0.8541
4-01.jpg,4,1,ok,-67.76,9.93,-10.6,67.76,profile,0.8325
4-02.jpg,4,2,ok,-47.66,0.01,-1.19,47.66,half-profile,0.832
4-03.jpg,4,3,ok,-38.77,0.06,-2.05,38.77,half-profile,0.8214
4-04.jpg,4,4,ok,-28.85,0.1,-1.82,28.85,half-profile,0.8453
4-05.jpg,4,5,ok,-8.65,0.4,-2.72,8.65,frontal,0.895
4-06.jpg,4,6,ok,8.47,3.26,-0.57,8.47,frontal,0.8709
4-07.jpg,4,7,ok,29.32,0.08,-2.82,29.32,half-profile,0.8692
4-08.jpg,4,8,ok,42.21,0.81,1.3,42.21,half-profile,0.8681
4-09.jpg,4,9,ok,50.44,0.51,3.2,50.44,half-profile,0.8504
4-10.jpg,4,10,ok,78.13,23.01,27.15,78.13,profile,0.784
4-11.jpg,4,11,ok,2.21,3.59,-1.94,2.21,frontal,0.8792
4-12.jpg,4,12,ok,0.88,4.14,-1.2,0.88,frontal,0.8856
4-13.jpg,4,13,ok,0.77,3.64,-1.94,0.77,frontal,0.8802
4-14.jpg,4,14,ok,1.26,3.57,-1.49,1.26,frontal,0.8867
40-01.jpg,40,1,ok,-69.32,1.97,-8.69,69.32,profile,0.797
40-02.jpg,40,2,ok,-44.35,-5.72,0.75,44.35,half-profile,0.8405
40-03.jpg,40,3,ok,-35.02,-4.47,-1.18,35.02,half-profile,0.8393
40-04.jpg,40,4,ok,-26.39,-4.09,0.11,26.39,half-profile,0.8604
40-05.jpg,40,5,ok,-8.37,-3.52,0.67,8.37,frontal,0.8902
40-06.jpg,40,6,ok,11.57,-2.74,1.13,11.57,frontal,0.8866
40-07.jpg,40,7,ok,31.94,-2.13,0.37,31.94,half-profile,0.854
40-08.jpg,40,8,ok,39.13,-1.29,0.35,39.13,half-profile,0.8065
40-09.jpg,40,9,ok,49.29,-0.53,3.67,49.29,half-profile,0.8177
40-10.jpg,40,10,ok,71.92,7.04,12.39,71.92,profile,0.7686
40-11.jpg,40,11,ok,3.57,-3.98,0.47,3.57,frontal,0.894
40-12.jpg,40,12,ok,2.69,-6.67,0.08,2.69,frontal,0.908
40-13.jpg,40,13,ok,3.02,-6.35,0.3,3.02,frontal,0.8961
40-14.jpg,40,14,ok,3.49,-2.62,0.1,3.49,frontal,0.8783
41-01.jpg,41,1,ok,-68.52,8.32,-15.81,68.52,profile,0.8717
41-02.jpg,41,2,ok,-44.89,-0.04,-7.9,44.89,half-profile,0.8724
41-03.jpg,41,3,ok,-30.73,-4.93,-2.85,30.73,half-profile,0.898
41-04.jpg,41,4,ok,-26.72,-3.75,-3.85,26.72,half-profile,0.9068
41-05.jpg,41,5,ok,-12.86,-4.02,-3.7,12.86,frontal,0.8885
41-06.jpg,41,6,ok,10.67,-2.5,2.55,10.67,frontal,0.8957
41-07.jpg,41,7,ok,28.93,-2.42,6.23,28.93,half-profile,0.8833
41-08.jpg,41,8,ok,22.78,-0.65,2.45,22.78,half-profile,0.8968
41-09.jpg,41,9,ok,34.93,-0.4,0.79,34.93,half-profile,0.8955
41-10.jpg,41,10,ok,67.33,12.4,17.25,67.33,profile,0.8232
41-11.jpg,41,11,ok,2.1,-5.05,-0.5,2.1,frontal,0.9131
41-12.jpg,41,12,ok,1.28,-3.53,6.79,1.28,frontal,0.9032
41-13.jpg,41,13,ok,-1.94,2.18,-0.53,1.94,frontal,0.9116
41-14.jpg,41,14,ok,-2.01,1.31,-0.81,2.01,frontal,0.9148
42-01.jpg,42,1,ok,-67.7,-9.28,6.15,67.7,profile,0.8289
42-02.jpg,42,2,ok,-43.23,0.16,3.06,43.23,half-profile,0.8844
42-03.jpg,42,3,ok,-34.27,0.75,0.97,34.27,half-profile,0.8902
42-04.jpg,42,4,ok,-29.82,-0.35,2.09,29.82,half-profile,0.8934
42-05.jpg,42,5,ok,-10.78,-0.06,2.23,10.78,frontal,0.9118
42-06.jpg,42,6,ok,4.24,-1.22,1.03,4.24,frontal,0.8207
42-07.jpg,42,7,ok,19.99,0.92,2.49,19.99,frontal,0.8905
42-08.jpg,42,8,ok,30.43,0.26,0.68,30.43,half-profile,0.8769
42-09.jpg,42,9,ok,46.35,1.15,4.57,46.35,half-profile,0.8197
42-10.jpg,42,10,ok,76.77,29.48,31.51,76.77,profile,0.8228
42-11.jpg,42,11,ok,0.63,-2.47,1.33,0.63,frontal,0.8644
42-12.jpg,42,12,ok,0.57,-3.26,0.97,0.57,frontal,0.872
42-13.jpg,42,13,ok,0.39,-1.02,1.14,0.39,frontal,0.8789
42-14.jpg,42,14,ok,0.7,2.56,1.5,0.7,frontal,0.9055
43-01.jpg,43,1,ok,-69.35,-8.72,11.2,69.35,profile,0.8394
43-02.jpg,43,2,ok,-47.38,3.64,-3.72,47.38,half-profile,0.8614
43-03.jpg,43,3,ok,-39.8,2.71,-2.4,39.8,half-profile,0.883
43-04.jpg,43,4,ok,-30.6,1.78,-3.79,30.6,half-profile,0.8852
43-05.jpg,43,5,ok,-11.22,-0.97,4.52,11.22,frontal,0.8892
43-06.jpg,43,6,ok,13.86,-0.11,3.64,13.86,frontal,0.8887
43-07.jpg,43,7,ok,38.39,3.31,4.63,38.39,half-profile,0.8794
43-08.jpg,43,8,ok,39.21,6.11,6.16,39.21,half-profile,0.8814
43-09.jpg,43,9,ok,45.08,7.21,5.39,45.08,half-profile,0.8398
43-10.jpg,43,10,ok,73.21,5.54,-0.11,73.21,profile,0.7726
43-11.jpg,43,11,ok,4.62,5.68,5.17,4.62,frontal,0.8747
43-12.jpg,43,12,ok,2.85,3.84,-0.58,2.85,frontal,0.8898
43-13.jpg,43,13,ok,2.35,5.11,3.03,2.35,frontal,0.8626
43-14.jpg,43,14,ok,3.11,3.96,3.43,3.11,frontal,0.8757
44-01.jpg,44,1,ok,-62.4,13.12,-15.86,62.4,profile,0.8449
44-02.jpg,44,2,ok,-49.52,2.94,-8.46,49.52,half-profile,0.856
44-03.jpg,44,3,ok,-39.51,1.06,-4.59,39.51,half-profile,0.8612
44-04.jpg,44,4,ok,-32.85,-1.31,0.03,32.85,half-profile,0.8826
44-05.jpg,44,5,ok,-19.47,-3.36,-1.01,19.47,frontal,0.8885
44-06.jpg,44,6,ok,-2.25,0.44,0.58,2.25,frontal,0.9012
44-07.jpg,44,7,ok,15.22,1.7,-0.1,15.22,frontal,0.9044
44-08.jpg,44,8,ok,19.94,-2.42,0.49,19.94,frontal,0.8677
44-09.jpg,44,9,ok,34.23,2.57,1.19,34.23,half-profile,0.8905
44-10.jpg,44,10,ok,59.44,16.97,17.47,59.44,half-profile,0.8559
44-11.jpg,44,11,ok,-3.6,2.13,-1.25,3.6,frontal,0.9119
44-12.jpg,44,12,ok,-1.65,-1.24,-0.63,1.65,frontal,0.904
44-13.jpg,44,13,ok,-1.44,6.52,-2.29,1.44,frontal,0.9038
44-14.jpg,44,14,ok,-5.26,-1.66,-1.42,5.26,frontal,0.882
45-01.jpg,45,1,ok,-64.32,3.11,-7.17,64.32,profile,0.8746
45-02.jpg,45,2,ok,-40.77,-2.57,-1.04,40.77,half-profile,0.8833
45-03.jpg,45,3,ok,-32.11,-1.27,-0.69,32.11,half-profile,0.8876
45-04.jpg,45,4,ok,-25.15,-3.28,-0.0,25.15,half-profile,0.9144
45-05.jpg,45,5,ok,-11.97,-0.73,-0.99,11.97,frontal,0.9119
45-06.jpg,45,6,ok,6.95,-1.7,0.8,6.95,frontal,0.9
45-07.jpg,45,7,ok,25.6,-2.13,0.07,25.6,half-profile,0.892
45-08.jpg,45,8,ok,34.82,-1.16,2.68,34.82,half-profile,0.891
45-09.jpg,45,9,ok,45.86,-0.62,4.11,45.86,half-profile,0.8615
45-10.jpg,45,10,ok,74.07,11.06,11.81,74.07,profile,0.846
45-11.jpg,45,11,ok,1.99,-1.38,0.12,1.99,frontal,0.9138
45-12.jpg,45,12,ok,0.92,-3.55,-0.86,0.92,frontal,0.9202
45-13.jpg,45,13,ok,2.37,-0.39,2.33,2.37,frontal,0.9166
45-14.jpg,45,14,ok,0.67,-0.66,1.31,0.67,frontal,0.9153
46-01.jpg,46,1,ok,-74.25,31.54,-36.83,74.25,profile,0.8142
46-02.jpg,46,2,ok,-48.64,-2.39,-2.03,48.64,half-profile,0.8983
46-03.jpg,46,3,ok,-33.94,-2.96,-0.36,33.94,half-profile,0.9011
46-04.jpg,46,4,ok,-33.23,-3.0,-1.68,33.23,half-profile,0.8904
46-05.jpg,46,5,ok,-19.68,-3.22,-1.37,19.68,frontal,0.9113
46-06.jpg,46,6,ok,18.36,-0.05,-0.47,18.36,frontal,0.9001
46-07.jpg,46,7,ok,41.81,1.33,2.45,41.81,half-profile,0.8346
46-08.jpg,46,8,ok,44.44,1.78,1.9,44.44,half-profile,0.8175
46-09.jpg,46,9,ok,58.75,7.01,7.38,58.75,half-profile,0.8565
46-10.jpg,46,10,ok,76.38,23.95,22.37,76.38,profile,0.8363
46-11.jpg,46,11,ok,5.41,-0.15,2.78,5.41,frontal,0.8893
46-12.jpg,46,12,ok,3.34,-2.02,2.9,3.34,frontal,0.8884
46-13.jpg,46,13,ok,-0.51,-4.31,-0.38,0.51,frontal,0.9066
46-14.jpg,46,14,ok,-3.23,-8.95,-7.07,3.23,frontal,0.8149
47-01.jpg,47,1,ok,-53.63,6.93,-5.66,53.63,half-profile,0.8816
47-02.jpg,47,2,ok,-42.98,4.47,-4.02,42.98,half-profile,0.8866
47-03.jpg,47,3,ok,-33.72,2.77,-3.79,33.72,half-profile,0.9166
47-04.jpg,47,4,ok,-26.77,1.05,-2.1,26.77,half-profile,0.9181
47-05.jpg,47,5,ok,-19.74,-0.91,-2.01,19.74,frontal,0.9001
47-06.jpg,47,6,ok,2.61,-1.2,-0.78,2.61,frontal,0.9169
47-07.jpg,47,7,ok,23.93,0.71,-0.08,23.93,half-profile,0.8946
47-08.jpg,47,8,ok,28.89,0.37,0.35,28.89,half-profile,0.9034
47-09.jpg,47,9,ok,42.28,5.97,4.41,42.28,half-profile,0.8886
47-10.jpg,47,10,ok,59.2,12.42,9.76,59.2,half-profile,0.8653
47-11.jpg,47,11,ok,4.53,0.57,-1.31,4.53,frontal,0.9166
47-12.jpg,47,12,ok,-3.54,-0.87,-4.5,3.54,frontal,0.9126
47-13.jpg,47,13,ok,-2.68,1.64,-2.11,2.68,frontal,0.9169
47-14.jpg,47,14,ok,-17.06,-6.69,-3.85,17.06,frontal,0.8724
48-01.jpg,48,1,ok,-65.25,-1.59,-3.84,65.25,profile,0.8428
48-02.jpg,48,2,ok,-49.06,-5.05,-1.82,49.06,half-profile,0.8856
48-03.jpg,48,3,ok,-33.36,-1.72,-2.56,33.36,half-profile,0.8748
48-04.jpg,48,4,ok,-27.95,-2.9,-2.38,27.95,half-profile,0.8882
48-05.jpg,48,5,ok,-18.16,-6.25,-2.64,18.16,frontal,0.908
48-06.jpg,48,6,ok,1.11,-5.53,-3.09,1.11,frontal,0.9212
48-07.jpg,48,7,ok,27.02,-0.58,-2.95,27.02,half-profile,0.8692
48-08.jpg,48,8,ok,32.55,-0.96,-3.17,32.55,half-profile,0.862
48-09.jpg,48,9,ok,49.99,4.41,0.89,49.99,half-profile,0.8455
48-10.jpg,48,10,ok,73.39,2.76,1.38,73.39,profile,0.8176
48-11.jpg,48,11,ok,1.53,-0.9,-1.91,1.53,frontal,0.883
48-12.jpg,48,12,ok,-0.31,-3.41,-1.82,0.31,frontal,0.8868
48-13.jpg,48,13,ok,-2.14,-3.12,-2.55,2.14,frontal,0.8944
48-14.jpg,48,14,ok,-16.6,-10.08,-8.39,16.6,frontal,0.798
49-01.jpg,49,1,ok,-61.32,-1.45,-2.34,61.32,profile,0.8619
49-02.jpg,49,2,ok,-44.24,-0.12,-4.76,44.24,half-profile,0.8802
49-03.jpg,49,3,ok,-34.49,-2.67,-2.68,34.49,half-profile,0.8926
49-04.jpg,49,4,ok,-28.19,-2.18,-0.66,28.19,half-profile,0.8806
49-05.jpg,49,5,ok,-7.81,-0.96,0.22,7.81,frontal,0.8967
49-06.jpg,49,6,ok,4.44,-0.42,0.67,4.44,frontal,0.9103
49-07.jpg,49,7,ok,27.39,-0.21,0.32,27.39,half-profile,0.8594
49-08.jpg,49,8,ok,36.61,1.55,0.56,36.61,half-profile,0.8687
49-09.jpg,49,9,ok,44.12,2.05,-0.97,44.12,half-profile,0.8544
49-10.jpg,49,10,ok,65.1,6.34,2.04,65.1,profile,0.8272
49-11.jpg,49,11,ok,3.51,1.0,-2.02,3.51,frontal,0.8929
49-12.jpg,49,12,ok,2.06,0.95,-1.73,2.06,frontal,0.9099
49-13.jpg,49,13,ok,1.72,0.13,-1.63,1.72,frontal,0.9053
49-14.jpg,49,14,ok,-6.63,-7.09,-10.91,6.63,frontal,0.6289
5-01.jpg,5,1,ok,-70.02,-3.38,-0.97,70.02,profile,0.7964
5-02.jpg,5,2,ok,-50.75,-3.84,-0.74,50.75,half-profile,0.8193
5-03.jpg,5,3,ok,-35.85,-5.49,-0.09,35.85,half-profile,0.8714
5-04.jpg,5,4,ok,-27.6,-3.85,-1.43,27.6,half-profile,0.8778
5-05.jpg,5,5,ok,-3.68,-0.37,-1.76,3.68,frontal,0.8663
5-06.jpg,5,6,ok,17.44,-0.31,-0.42,17.44,frontal,0.8111
5-07.jpg,5,7,ok,40.49,-2.39,-0.89,40.49,half-profile,0.8379
5-08.jpg,5,8,ok,44.15,-4.69,0.38,44.15,half-profile,0.8424
5-09.jpg,5,9,ok,55.08,-4.03,2.45,55.08,half-profile,0.8234
5-10.jpg,5,10,ok,81.18,28.48,33.46,81.18,profile,0.789
5-11.jpg,5,11,ok,2.19,-2.75,1.57,2.19,frontal,0.896
5-12.jpg,5,12,ok,1.2,-3.05,2.35,1.2,frontal,0.9014
5-13.jpg,5,13,ok,1.5,-3.5,2.33,1.5,frontal,0.9018
5-14.jpg,5,14,ok,0.66,-2.7,2.01,0.66,frontal,0.8958
50-01.jpg,50,1,ok,-70.03,5.87,3.55,70.03,profile,0.879
50-02.jpg,50,2,ok,-46.55,9.31,-1.1,46.55,half-profile,0.8762
50-03.jpg,50,3,ok,-34.82,5.15,-1.8,34.82,half-profile,0.8581
50-04.jpg,50,4,ok,-26.73,8.03,-1.5,26.73,half-profile,0.8571
50-05.jpg,50,5,ok,-8.05,8.71,-1.05,8.05,frontal,0.8962
50-06.jpg,50,6,ok,13.6,9.69,0.28,13.6,frontal,0.8496
50-07.jpg,50,7,ok,32.14,9.17,-0.71,32.14,half-profile,0.8689
50-08.jpg,50,8,ok,41.45,9.29,1.92,41.45,half-profile,0.8289
50-09.jpg,50,9,ok,44.85,7.25,-1.21,44.85,half-profile,0.8508
50-10.jpg,50,10,ok,69.4,7.84,2.47,69.4,profile,0.8434
50-11.jpg,50,11,ok,3.99,9.6,-0.07,3.99,frontal,0.8691
50-12.jpg,50,12,ok,3.52,9.35,-1.26,3.52,frontal,0.8807
50-13.jpg,50,13,ok,2.95,10.0,0.28,2.95,frontal,0.8781
50-14.jpg,50,14,no_face,,,,,,
51-01.jpg,51,1,ok,-51.89,5.14,-6.93,51.89,half-profile,0.86
51-02.jpg,51,2,ok,-25.18,1.61,-1.14,25.18,half-profile,0.9066
51-03.jpg,51,3,ok,-14.66,-1.44,0.09,14.66,frontal,0.881
51-04.jpg,51,4,ok,-7.12,0.12,-2.08,7.12,frontal,0.8936
51-05.jpg,51,5,ok,1.12,-2.53,0.91,1.12,frontal,0.9002
51-06.jpg,51,6,ok,13.17,-4.33,2.06,13.17,frontal,0.8822
51-07.jpg,51,7,ok,19.74,-5.2,1.95,19.74,frontal,0.8925
51-08.jpg,51,8,ok,23.35,-3.95,2.39,23.35,half-profile,0.8855
51-09.jpg,51,9,ok,27.79,-2.26,2.15,27.79,half-profile,0.8757
51-10.jpg,51,10,ok,58.47,-1.17,3.84,58.47,half-profile,0.8153
51-11.jpg,51,11,ok,2.65,-5.22,-3.23,2.65,frontal,0.9035
51-12.jpg,51,12,ok,4.21,-2.26,1.92,4.21,frontal,0.9051
51-13.jpg,51,13,ok,6.39,-5.55,-0.61,6.39,frontal,0.8735
51-14.jpg,51,14,ok,4.75,-4.76,-0.79,4.75,frontal,0.89
52-01.jpg,52,1,ok,-66.38,-4.86,2.06,66.38,profile,0.7776
52-02.jpg,52,2,ok,-43.17,-7.01,4.31,43.17,half-profile,0.8065
52-03.jpg,52,3,ok,-26.55,-6.14,1.77,26.55,half-profile,0.8696
52-04.jpg,52,4,ok,-19.51,-7.74,1.58,19.51,frontal,0.8756
52-05.jpg,52,5,ok,-6.7,-5.62,-1.0,6.7,frontal,0.8734
52-06.jpg,52,6,ok,9.5,-7.12,-1.82,9.5,frontal,0.8509
52-07.jpg,52,7,ok,28.13,-3.79,-4.14,28.13,half-profile,0.8533
52-08.jpg,52,8,ok,30.7,-4.6,-4.76,30.7,half-profile,0.8631
52-09.jpg,52,9,ok,45.77,-5.45,-5.52,45.77,half-profile,0.8338
52-10.jpg,52,10,ok,66.19,3.47,5.36,66.19,profile,0.799
52-11.jpg,52,11,ok,0.33,-6.0,-0.9,0.33,frontal,0.8789
52-12.jpg,52,12,ok,1.21,-3.61,-1.51,1.21,frontal,0.8847
52-13.jpg,52,13,ok,-0.49,-3.32,-1.95,0.49,frontal,0.8635
52-14.jpg,52,14,ok,-0.37,-2.67,-2.19,0.37,frontal,0.8437
53-01.jpg,53,1,ok,-64.23,11.93,-12.8,64.23,profile,0.8281
53-02.jpg,53,2,ok,-44.57,-1.73,0.25,44.57,half-profile,0.8402
53-03.jpg,53,3,ok,-31.2,-2.86,0.04,31.2,half-profile,0.8011
53-04.jpg,53,4,ok,-22.43,-2.02,-0.21,22.43,half-profile,0.8603
53-05.jpg,53,5,ok,-7.73,-2.15,-0.05,7.73,frontal,0.8831
53-06.jpg,53,6,ok,13.36,0.08,0.55,13.36,frontal,0.8787
53-07.jpg,53,7,ok,23.82,-0.19,0.19,23.82,half-profile,0.8432
53-08.jpg,53,8,ok,35.23,1.14,3.46,35.23,half-profile,0.8697
53-09.jpg,53,9,ok,46.16,1.82,4.34,46.16,half-profile,0.8228
53-10.jpg,53,10,ok,68.89,23.79,27.47,68.89,profile,0.7894
53-11.jpg,53,11,ok,5.28,0.09,-0.32,5.28,frontal,0.8711
53-12.jpg,53,12,ok,9.32,-0.81,0.83,9.32,frontal,0.8721
53-13.jpg,53,13,ok,4.48,0.06,-0.05,4.48,frontal,0.8799
53-14.jpg,53,14,ok,3.5,-1.94,-0.26,3.5,frontal,0.8782
54-01.jpg,54,1,ok,-70.99,1.24,-2.31,70.99,profile,0.8198
54-02.jpg,54,2,ok,-51.86,3.52,-5.22,51.86,half-profile,0.8509
54-03.jpg,54,3,ok,-32.31,-0.05,-2.93,32.31,half-profile,0.9031
54-04.jpg,54,4,ok,-26.4,4.16,-3.67,26.4,half-profile,0.8662
54-05.jpg,54,5,ok,-8.44,-3.32,-2.83,8.44,frontal,0.8623
54-06.jpg,54,6,ok,9.4,2.52,-2.44,9.4,frontal,0.8779
54-07.jpg,54,7,ok,32.91,0.37,-2.21,32.91,half-profile,0.8112
54-08.jpg,54,8,ok,44.98,2.88,-4.02,44.98,half-profile,0.8732
54-09.jpg,54,9,ok,56.92,-1.54,-5.88,56.92,half-profile,0.818
54-10.jpg,54,10,ok,76.09,-6.2,-11.45,76.09,profile,0.8342
54-11.jpg,54,11,ok,0.58,4.21,-2.32,0.58,frontal,0.9115
54-12.jpg,54,12,ok,7.34,5.49,6.22,7.34,frontal,0.889
54-13.jpg,54,13,ok,-0.09,5.48,-1.76,0.09,frontal,0.915
54-14.jpg,54,14,ok,-1.13,5.67,-2.51,1.13,frontal,0.9056
55-01.jpg,55,1,ok,-58.63,1.14,-5.8,58.63,half-profile,0.8742
55-02.jpg,55,2,ok,-39.76,0.41,-0.98,39.76,half-profile,0.8766
55-03.jpg,55,3,ok,-28.87,0.17,1.42,28.87,half-profile,0.9056
55-04.jpg,55,4,ok,-28.64,-1.88,0.56,28.64,half-profile,0.9112
55-05.jpg,55,5,ok,-10.02,2.14,0.53,10.02,frontal,0.8964
55-06.jpg,55,6,ok,11.64,5.41,0.37,11.64,frontal,0.9115
55-07.jpg,55,7,ok,25.73,2.78,-0.05,25.73,half-profile,0.8921
55-08.jpg,55,8,ok,33.45,2.59,-0.26,33.45,half-profile,0.8884
55-09.jpg,55,9,ok,39.38,3.02,1.29,39.38,half-profile,0.8857
55-10.jpg,55,10,ok,67.52,8.36,9.85,67.52,profile,0.8339
55-11.jpg,55,11,ok,0.05,2.7,-0.56,0.05,frontal,0.9107
55-12.jpg,55,12,ok,1.34,2.94,-3.01,1.34,frontal,0.8932
55-13.jpg,55,13,ok,-0.74,3.24,-2.54,0.74,frontal,0.8951
55-14.jpg,55,14,ok,0.36,2.12,-2.03,0.36,frontal,0.8767
56-01.jpg,56,1,ok,-61.93,-1.51,-6.4,61.93,profile,0.8613
56-02.jpg,56,2,ok,-35.42,-0.34,-5.28,35.42,half-profile,0.8698
56-03.jpg,56,3,ok,-25.38,-0.72,-3.74,25.38,half-profile,0.9037
56-04.jpg,56,4,ok,-23.81,-3.99,-3.68,23.81,half-profile,0.8804
56-05.jpg,56,5,ok,-17.09,-8.39,-3.12,17.09,frontal,0.8872
56-06.jpg,56,6,ok,4.23,-6.22,-2.53,4.23,frontal,0.8784
56-07.jpg,56,7,ok,20.27,-7.43,-3.36,20.27,half-profile,0.8584
56-08.jpg,56,8,ok,29.36,-5.61,-1.83,29.36,half-profile,0.8201
56-09.jpg,56,9,ok,36.91,-1.15,-3.66,36.91,half-profile,0.8563
56-10.jpg,56,10,ok,65.59,8.85,11.28,65.59,profile,0.8259
56-11.jpg,56,11,ok,3.95,-3.52,-0.98,3.95,frontal,0.8849
56-12.jpg,56,12,ok,3.74,-4.14,-0.93,3.74,frontal,0.8883
56-13.jpg,56,13,ok,3.39,-5.25,-1.14,3.39,frontal,0.879
56-14.jpg,56,14,ok,3.59,-8.87,-1.07,3.59,frontal,0.8758
57-01.jpg,57,1,ok,-59.25,-0.22,-3.82,59.25,half-profile,0.8574
57-02.jpg,57,2,ok,-40.59,-2.01,-2.19,40.59,half-profile,0.8571
57-03.jpg,57,3,ok,-26.63,0.03,-3.43,26.63,half-profile,0.8714
57-04.jpg,57,4,ok,-26.66,-0.68,-4.83,26.66,half-profile,0.9126
57-05.jpg,57,5,ok,-9.0,-1.81,-2.59,9.0,frontal,0.8756
57-06.jpg,57,6,ok,2.14,-3.93,-2.74,2.14,frontal,0.9114
57-07.jpg,57,7,ok,23.16,-1.37,-0.63,23.16,half-profile,0.8794
57-08.jpg,57,8,ok,30.76,-3.01,0.28,30.76,half-profile,0.8636
57-09.jpg,57,9,ok,42.17,-4.72,-1.43,42.17,half-profile,0.8604
57-10.jpg,57,10,ok,70.78,-10.45,-2.21,70.78,profile,0.7855
57-11.jpg,57,11,ok,-3.45,-4.81,-2.72,3.45,frontal,0.9214
57-12.jpg,57,12,ok,-2.81,-5.13,-3.75,2.81,frontal,0.923
57-13.jpg,57,13,ok,-3.54,-4.06,-3.16,3.54,frontal,0.9155
57-14.jpg,57,14,ok,-2.68,-5.49,-2.92,2.68,frontal,0.8963
58-01.jpg,58,1,ok,-56.53,3.57,-6.26,56.53,half-profile,0.8927
58-02.jpg,58,2,ok,-42.5,7.54,-8.94,42.5,half-profile,0.8916
58-03.jpg,58,3,ok,-25.57,6.6,-3.67,25.57,half-profile,0.9182
58-04.jpg,58,4,ok,-18.3,2.72,-4.43,18.3,frontal,0.8818
58-05.jpg,58,5,ok,-6.06,2.73,-1.64,6.06,frontal,0.8958
58-06.jpg,58,6,ok,6.09,-0.52,-2.73,6.09,frontal,0.9167
58-07.jpg,58,7,ok,18.41,1.81,-1.57,18.41,frontal,0.8835
58-08.jpg,58,8,ok,28.07,-0.4,-0.11,28.07,half-profile,0.9018
58-09.jpg,58,9,ok,40.34,1.09,1.72,40.34,half-profile,0.8823
58-10.jpg,58,10,ok,67.51,11.29,12.89,67.51,profile,0.848
58-11.jpg,58,11,ok,4.33,4.26,-0.95,4.33,frontal,0.898
58-12.jpg,58,12,ok,4.03,0.93,-0.76,4.03,frontal,0.9002
58-13.jpg,58,13,ok,2.65,2.7,-2.49,2.65,frontal,0.8942
58-14.jpg,58,14,ok,1.96,-0.02,-1.84,1.96,frontal,0.8927
59-01.jpg,59,1,ok,-66.96,16.26,-15.13,66.96,profile,0.826
59-02.jpg,59,2,ok,-47.15,9.42,-9.14,47.15,half-profile,0.8367
59-03.jpg,59,3,ok,-35.66,0.82,-4.92,35.66,half-profile,0.8486
59-04.jpg,59,4,ok,-33.67,1.97,-3.62,33.67,half-profile,0.8527
59-05.jpg,59,5,ok,-12.3,-1.46,-1.39,12.3,frontal,0.8427
59-06.jpg,59,6,ok,-3.03,-3.23,-1.57,3.03,frontal,0.8557
59-07.jpg,59,7,ok,22.24,-1.48,-1.02,22.24,half-profile,0.878
59-08.jpg,59,8,ok,30.53,-1.38,-1.06,30.53,half-profile,0.8304
59-09.jpg,59,9,ok,44.28,2.99,0.92,44.28,half-profile,0.8382
59-10.jpg,59,10,ok,69.63,15.7,10.34,69.63,profile,0.8479
59-11.jpg,59,11,ok,2.98,2.86,-2.48,2.98,frontal,0.8474
59-12.jpg,59,12,ok,3.35,3.22,0.83,3.35,frontal,0.8651
59-13.jpg,59,13,ok,0.89,2.04,-1.69,0.89,frontal,0.8844
59-14.jpg,59,14,ok,0.82,-2.9,-0.94,0.82,frontal,0.8607
6-01.jpg,6,1,ok,-72.77,14.25,-13.69,72.77,profile,0.8368
6-02.jpg,6,2,ok,-50.1,3.12,-0.27,50.1,half-profile,0.8636
6-03.jpg,6,3,ok,-31.84,0.82,-0.64,31.84,half-profile,0.8868
6-04.jpg,6,4,ok,-25.54,1.49,-0.8,25.54,half-profile,0.8732
6-05.jpg,6,5,ok,-10.93,-3.22,-2.37,10.93,frontal,0.8489
6-06.jpg,6,6,ok,8.44,-2.45,-3.11,8.44,frontal,0.8695
6-07.jpg,6,7,ok,21.63,-1.67,-4.49,21.63,half-profile,0.8685
6-08.jpg,6,8,ok,32.94,0.13,-5.15,32.94,half-profile,0.8667
6-09.jpg,6,9,ok,46.39,0.54,-5.58,46.39,half-profile,0.8538
6-10.jpg,6,10,ok,77.38,17.21,11.01,77.38,profile,0.8024
6-11.jpg,6,11,ok,0.29,-0.66,-0.11,0.29,frontal,0.907
6-12.jpg,6,12,ok,0.57,-2.74,-0.7,0.57,frontal,0.9116
6-13.jpg,6,13,ok,-0.48,-2.53,-1.17,0.48,frontal,0.9123
6-14.jpg,6,14,ok,-1.04,-3.56,-1.15,1.04,frontal,0.9052
60-01.jpg,60,1,ok,-53.88,-2.75,-1.39,53.88,half-profile,0.7882
60-02.jpg,60,2,ok,-36.09,-2.36,-1.97,36.09,half-profile,0.8377
60-03.jpg,60,3,ok,-26.75,-2.76,-0.98,26.75,half-profile,0.8566
60-04.jpg,60,4,ok,-18.6,-3.25,-1.01,18.6,frontal,0.8641
60-05.jpg,60,5,ok,-2.96,-5.05,3.26,2.96,frontal,0.8767
60-06.jpg,60,6,ok,1.77,-4.8,2.28,1.77,frontal,0.8564
60-07.jpg,60,7,ok,13.67,-3.27,3.1,13.67,frontal,0.8648
60-08.jpg,60,8,ok,19.47,-2.16,3.16,19.47,frontal,0.8584
60-09.jpg,60,9,ok,26.46,-2.07,3.24,26.46,half-profile,0.836
60-10.jpg,60,10,ok,52.25,2.7,4.66,52.25,half-profile,0.8225
60-11.jpg,60,11,ok,6.93,-3.77,2.69,6.93,frontal,0.8581
60-12.jpg,60,12,ok,2.38,-4.55,3.33,2.38,frontal,0.8923
60-13.jpg,60,13,ok,-1.79,-5.14,1.21,1.79,frontal,0.873
60-14.jpg,60,14,ok,-2.43,-7.35,0.65,2.43,frontal,0.846
61-01.jpg,61,1,ok,-68.54,2.03,1.8,68.54,profile,0.801
61-02.jpg,61,2,ok,-45.08,5.43,-1.33,45.08,half-profile,0.8644
61-03.jpg,61,3,ok,-30.7,1.41,3.22,30.7,half-profile,0.8806
61-04.jpg,61,4,ok,-24.24,2.1,1.65,24.24,half-profile,0.8855
61-05.jpg,61,5,ok,-7.94,4.25,1.44,7.94,frontal,0.8887
61-06.jpg,61,6,ok,7.68,7.19,0.91,7.68,frontal,0.8952
61-07.jpg,61,7,ok,22.0,6.26,2.35,22.0,half-profile,0.8909
61-08.jpg,61,8,ok,28.35,5.68,1.99,28.35,half-profile,0.8812
61-09.jpg,61,9,ok,38.02,5.57,4.27,38.02,half-profile,0.8478
61-10.jpg,61,10,ok,66.95,1.26,-0.01,66.95,profile,0.7959
61-11.jpg,61,11,ok,2.34,5.76,-2.24,2.34,frontal,0.9004
61-12.jpg,61,12,ok,0.47,8.6,-4.91,0.47,frontal,0.9035
61-13.jpg,61,13,ok,-0.54,10.84,-2.9,0.54,frontal,0.8766
61-14.jpg,61,14,ok,0.72,3.77,-2.06,0.72,frontal,0.8276
62-01.jpg,62,1,ok,-54.62,-7.2,5.94,54.62,half-profile,0.8783
62-02.jpg,62,2,ok,-28.51,-1.0,1.87,28.51,half-profile,0.9147
62-03.jpg,62,3,ok,-29.07,2.21,-3.61,29.07,half-profile,0.8981
62-04.jpg,62,4,ok,-20.41,1.73,-2.37,20.41,half-profile,0.8947
62-05.jpg,62,5,ok,-7.51,2.03,-1.22,7.51,frontal,0.8867
62-06.jpg,62,6,ok,6.89,2.36,1.03,6.89,frontal,0.9016
62-07.jpg,62,7,ok,21.54,0.51,0.22,21.54,half-profile,0.894
62-08.jpg,62,8,ok,32.1,5.61,2.58,32.1,half-profile,0.8649
62-09.jpg,62,9,ok,45.63,3.66,1.92,45.63,half-profile,0.8621
62-10.jpg,62,10,ok,70.84,-1.15,-1.44,70.84,profile,0.8107
62-11.jpg,62,11,ok,1.27,-2.24,1.06,1.27,frontal,0.9134
62-12.jpg,62,12,ok,1.79,-1.42,1.88,1.79,frontal,0.9219
62-13.jpg,62,13,ok,-0.39,-0.79,3.07,0.39,frontal,0.8993
62-14.jpg,62,14,ok,2.51,-1.68,3.58,2.51,frontal,0.9106
63-01.jpg,63,1,ok,-66.22,12.82,-17.15,66.22,profile,0.8321
63-02.jpg,63,2,ok,-47.19,5.11,-8.34,47.19,half-profile,0.841
63-03.jpg,63,3,ok,-30.24,5.31,-4.41,30.24,half-profile,0.8696
63-04.jpg,63,4,ok,-23.21,4.07,-2.88,23.21,half-profile,0.8658
63-05.jpg,63,5,ok,-6.91,8.77,-2.72,6.91,frontal,0.9041
63-06.jpg,63,6,ok,9.66,4.02,-2.33,9.66,frontal,0.9036
63-07.jpg,63,7,ok,29.33,5.02,-2.66,29.33,half-profile,0.8894
63-08.jpg,63,8,ok,27.01,3.72,-1.75,27.01,half-profile,0.8927
63-09.jpg,63,9,ok,39.44,1.66,-1.28,39.44,half-profile,0.8878
63-10.jpg,63,10,ok,72.19,3.11,2.4,72.19,profile,0.8287
63-11.jpg,63,11,ok,2.28,6.72,-3.44,2.28,frontal,0.9116
63-12.jpg,63,12,ok,3.36,4.73,-2.34,3.36,frontal,0.9107
63-13.jpg,63,13,ok,0.27,10.26,-3.57,0.27,frontal,0.9079
63-14.jpg,63,14,no_face,,,,,,
64-01.jpg,64,1,ok,-61.83,7.04,-4.19,61.83,profile,0.8563
64-02.jpg,64,2,ok,-44.84,9.53,-2.14,44.84,half-profile,0.8578
64-03.jpg,64,3,ok,-30.62,3.91,0.06,30.62,half-profile,0.8799
64-04.jpg,64,4,ok,-26.39,2.75,0.57,26.39,half-profile,0.8764
64-05.jpg,64,5,ok,-12.92,8.57,-0.01,12.92,frontal,0.8641
64-06.jpg,64,6,ok,3.75,3.85,5.45,3.75,frontal,0.8949
64-07.jpg,64,7,ok,23.41,7.73,7.01,23.41,half-profile,0.8947
64-08.jpg,64,8,ok,30.55,8.26,4.26,30.55,half-profile,0.862
64-09.jpg,64,9,ok,37.08,9.44,5.07,37.08,half-profile,0.8694
64-10.jpg,64,10,ok,61.94,22.81,15.92,61.94,profile,0.8162
64-11.jpg,64,11,ok,-0.69,4.13,1.26,0.69,frontal,0.8983
64-12.jpg,64,12,ok,-3.82,6.05,-0.7,3.82,frontal,0.8811
64-13.jpg,64,13,ok,-4.27,5.94,1.76,4.27,frontal,0.8923
64-14.jpg,64,14,no_face,,,,,,
65-01.jpg,65,1,ok,-63.77,25.26,-31.59,63.77,profile,0.7996
65-02.jpg,65,2,ok,-46.42,2.44,-11.12,46.42,half-profile,0.8688
65-03.jpg,65,3,ok,-28.37,-3.86,-4.45,28.37,half-profile,0.8811
65-04.jpg,65,4,ok,-22.86,-5.03,-3.54,22.86,half-profile,0.8793
65-05.jpg,65,5,ok,-0.88,-2.89,-0.43,0.88,frontal,0.8831
65-06.jpg,65,6,ok,18.06,0.05,5.1,18.06,frontal,0.8822
65-07.jpg,65,7,ok,27.44,-1.16,8.23,27.44,half-profile,0.8615
65-08.jpg,65,8,ok,34.28,4.6,10.97,34.28,half-profile,0.8838
65-09.jpg,65,9,ok,38.14,9.87,7.59,38.14,half-profile,0.8348
65-10.jpg,65,10,ok,61.18,24.25,21.62,61.18,profile,0.8061
65-11.jpg,65,11,ok,4.15,0.86,-1.27,4.15,frontal,0.9004
65-12.jpg,65,12,ok,4.04,-0.49,-0.63,4.04,frontal,0.9047
65-13.jpg,65,13,ok,1.42,6.43,-3.15,1.42,frontal,0.8717
65-14.jpg,65,14,no_face,,,,,,
66-01.jpg,66,1,ok,-70.88,18.18,-13.69,70.88,profile,0.8626
66-02.jpg,66,2,ok,-48.51,10.85,-9.78,48.51,half-profile,0.8066
66-03.jpg,66,3,ok,-39.34,9.38,-8.48,39.34,half-profile,0.8967
66-04.jpg,66,4,ok,-25.53,1.41,-2.93,25.53,half-profile,0.8607
66-05.jpg,66,5,ok,-17.49,3.23,-4.12,17.49,frontal,0.8986
66-06.jpg,66,6,ok,7.92,3.86,1.67,7.92,frontal,0.878
66-07.jpg,66,7,ok,15.75,1.84,1.83,15.75,frontal,0.87
66-08.jpg,66,8,ok,21.64,0.27,3.04,21.64,half-profile,0.8559
66-09.jpg,66,9,ok,36.69,4.16,7.0,36.69,half-profile,0.8235
66-10.jpg,66,10,ok,63.15,8.71,11.59,63.15,profile,0.8238
66-11.jpg,66,11,ok,2.65,4.01,0.16,2.65,frontal,0.8989
66-12.jpg,66,12,ok,2.63,-0.33,-0.24,2.63,frontal,0.8807
66-13.jpg,66,13,ok,1.81,4.65,0.26,1.81,frontal,0.9003
66-14.jpg,66,14,ok,1.36,-1.36,0.34,1.36,frontal,0.8808
67-01.jpg,67,1,ok,-68.94,-2.02,-0.21,68.94,profile,0.8764
67-02.jpg,67,2,ok,-46.16,-1.46,1.18,46.16,half-profile,0.8737
67-03.jpg,67,3,ok,-35.73,0.91,0.81,35.73,half-profile,0.8959
67-04.jpg,67,4,ok,-31.31,-0.92,0.93,31.31,half-profile,0.8932
67-05.jpg,67,5,ok,-12.4,-0.56,2.97,12.4,frontal,0.8896
67-06.jpg,67,6,ok,13.43,1.53,5.87,13.43,frontal,0.9046
67-07.jpg,67,7,ok,32.23,4.91,5.63,32.23,half-profile,0.8829
67-08.jpg,67,8,ok,44.83,8.46,7.67,44.83,half-profile,0.8863
67-09.jpg,67,9,ok,64.61,8.37,10.06,64.61,profile,0.8599
67-10.jpg,67,10,ok,75.93,33.59,31.65,75.93,profile,0.8478
67-11.jpg,67,11,ok,10.55,2.51,1.06,10.55,frontal,0.8669
67-12.jpg,67,12,ok,7.98,6.34,2.79,7.98,frontal,0.8643
67-13.jpg,67,13,ok,4.55,2.85,2.58,4.55,frontal,0.892
67-14.jpg,67,14,ok,6.26,-3.42,2.55,6.26,frontal,0.833
68-01.jpg,68,1,ok,-73.91,17.96,-16.76,73.91,profile,0.8462
68-02.jpg,68,2,ok,-48.35,0.28,-1.74,48.35,half-profile,0.8719
68-03.jpg,68,3,ok,-33.53,-3.12,-1.26,33.53,half-profile,0.8852
68-04.jpg,68,4,ok,-23.32,-4.88,0.39,23.32,half-profile,0.9066
68-05.jpg,68,5,ok,-5.38,-4.83,0.3,5.38,frontal,0.8964
68-06.jpg,68,6,ok,12.26,-6.08,-1.45,12.26,frontal,0.8997
68-07.jpg,68,7,ok,32.51,-5.89,-1.87,32.51,half-profile,0.881
68-08.jpg,68,8,ok,41.5,-4.75,-1.57,41.5,half-profile,0.8577
68-09.jpg,68,9,ok,49.22,-4.28,-1.18,49.22,half-profile,0.8566
68-10.jpg,68,10,ok,76.05,12.14,12.99,76.05,profile,0.7921
68-11.jpg,68,11,ok,3.55,-6.18,-2.72,3.55,frontal,0.8914
68-12.jpg,68,12,ok,2.6,-5.62,-2.0,2.6,frontal,0.8788
68-13.jpg,68,13,ok,2.33,-5.33,-3.03,2.33,frontal,0.9125
68-14.jpg,68,14,ok,1.69,-9.81,-3.18,1.69,frontal,0.8841
69-01.jpg,69,1,ok,-59.46,0.32,-3.49,59.46,half-profile,0.8413
69-02.jpg,69,2,ok,-45.59,-0.96,-6.84,45.59,half-profile,0.8636
69-03.jpg,69,3,ok,-30.85,-4.05,-4.05,30.85,half-profile,0.8788
69-04.jpg,69,4,ok,-27.57,-5.2,-4.48,27.57,half-profile,0.885
69-05.jpg,69,5,ok,-0.43,-7.36,-1.42,0.43,frontal,0.8901
69-06.jpg,69,6,ok,0.29,-6.3,-4.13,0.29,frontal,0.8827
69-07.jpg,69,7,ok,11.3,-6.92,-3.74,11.3,frontal,0.8706
69-08.jpg,69,8,ok,23.77,-5.71,-5.26,23.77,half-profile,0.8759
69-09.jpg,69,9,ok,37.66,-9.09,-5.4,37.66,half-profile,0.8483
69-10.jpg,69,10,ok,64.2,-8.44,-4.81,64.2,profile,0.8097
69-11.jpg,69,11,ok,4.68,-7.79,-5.89,4.68,frontal,0.8912
69-12.jpg,69,12,ok,-6.56,-1.12,-6.94,6.56,frontal,0.9079
69-13.jpg,69,13,ok,-2.67,-1.77,-4.54,2.67,frontal,0.8823
69-14.jpg,69,14,ok,-3.16,-9.26,-6.3,3.16,frontal,0.816
7-01.jpg,7,1,ok,-58.91,8.49,-10.32,58.91,half-profile,0.8915
7-02.jpg,7,2,ok,-46.15,5.41,-8.1,46.15,half-profile,0.8906
7-03.jpg,7,3,ok,-33.46,5.47,-5.43,33.46,half-profile,0.9037
7-04.jpg,7,4,ok,-24.68,2.27,-4.15,24.68,half-profile,0.8778
7-05.jpg,7,5,ok,-17.38,0.62,-3.19,17.38,frontal,0.8868
7-06.jpg,7,6,ok,10.64,-2.44,3.12,10.64,frontal,0.8537
7-07.jpg,7,7,ok,23.99,3.54,4.79,23.99,half-profile,0.8857
7-08.jpg,7,8,ok,28.52,4.46,7.82,28.52,half-profile,0.8994
7-09.jpg,7,9,ok,38.37,7.04,9.06,38.37,half-profile,0.8487
7-10.jpg,7,10,ok,64.25,20.45,22.39,64.25,profile,0.8461
7-11.jpg,7,11,ok,-0.56,3.0,1.17,0.56,frontal,0.9179
7-12.jpg,7,12,ok,0.17,1.61,1.57,0.17,frontal,0.9139
7-13.jpg,7,13,ok,1.43,-1.05,0.75,1.43,frontal,0.909
7-14.jpg,7,14,ok,-1.17,-5.08,-0.61,1.17,frontal,0.8898
70-01.jpg,70,1,ok,-61.78,-8.9,5.91,61.78,profile,0.8664
70-02.jpg,70,2,ok,-45.85,-4.89,1.31,45.85,half-profile,0.8665
70-03.jpg,70,3,ok,-31.22,-4.87,0.44,31.22,half-profile,0.8956
70-04.jpg,70,4,ok,-26.4,-6.28,0.5,26.4,half-profile,0.8846
70-05.jpg,70,5,ok,-12.24,-3.17,0.22,12.24,frontal,0.9097
70-06.jpg,70,6,ok,9.1,-2.74,0.48,9.1,frontal,0.9096
70-07.jpg,70,7,ok,25.73,-1.46,-0.07,25.73,half-profile,0.9008
70-08.jpg,70,8,ok,34.52,-1.89,0.12,34.52,half-profile,0.8931
70-09.jpg,70,9,ok,47.51,-3.23,-1.1,47.51,half-profile,0.8759
70-10.jpg,70,10,ok,80.19,-13.79,-9.34,80.19,profile,0.8025
70-11.jpg,70,11,ok,0.48,0.84,-0.65,0.48,frontal,0.9118
70-12.jpg,70,12,ok,3.09,1.17,-1.29,3.09,frontal,0.9146
70-13.jpg,70,13,ok,-0.1,-1.19,-0.36,0.1,frontal,0.9146
70-14.jpg,70,14,ok,-0.23,-1.37,-0.72,0.23,frontal,0.9114
71-01.jpg,71,1,ok,-63.89,7.78,-12.08,63.89,profile,0.793
71-02.jpg,71,2,ok,-39.34,-6.63,2.21,39.34,half-profile,0.8475
71-03.jpg,71,3,ok,-29.6,-6.06,2.79,29.6,half-profile,0.9101
71-04.jpg,71,4,ok,-19.47,-10.14,1.74,19.47,frontal,0.9043
71-05.jpg,71,5,ok,-6.62,-11.16,0.49,6.62,frontal,0.8931
71-06.jpg,71,6,ok,9.86,-9.66,1.67,9.86,frontal,0.8726
71-07.jpg,71,7,ok,16.3,-9.42,-2.02,16.3,frontal,0.8819
71-08.jpg,71,8,ok,24.2,-10.57,-1.24,24.2,half-profile,0.8856
71-09.jpg,71,9,ok,32.99,-11.22,-0.79,32.99,half-profile,0.8868
71-10.jpg,71,10,ok,60.9,-0.22,8.97,60.9,profile,0.8596
71-11.jpg,71,11,ok,2.22,-9.99,0.61,2.22,frontal,0.9067
71-12.jpg,71,12,ok,2.32,-9.16,2.13,2.32,frontal,0.9113
71-13.jpg,71,13,ok,-0.13,-9.01,1.9,0.13,frontal,0.8914
71-14.jpg,71,14,ok,1.23,-8.15,0.87,1.23,frontal,0.9065
72-01.jpg,72,1,ok,-78.23,18.11,-16.49,78.23,profile,0.7847
72-02.jpg,72,2,ok,-39.45,2.09,-4.75,39.45,half-profile,0.8726
72-03.jpg,72,3,ok,-32.25,-1.23,-3.93,32.25,half-profile,0.8856
72-04.jpg,72,4,ok,-25.19,1.36,0.73,25.19,half-profile,0.8647
72-05.jpg,72,5,ok,-11.19,1.28,-1.57,11.19,frontal,0.8703
72-06.jpg,72,6,ok,13.09,-1.62,-2.92,13.09,frontal,0.888
72-07.jpg,72,7,ok,22.79,-0.05,-0.07,22.79,half-profile,0.8794
72-08.jpg,72,8,ok,37.32,0.19,0.26,37.32,half-profile,0.851
72-09.jpg,72,9,ok,45.1,-0.62,-1.31,45.1,half-profile,0.8667
72-10.jpg,72,10,ok,69.29,9.6,5.15,69.29,profile,0.7725
72-11.jpg,72,11,ok,-2.2,0.33,-5.04,2.2,frontal,0.8897
72-12.jpg,72,12,ok,-0.08,-3.44,-3.29,0.08,frontal,0.9064
72-13.jpg,72,13,ok,1.18,-1.18,-0.66,1.18,frontal,0.8952
72-14.jpg,72,14,ok,0.6,-2.65,0.47,0.6,frontal,0.8878
73-01.jpg,73,1,ok,-60.94,4.57,-8.48,60.94,profile,0.8682
73-02.jpg,73,2,ok,-39.27,-5.98,-1.11,39.27,half-profile,0.8817
73-03.jpg,73,3,ok,-24.79,-6.14,1.27,24.79,half-profile,0.9117
73-04.jpg,73,4,ok,-17.83,-7.3,-0.04,17.83,frontal,0.9158
73-05.jpg,73,5,ok,-8.03,-7.32,-1.14,8.03,frontal,0.8864
73-06.jpg,73,6,ok,7.43,-6.04,1.74,7.43,frontal,0.8729
73-07.jpg,73,7,ok,23.54,-3.29,3.27,23.54,half-profile,0.8806
73-08.jpg,73,8,ok,33.73,-4.91,2.38,33.73,half-profile,0.8225
73-09.jpg,73,9,ok,41.16,-4.57,2.79,41.16,half-profile,0.8183
73-10.jpg,73,10,ok,67.65,9.51,16.11,67.65,profile,0.7846
73-11.jpg,73,11,ok,2.19,-5.26,-2.38,2.19,frontal,0.9025
73-12.jpg,73,12,ok,0.84,-5.58,-1.75,0.84,frontal,0.8959
73-13.jpg,73,13,ok,1.57,-3.86,-1.91,1.57,frontal,0.9012
73-14.jpg,73,14,ok,2.37,-4.15,0.47,2.37,frontal,0.8742
74-01.jpg,74,1,ok,-65.48,8.25,-7.03,65.48,profile,0.8338
74-02.jpg,74,2,ok,-49.12,1.8,-5.22,49.12,half-profile,0.8783
74-03.jpg,74,3,ok,-29.64,3.07,-4.15,29.64,half-profile,0.8988
74-04.jpg,74,4,ok,-23.98,-2.59,-2.59,23.98,half-profile,0.8628
74-05.jpg,74,5,ok,-12.41,-5.18,-2.08,12.41,frontal,0.895
74-06.jpg,74,6,ok,11.19,-6.2,-1.07,11.19,frontal,0.9132
74-07.jpg,74,7,ok,29.98,-2.24,2.7,29.98,half-profile,0.8679
74-08.jpg,74,8,ok,34.45,-5.93,-1.77,34.45,half-profile,0.8648
74-09.jpg,74,9,ok,42.56,-1.94,1.18,42.56,half-profile,0.8768
74-10.jpg,74,10,ok,68.43,-3.93,-3.36,68.43,profile,0.8423
74-11.jpg,74,11,ok,0.65,-8.94,-1.4,0.65,frontal,0.9053
74-12.jpg,74,12,ok,0.36,-10.64,-0.67,0.36,frontal,0.9185
74-13.jpg,74,13,ok,-3.07,-6.01,-1.76,3.07,frontal,0.9174
74-14.jpg,74,14,ok,-3.3,-5.02,-2.09,3.3,frontal,0.9105
75-01.jpg,75,1,ok,-54.79,10.26,-6.41,54.79,half-profile,0.8178
75-02.jpg,75,2,ok,-40.04,4.66,-4.78,40.04,half-profile,0.8626
75-03.jpg,75,3,ok,-27.36,3.09,-7.74,27.36,half-profile,0.8706
75-04.jpg,75,4,ok,-17.4,6.07,-7.34,17.4,frontal,0.8917
75-05.jpg,75,5,ok,-10.9,-0.12,0.65,10.9,frontal,0.8857
75-06.jpg,75,6,ok,2.51,2.77,3.85,2.51,frontal,0.8852
75-07.jpg,75,7,ok,17.5,0.71,-1.13,17.5,frontal,0.8809
75-08.jpg,75,8,ok,31.23,4.15,1.71,31.23,half-profile,0.864
75-09.jpg,75,9,ok,36.16,8.0,4.75,36.16,half-profile,0.8503
75-10.jpg,75,10,ok,59.52,11.02,9.38,59.52,half-profile,0.7953
75-11.jpg,75,11,ok,-0.02,-3.59,-4.78,0.02,frontal,0.8884
75-12.jpg,75,12,ok,-0.57,-0.39,-2.16,0.57,frontal,0.8835
75-13.jpg,75,13,ok,-3.74,-0.23,-1.53,3.74,frontal,0.8739
75-14.jpg,75,14,ok,-2.06,0.13,-2.72,2.06,frontal,0.8418
76-01.jpg,76,1,ok,-57.55,10.82,-9.52,57.55,half-profile,0.8529
76-02.jpg,76,2,ok,-39.17,4.52,-3.66,39.17,half-profile,0.8755
76-03.jpg,76,3,ok,-29.12,5.04,-0.96,29.12,half-profile,0.8914
76-04.jpg,76,4,ok,-20.84,-0.05,0.83,20.84,half-profile,0.9136
76-05.jpg,76,5,ok,-7.88,-0.06,1.55,7.88,frontal,0.9078
76-06.jpg,76,6,ok,8.25,-0.22,1.6,8.25,frontal,0.9001
76-07.jpg,76,7,ok,23.36,1.79,4.06,23.36,half-profile,0.9014
76-08.jpg,76,8,ok,30.24,3.02,3.82,30.24,half-profile,0.8943
76-09.jpg,76,9,ok,45.91,1.48,-2.06,45.91,half-profile,0.8872
76-10.jpg,76,10,ok,64.18,14.33,11.3,64.18,profile,0.864
76-11.jpg,76,11,ok,4.68,-0.29,0.19,4.68,frontal,0.9052
76-12.jpg,76,12,ok,6.65,-4.65,0.05,6.65,frontal,0.9147
76-13.jpg,76,13,ok,1.75,-0.24,0.01,1.75,frontal,0.9094
76-14.jpg,76,14,ok,0.62,0.79,-1.08,0.62,frontal,0.9041
77-01.jpg,77,1,ok,-71.09,-3.78,-5.91,71.09,profile,0.8343
77-02.jpg,77,2,ok,-47.29,-5.15,-0.98,47.29,half-profile,0.8602
77-03.jpg,77,3,ok,-36.34,-4.21,-0.97,36.34,half-profile,0.8899
77-04.jpg,77,4,ok,-26.27,-5.43,1.11,26.27,half-profile,0.8797
77-05.jpg,77,5,ok,-9.14,-4.65,1.57,9.14,frontal,0.8573
77-06.jpg,77,6,ok,7.7,-3.68,2.94,7.7,frontal,0.9069
77-07.jpg,77,7,ok,29.51,-3.75,3.98,29.51,half-profile,0.8851
77-08.jpg,77,8,ok,39.01,-3.37,4.28,39.01,half-profile,0.8586
77-09.jpg,77,9,ok,49.63,-3.95,3.24,49.63,half-profile,0.8159
77-10.jpg,77,10,ok,79.11,3.43,11.44,79.11,profile,0.7702
77-11.jpg,77,11,ok,4.48,-3.56,1.96,4.48,frontal,0.8923
77-12.jpg,77,12,ok,4.22,-4.74,1.55,4.22,frontal,0.9161
77-13.jpg,77,13,ok,-0.13,-4.4,1.35,0.13,frontal,0.9048
77-14.jpg,77,14,ok,0.2,-3.6,0.42,0.2,frontal,0.8933
78-01.jpg,78,1,ok,-75.36,24.12,-24.41,75.36,profile,0.7557
78-02.jpg,78,2,ok,-50.52,4.27,-5.11,50.52,half-profile,0.8561
78-03.jpg,78,3,ok,-35.21,3.57,-2.75,35.21,half-profile,0.8625
78-04.jpg,78,4,ok,-23.66,2.19,-0.93,23.66,half-profile,0.8793
78-05.jpg,78,5,ok,-5.99,0.58,-2.47,5.99,frontal,0.8795
78-06.jpg,78,6,ok,6.05,0.02,-2.41,6.05,frontal,0.887
78-07.jpg,78,7,ok,24.06,-0.12,-3.54,24.06,half-profile,0.8841
78-08.jpg,78,8,ok,35.67,2.78,1.65,35.67,half-profile,0.8757
78-09.jpg,78,9,ok,48.44,3.69,1.86,48.44,half-profile,0.8637
78-10.jpg,78,10,ok,78.73,41.01,38.2,78.73,profile,0.7647
78-11.jpg,78,11,ok,3.5,0.12,1.96,3.5,frontal,0.8903
78-12.jpg,78,12,ok,0.7,1.33,-0.52,0.7,frontal,0.8624
78-13.jpg,78,13,ok,1.11,1.42,0.02,1.11,frontal,0.874
78-14.jpg,78,14,ok,0.93,0.85,0.09,0.93,frontal,0.8804
79-01.jpg,79,1,ok,-61.78,-1.36,-4.05,61.78,profile,0.8189
79-02.jpg,79,2,ok,-38.65,-4.15,-2.5,38.65,half-profile,0.878
79-03.jpg,79,3,ok,-28.12,-4.75,-1.38,28.12,half-profile,0.8992
79-04.jpg,79,4,ok,-19.19,-6.42,-1.34,19.19,frontal,0.9014
79-05.jpg,79,5,ok,-9.25,-4.5,-1.22,9.25,frontal,0.8988
79-06.jpg,79,6,ok,10.62,-3.65,1.97,10.62,frontal,0.8902
79-07.jpg,79,7,ok,19.22,-5.48,1.56,19.22,frontal,0.897
79-08.jpg,79,8,ok,19.91,-5.71,1.86,19.91,frontal,0.875
79-09.jpg,79,9,ok,33.46,-4.29,2.74,33.46,half-profile,0.8626
79-10.jpg,79,10,ok,57.91,-2.6,3.51,57.91,half-profile,0.7883
79-11.jpg,79,11,ok,3.13,-1.74,1.04,3.13,frontal,0.8907
79-12.jpg,79,12,ok,2.81,-1.97,1.02,2.81,frontal,0.8904
79-13.jpg,79,13,ok,2.39,-2.91,1.06,2.39,frontal,0.8813
79-14.jpg,79,14,ok,2.5,-2.88,1.22,2.5,frontal,0.8737
8-01.jpg,8,1,ok,-65.98,-5.2,1.56,65.98,profile,0.8324
8-02.jpg,8,2,ok,-47.77,-5.5,1.44,47.77,half-profile,0.8447
8-03.jpg,8,3,ok,-36.78,-7.24,3.73,36.78,half-profile,0.8651
8-04.jpg,8,4,ok,-29.8,-6.37,2.57,29.8,half-profile,0.8506
8-05.jpg,8,5,ok,-12.33,-7.04,0.98,12.33,frontal,0.893
8-06.jpg,8,6,ok,12.28,-7.18,-0.88,12.28,frontal,0.876
8-07.jpg,8,7,ok,28.68,-7.34,-3.74,28.68,half-profile,0.8607
8-08.jpg,8,8,ok,33.37,-4.92,-3.58,33.37,half-profile,0.8594
8-09.jpg,8,9,ok,44.27,-6.49,-3.06,44.27,half-profile,0.8363
8-10.jpg,8,10,ok,65.95,0.78,1.75,65.95,profile,0.8366
8-11.jpg,8,11,ok,-3.59,-8.01,0.17,3.59,frontal,0.8948
8-12.jpg,8,12,ok,-3.03,-7.54,0.35,3.03,frontal,0.9064
8-13.jpg,8,13,ok,-5.25,-8.39,-0.11,5.25,frontal,0.9027
8-14.jpg,8,14,ok,-5.07,-10.63,-0.14,5.07,frontal,0.8586
80-01.jpg,80,1,ok,-77.81,-9.08,10.02,77.81,profile,0.8204
80-02.jpg,80,2,ok,-57.05,-4.31,4.66,57.05,half-profile,0.8771
80-03.jpg,80,3,ok,-41.34,-7.19,4.26,41.34,half-profile,0.8773
80-04.jpg,80,4,ok,-29.26,-9.24,4.65,29.26,half-profile,0.8959
80-05.jpg,80,5,ok,-2.31,-6.66,3.25,2.31,frontal,0.8746
80-06.jpg,80,6,ok,18.69,-4.26,2.01,18.69,frontal,0.8716
80-07.jpg,80,7,ok,33.86,-0.73,1.78,33.86,half-profile,0.8205
80-08.jpg,80,8,ok,48.06,2.24,1.54,48.06,half-profile,0.8594
80-09.jpg,80,9,ok,56.2,2.26,4.21,56.2,half-profile,0.848
80-10.jpg,80,10,ok,82.92,-2.04,0.73,82.92,profile,0.8398
80-11.jpg,80,11,ok,1.7,-2.96,2.66,1.7,frontal,0.8484
80-12.jpg,80,12,ok,3.5,-3.38,3.04,3.5,frontal,0.9008
80-13.jpg,80,13,ok,2.45,-3.02,3.38,2.45,frontal,0.881
80-14.jpg,80,14,ok,3.55,-3.68,3.19,3.55,frontal,0.869
81-01.jpg,81,1,ok,-68.77,7.21,-12.91,68.77,profile,0.8689
81-02.jpg,81,2,ok,-49.3,-7.43,0.76,49.3,half-profile,0.8715
81-03.jpg,81,3,ok,-26.58,-5.26,1.13,26.58,half-profile,0.9076
81-04.jpg,81,4,ok,-19.83,-8.01,0.43,19.83,frontal,0.9231
81-05.jpg,81,5,ok,-1.09,-8.16,2.06,1.09,frontal,0.9122
81-06.jpg,81,6,ok,10.73,-7.39,3.08,10.73,frontal,0.909
81-07.jpg,81,7,ok,23.97,-6.81,3.18,23.97,half-profile,0.8936
81-08.jpg,81,8,ok,29.95,-5.81,2.77,29.95,half-profile,0.8965
81-09.jpg,81,9,ok,44.09,-3.58,4.64,44.09,half-profile,0.889
81-10.jpg,81,10,ok,69.8,6.79,16.69,69.8,profile,0.8317
81-11.jpg,81,11,ok,4.34,-11.05,0.78,4.34,frontal,0.8905
81-12.jpg,81,12,ok,1.09,-2.64,-3.94,1.09,frontal,0.9059
81-13.jpg,81,13,ok,1.36,-8.47,1.96,1.36,frontal,0.8924
81-14.jpg,81,14,ok,1.13,-6.92,2.05,1.13,frontal,0.8605
82-01.jpg,82,1,ok,-71.09,-8.69,-1.21,71.09,profile,0.8131
82-02.jpg,82,2,ok,-48.51,-5.59,-0.97,48.51,half-profile,0.8568
82-03.jpg,82,3,ok,-35.71,-4.53,0.97,35.71,half-profile,0.8905
82-04.jpg,82,4,ok,-29.71,-5.53,0.69,29.71,half-profile,0.8959
82-05.jpg,82,5,ok,-12.65,-2.11,0.88,12.65,frontal,0.8867
82-06.jpg,82,6,ok,9.17,-2.61,2.71,9.17,frontal,0.889
82-07.jpg,82,7,ok,23.9,-5.28,3.08,23.9,half-profile,0.8668
82-08.jpg,82,8,ok,33.19,-1.94,5.62,33.19,half-profile,0.8783
82-09.jpg,82,9,ok,44.11,-0.19,6.16,44.11,half-profile,0.8327
82-10.jpg,82,10,ok,70.72,9.15,16.23,70.72,profile,0.8176
82-11.jpg,82,11,ok,1.91,-2.7,2.83,1.91,frontal,0.8972
82-12.jpg,82,12,ok,0.24,-3.8,4.84,0.24,frontal,0.8842
82-13.jpg,82,13,ok,-1.24,-0.97,3.48,1.24,frontal,0.8956
82-14.jpg,82,14,ok,-0.32,-2.04,2.98,0.32,frontal,0.8848
83-01.jpg,83,1,ok,-62.87,-0.44,6.74,62.87,profile,0.831
83-02.jpg,83,2,ok,-42.98,1.21,5.41,42.98,half-profile,0.9038
83-03.jpg,83,3,ok,-34.42,-0.48,4.95,34.42,half-profile,0.9059
83-04.jpg,83,4,ok,-25.44,2.35,3.65,25.44,half-profile,0.9216
83-05.jpg,83,5,ok,-7.96,3.19,2.38,7.96,frontal,0.9149
83-06.jpg,83,6,ok,11.27,4.99,2.78,11.27,frontal,0.9131
83-07.jpg,83,7,ok,24.19,6.07,1.7,24.19,half-profile,0.8888
83-08.jpg,83,8,ok,27.29,5.49,2.94,27.29,half-profile,0.8939
83-09.jpg,83,9,ok,41.72,10.29,2.95,41.72,half-profile,0.8967
83-10.jpg,83,10,ok,70.35,22.6,13.84,70.35,profile,0.8475
83-11.jpg,83,11,ok,2.8,5.89,3.64,2.8,frontal,0.9081
83-12.jpg,83,12,ok,3.01,5.21,4.57,3.01,frontal,0.9089
83-13.jpg,83,13,ok,1.73,7.18,2.61,1.73,frontal,0.9145
83-14.jpg,83,14,ok,3.41,6.98,2.83,3.41,frontal,0.8807
84-01.jpg,84,1,ok,-55.11,8.28,-2.76,55.11,half-profile,0.8511
84-02.jpg,84,2,ok,-32.84,10.18,-2.21,32.84,half-profile,0.8827
84-03.jpg,84,3,ok,-27.18,4.4,-0.13,27.18,half-profile,0.8905
84-04.jpg,84,4,ok,-26.77,4.79,-1.35,26.77,half-profile,0.9049
84-05.jpg,84,5,ok,-16.63,3.16,0.03,16.63,frontal,0.8801
84-06.jpg,84,6,ok,11.72,3.36,1.83,11.72,frontal,0.9004
84-07.jpg,84,7,ok,18.92,4.17,2.01,18.92,frontal,0.8639
84-08.jpg,84,8,ok,30.28,12.23,3.63,30.28,half-profile,0.8727
84-09.jpg,84,9,ok,31.21,10.82,3.67,31.21,half-profile,0.8539
84-10.jpg,84,10,ok,60.37,13.64,7.39,60.37,profile,0.8148
84-11.jpg,84,11,ok,-3.62,1.66,0.7,3.62,frontal,0.8941
84-12.jpg,84,12,ok,-3.3,3.3,-2.02,3.3,frontal,0.8686
84-13.jpg,84,13,ok,-5.63,5.86,-1.11,5.63,frontal,0.8841
84-14.jpg,84,14,ok,-4.87,2.58,-0.64,4.87,frontal,0.862
85-01.jpg,85,1,ok,-65.02,-5.88,0.81,65.02,profile,0.8349
85-02.jpg,85,2,ok,-42.02,-2.55,-2.25,42.02,half-profile,0.8688
85-03.jpg,85,3,ok,-27.42,-4.55,0.83,27.42,half-profile,0.835
85-04.jpg,85,4,ok,-24.14,-3.61,-0.28,24.14,half-profile,0.8735
85-05.jpg,85,5,ok,-7.62,-4.87,-1.92,7.62,frontal,0.8696
85-06.jpg,85,6,ok,7.42,-4.35,-0.93,7.42,frontal,0.896
85-07.jpg,85,7,ok,21.94,-5.37,-2.93,21.94,half-profile,0.8739
85-08.jpg,85,8,ok,36.21,-4.25,-1.64,36.21,half-profile,0.8738
85-09.jpg,85,9,ok,47.05,-3.52,-1.71,47.05,half-profile,0.8483
85-10.jpg,85,10,ok,75.33,-1.59,-1.09,75.33,profile,0.8177
85-11.jpg,85,11,ok,3.23,-4.37,1.05,3.23,frontal,0.8954
85-12.jpg,85,12,ok,1.55,-4.48,-1.33,1.55,frontal,0.9067
85-13.jpg,85,13,ok,1.06,-3.21,-1.7,1.06,frontal,0.8935
85-14.jpg,85,14,ok,1.62,-2.07,-1.8,1.62,frontal,0.8785
86-01.jpg,86,1,ok,-62.1,2.92,-2.37,62.1,profile,0.7914
86-02.jpg,86,2,ok,-41.05,-1.74,0.99,41.05,half-profile,0.8349
86-03.jpg,86,3,ok,-32.31,-1.98,-0.75,32.31,half-profile,0.8673
86-04.jpg,86,4,ok,-21.42,-2.64,1.53,21.42,half-profile,0.8853
86-05.jpg,86,5,ok,-6.79,4.55,1.01,6.79,frontal,0.8812
86-06.jpg,86,6,ok,4.01,1.91,0.98,4.01,frontal,0.8845
86-07.jpg,86,7,ok,24.05,2.33,2.81,24.05,half-profile,0.8681
86-08.jpg,86,8,ok,32.03,4.88,4.05,32.03,half-profile,0.8632
86-09.jpg,86,9,ok,36.12,5.54,5.85,36.12,half-profile,0.8577
86-10.jpg,86,10,ok,71.15,12.67,9.11,71.15,profile,0.7856
86-11.jpg,86,11,ok,8.17,1.68,2.23,8.17,frontal,0.8908
86-12.jpg,86,12,ok,5.84,2.53,2.82,5.84,frontal,0.8942
86-13.jpg,86,13,ok,1.18,5.59,1.98,1.18,frontal,0.8812
86-14.jpg,86,14,ok,2.03,2.39,2.31,2.03,frontal,0.8629
87-01.jpg,87,1,ok,-66.17,2.91,-0.71,66.17,profile,0.7651
87-02.jpg,87,2,ok,-49.52,4.03,-2.45,49.52,half-profile,0.8209
87-03.jpg,87,3,ok,-20.7,0.34,-0.65,20.7,half-profile,0.8682
87-04.jpg,87,4,ok,-22.7,-0.29,-1.29,22.7,half-profile,0.8662
87-05.jpg,87,5,ok,-19.34,-0.13,-0.56,19.34,frontal,0.8634
87-06.jpg,87,6,ok,8.13,-0.35,1.43,8.13,frontal,0.8502
87-07.jpg,87,7,ok,19.34,-1.31,0.15,19.34,frontal,0.8466
87-08.jpg,87,8,ok,29.28,-0.18,3.34,29.28,half-profile,0.829
87-09.jpg,87,9,ok,43.53,3.54,0.6,43.53,half-profile,0.8303
87-10.jpg,87,10,ok,63.51,7.29,3.68,63.51,profile,0.7664
87-11.jpg,87,11,ok,1.57,-2.12,-1.01,1.57,frontal,0.8594
87-12.jpg,87,12,ok,-0.6,-4.63,-1.18,0.6,frontal,0.8986
87-13.jpg,87,13,ok,-0.63,-2.09,-1.69,0.63,frontal,0.8572
87-14.jpg,87,14,ok,0.1,-9.64,-1.29,0.1,frontal,0.8354
88-01.jpg,88,1,ok,-56.16,15.61,-9.98,56.16,half-profile,0.8693
88-02.jpg,88,2,ok,-44.24,11.98,-6.7,44.24,half-profile,0.8818
88-03.jpg,88,3,ok,-26.77,9.96,-7.04,26.77,half-profile,0.9136
88-04.jpg,88,4,ok,-20.38,8.67,-7.22,20.38,half-profile,0.9026
88-05.jpg,88,5,ok,-5.13,9.84,-6.21,5.13,frontal,0.9049
88-06.jpg,88,6,ok,9.4,11.23,-3.64,9.4,frontal,0.914
88-07.jpg,88,7,ok,22.95,9.6,-2.1,22.95,half-profile,0.8883
88-08.jpg,88,8,ok,30.15,11.16,0.58,30.15,half-profile,0.8936
88-09.jpg,88,9,ok,39.89,15.47,5.87,39.89,half-profile,0.8709
88-10.jpg,88,10,ok,62.89,24.22,18.51,62.89,profile,0.8633
88-11.jpg,88,11,ok,7.14,7.87,-0.17,7.14,frontal,0.9121
88-12.jpg,88,12,ok,4.45,12.82,-2.22,4.45,frontal,0.9039
88-13.jpg,88,13,ok,3.45,13.45,-3.18,3.45,frontal,0.8741
88-14.jpg,88,14,ok,-12.89,-7.95,-7.61,12.89,frontal,0.8087
89-01.jpg,89,1,ok,-73.85,3.16,-6.93,73.85,profile,0.8519
89-02.jpg,89,2,ok,-51.17,-4.36,0.92,51.17,half-profile,0.8848
89-03.jpg,89,3,ok,-35.23,-8.06,2.9,35.23,half-profile,0.9113
89-04.jpg,89,4,ok,-28.71,-9.18,2.59,28.71,half-profile,0.9139
89-05.jpg,89,5,ok,-14.41,-11.08,1.86,14.41,frontal,0.9032
89-06.jpg,89,6,ok,5.36,-8.65,2.41,5.36,frontal,0.8976
89-07.jpg,89,7,ok,24.15,-7.94,2.54,24.15,half-profile,0.8789
89-08.jpg,89,8,ok,31.39,-7.52,1.57,31.39,half-profile,0.8689
89-09.jpg,89,9,ok,47.6,-6.05,2.0,47.6,half-profile,0.8166
89-10.jpg,89,10,ok,74.05,2.09,8.92,74.05,profile,0.8377
89-11.jpg,89,11,ok,4.55,-9.79,3.59,4.55,frontal,0.9017
89-12.jpg,89,12,ok,1.36,-7.63,1.14,1.36,frontal,0.9139
89-13.jpg,89,13,ok,0.5,-4.31,2.86,0.5,frontal,0.8649
89-14.jpg,89,14,ok,0.62,-3.86,3.8,0.62,frontal,0.861
9-01.jpg,9,1,ok,-61.19,0.38,-4.52,61.19,profile,0.8578
9-02.jpg,9,2,ok,-37.76,3.22,-2.73,37.76,half-profile,0.885
9-03.jpg,9,3,ok,-29.27,2.51,-3.26,29.27,half-profile,0.8175
9-04.jpg,9,4,ok,-23.69,0.96,-1.7,23.69,half-profile,0.9026
9-05.jpg,9,5,ok,-9.73,2.63,-2.51,9.73,frontal,0.9029
9-06.jpg,9,6,ok,11.51,4.49,-0.59,11.51,frontal,0.8516
9-07.jpg,9,7,ok,26.82,5.95,0.33,26.82,half-profile,0.864
9-08.jpg,9,8,ok,35.26,1.32,-0.69,35.26,half-profile,0.8605
9-09.jpg,9,9,ok,48.57,-2.11,-0.15,48.57,half-profile,0.8626
9-10.jpg,9,10,ok,78.09,-12.65,-9.41,78.09,profile,0.8039
9-11.jpg,9,11,ok,3.1,0.75,-0.61,3.1,frontal,0.8552
9-12.jpg,9,12,ok,3.83,0.83,-1.32,3.83,frontal,0.869
9-13.jpg,9,13,ok,1.91,4.88,-0.75,1.91,frontal,0.8884
9-14.jpg,9,14,ok,1.12,3.25,-1.33,1.12,frontal,0.8535
90-01.jpg,90,1,ok,-68.05,9.19,-13.23,68.05,profile,0.8215
90-02.jpg,90,2,ok,-52.53,1.22,-7.54,52.53,half-profile,0.8746
90-03.jpg,90,3,ok,-35.68,-0.27,-1.65,35.68,half-profile,0.875
90-04.jpg,90,4,ok,-30.45,2.19,-3.35,30.45,half-profile,0.8865
90-05.jpg,90,5,ok,-13.55,1.52,-2.59,13.55,frontal,0.9001
90-06.jpg,90,6,ok,7.2,1.62,-1.3,7.2,frontal,0.8983
90-07.jpg,90,7,ok,24.81,0.49,-3.14,24.81,half-profile,0.8917
90-08.jpg,90,8,ok,37.39,-1.53,-0.62,37.39,half-profile,0.8655
90-09.jpg,90,9,ok,48.08,-5.13,-2.54,48.08,half-profile,0.8739
90-10.jpg,90,10,ok,76.56,14.5,14.26,76.56,profile,0.7946
90-11.jpg,90,11,ok,1.65,4.29,-4.89,1.65,frontal,0.9082
90-12.jpg,90,12,ok,-1.49,2.99,-3.72,1.49,frontal,0.9088
90-13.jpg,90,13,ok,0.71,4.69,0.75,0.71,frontal,0.9102
90-14.jpg,90,14,ok,-0.74,2.79,-0.66,0.74,frontal,0.9041
91-01.jpg,91,1,ok,-57.53,5.28,-4.28,57.53,half-profile,0.8235
91-02.jpg,91,2,ok,-47.83,-0.18,-1.57,47.83,half-profile,0.8112
91-03.jpg,91,3,ok,-34.03,-0.77,-1.59,34.03,half-profile,0.8483
91-04.jpg,91,4,ok,-28.85,-1.5,-4.35,28.85,half-profile,0.8678
91-05.jpg,91,5,ok,-16.29,-4.93,-0.51,16.29,frontal,0.8828
91-06.jpg,91,6,ok,4.52,-4.83,-2.83,4.52,frontal,0.8811
91-07.jpg,91,7,ok,26.63,-2.03,2.67,26.63,half-profile,0.8856
91-08.jpg,91,8,ok,37.95,1.44,5.89,37.95,half-profile,0.8641
91-09.jpg,91,9,ok,37.62,1.01,4.76,37.62,half-profile,0.8331
91-10.jpg,91,10,ok,62.88,13.82,17.29,62.88,profile,0.7966
91-11.jpg,91,11,ok,13.28,-5.08,5.27,13.28,frontal,0.8826
91-12.jpg,91,12,ok,5.9,-2.57,6.49,5.9,frontal,0.8865
91-13.jpg,91,13,ok,1.5,-2.28,2.21,1.5,frontal,0.8758
91-14.jpg,91,14,ok,-0.99,-1.79,2.63,0.99,frontal,0.8823
92-01.jpg,92,1,ok,-59.33,7.87,-15.5,59.33,half-profile,0.8381
92-02.jpg,92,2,ok,-39.38,-0.65,-6.53,39.38,half-profile,0.8371
92-03.jpg,92,3,ok,-23.21,-2.9,-1.94,23.21,half-profile,0.8708
92-04.jpg,92,4,ok,-17.06,-1.16,0.78,17.06,frontal,0.8846
92-05.jpg,92,5,ok,-9.51,0.38,-0.45,9.51,frontal,0.8868
92-06.jpg,92,6,ok,13.45,-0.45,3.88,13.45,frontal,0.8889
92-07.jpg,92,7,ok,21.06,2.0,3.57,21.06,half-profile,0.8739
92-08.jpg,92,8,ok,27.75,1.73,6.43,27.75,half-profile,0.8783
92-09.jpg,92,9,ok,31.55,4.58,1.9,31.55,half-profile,0.8524
92-10.jpg,92,10,ok,65.88,18.01,19.11,65.88,profile,0.8259
92-11.jpg,92,11,ok,11.4,2.13,1.2,11.4,frontal,0.8848
92-12.jpg,92,12,ok,5.33,5.82,-1.17,5.33,frontal,0.8498
92-13.jpg,92,13,ok,5.56,4.11,-1.22,5.56,frontal,0.8826
92-14.jpg,92,14,ok,3.7,-0.25,-1.22,3.7,frontal,0.8932
93-01.jpg,93,1,ok,-69.13,-12.7,5.6,69.13,profile,0.8282
93-02.jpg,93,2,ok,-44.34,-7.11,1.85,44.34,half-profile,0.8501
93-03.jpg,93,3,ok,-28.52,-4.3,2.28,28.52,half-profile,0.89
93-04.jpg,93,4,ok,-22.22,-3.86,3.45,22.22,half-profile,0.8917
93-05.jpg,93,5,ok,-3.49,-2.45,2.52,3.49,frontal,0.8937
93-06.jpg,93,6,ok,18.83,-2.3,1.56,18.83,frontal,0.8735
93-07.jpg,93,7,ok,31.4,-0.96,3.41,31.4,half-profile,0.8762
93-08.jpg,93,8,ok,41.02,-0.1,7.33,41.02,half-profile,0.8631
93-09.jpg,93,9,ok,52.63,2.87,9.46,52.63,half-profile,0.7963
93-10.jpg,93,10,ok,72.09,12.69,18.71,72.09,profile,0.8189
93-11.jpg,93,11,ok,4.71,-2.77,1.56,4.71,frontal,0.8925
93-12.jpg,93,12,ok,1.61,-5.53,0.52,1.61,frontal,0.9067
93-13.jpg,93,13,ok,4.97,-3.26,2.61,4.97,frontal,0.9003
93-14.jpg,93,14,ok,4.37,-2.78,3.04,4.37,frontal,0.8705
94-01.jpg,94,1,ok,-56.08,0.23,2.73,56.08,half-profile,0.8568
94-02.jpg,94,2,ok,-38.51,-4.0,5.76,38.51,half-profile,0.8497
94-03.jpg,94,3,ok,-24.39,-4.52,6.05,24.39,half-profile,0.9043
94-04.jpg,94,4,ok,-17.72,-4.01,5.33,17.72,frontal,0.8766
94-05.jpg,94,5,ok,-4.86,-5.18,4.64,4.86,frontal,0.8554
94-06.jpg,94,6,ok,10.98,-2.2,2.34,10.98,frontal,0.8846
94-07.jpg,94,7,ok,23.8,-0.96,2.02,23.8,half-profile,0.8755
94-08.jpg,94,8,ok,26.76,-0.53,2.46,26.76,half-profile,0.8939
94-09.jpg,94,9,ok,38.33,-0.68,1.77,38.33,half-profile,0.8635
94-10.jpg,94,10,ok,60.11,6.1,6.71,60.11,profile,0.8497
94-11.jpg,94,11,ok,1.51,0.55,3.9,1.51,frontal,0.8863
94-12.jpg,94,12,ok,2.98,-2.89,3.65,2.98,frontal,0.901
94-13.jpg,94,13,ok,-0.44,-1.42,2.79,0.44,frontal,0.889
94-14.jpg,94,14,ok,-1.08,-1.68,2.9,1.08,frontal,0.8819
95-01.jpg,95,1,ok,-61.51,22.96,-26.33,61.51,profile,0.8539
95-02.jpg,95,2,ok,-40.1,2.81,-7.23,40.1,half-profile,0.9001
95-03.jpg,95,3,ok,-30.4,-2.1,-3.29,30.4,half-profile,0.8602
95-04.jpg,95,4,ok,-23.62,-1.9,-3.41,23.62,half-profile,0.8621
95-05.jpg,95,5,ok,-8.35,-5.93,-4.9,8.35,frontal,0.8607
95-06.jpg,95,6,ok,6.97,-4.74,-3.95,6.97,frontal,0.8744
95-07.jpg,95,7,ok,22.39,-3.9,-1.48,22.39,half-profile,0.8784
95-08.jpg,95,8,ok,35.05,-2.29,2.36,35.05,half-profile,0.8448
95-09.jpg,95,9,ok,42.82,-0.17,2.89,42.82,half-profile,0.8328
95-10.jpg,95,10,ok,61.52,21.27,20.69,61.52,profile,0.8479
95-11.jpg,95,11,ok,4.79,-2.81,-3.08,4.79,frontal,0.8921
95-12.jpg,95,12,ok,1.28,-0.92,-3.55,1.28,frontal,0.9174
95-13.jpg,95,13,ok,0.27,-0.34,-3.23,0.27,frontal,0.9118
95-14.jpg,95,14,ok,-0.53,-1.23,-4.09,0.53,frontal,0.8966
96-01.jpg,96,1,ok,-67.07,10.22,-10.34,67.07,profile,0.7739
96-02.jpg,96,2,ok,-49.96,0.63,-1.28,49.96,half-profile,0.862
96-03.jpg,96,3,ok,-31.72,1.84,-2.26,31.72,half-profile,0.8797
96-04.jpg,96,4,ok,-18.22,-0.11,-0.16,18.22,frontal,0.9024
96-05.jpg,96,5,ok,-9.36,1.5,-0.9,9.36,frontal,0.9129
96-06.jpg,96,6,ok,3.51,0.77,1.5,3.51,frontal,0.8764
96-07.jpg,96,7,ok,17.18,3.86,3.7,17.18,frontal,0.8975
96-08.jpg,96,8,ok,20.46,6.14,3.32,20.46,half-profile,0.8914
96-09.jpg,96,9,ok,36.78,5.13,4.27,36.78,half-profile,0.8831
96-10.jpg,96,10,ok,61.87,15.8,14.31,61.87,profile,0.7909
96-11.jpg,96,11,ok,2.77,4.55,-1.87,2.77,frontal,0.9104
96-12.jpg,96,12,ok,3.59,0.97,4.45,3.59,frontal,0.9011
96-13.jpg,96,13,ok,-0.19,4.01,-1.2,0.19,frontal,0.8896
96-14.jpg,96,14,ok,-0.38,3.3,-1.54,0.38,frontal,0.8919
97-01.jpg,97,1,ok,-71.4,-6.94,0.22,71.4,profile,0.7878
97-02.jpg,97,2,ok,-49.37,-9.85,1.77,49.37,half-profile,0.8472
97-03.jpg,97,3,ok,-42.53,-9.56,2.13,42.53,half-profile,0.8369
97-04.jpg,97,4,ok,-32.04,-10.21,3.36,32.04,half-profile,0.8905
97-05.jpg,97,5,ok,-14.82,-6.65,1.87,14.82,frontal,0.8819
97-06.jpg,97,6,ok,5.52,-5.74,5.67,5.52,frontal,0.8604
97-07.jpg,97,7,ok,17.57,-4.92,4.46,17.57,frontal,0.8744
97-08.jpg,97,8,ok,28.14,-4.65,4.14,28.14,half-profile,0.8449
97-09.jpg,97,9,ok,41.07,-3.89,6.04,41.07,half-profile,0.8557
97-10.jpg,97,10,ok,72.68,14.36,19.61,72.68,profile,0.7203
97-11.jpg,97,11,ok,3.27,-5.74,2.43,3.27,frontal,0.8682
97-12.jpg,97,12,ok,0.84,-6.99,2.53,0.84,frontal,0.9031
97-13.jpg,97,13,ok,0.61,-6.93,3.02,0.61,frontal,0.8623
97-14.jpg,97,14,ok,1.0,-6.88,2.43,1.0,frontal,0.8705
98-01.jpg,98,1,ok,-41.58,9.0,-9.41,41.58,half-profile,0.8025
98-02.jpg,98,2,ok,-23.01,4.92,-3.0,23.01,half-profile,0.85
98-03.jpg,98,3,ok,-16.72,4.45,-1.68,16.72,frontal,0.8835
98-04.jpg,98,4,ok,-10.33,2.82,0.56,10.33,frontal,0.864
98-05.jpg,98,5,ok,-7.51,2.29,-2.97,7.51,frontal,0.8729
98-06.jpg,98,6,ok,3.06,4.74,4.74,3.06,frontal,0.8566
98-07.jpg,98,7,ok,14.47,5.42,5.36,14.47,frontal,0.8647
98-08.jpg,98,8,ok,18.38,8.08,6.71,18.38,frontal,0.8491
98-09.jpg,98,9,ok,30.4,11.04,11.49,30.4,half-profile,0.8361
98-10.jpg,98,10,ok,51.03,12.75,10.4,51.03,half-profile,0.7994
98-11.jpg,98,11,ok,1.38,4.61,-1.65,1.38,frontal,0.8752
98-12.jpg,98,12,ok,0.5,2.14,-7.4,0.5,frontal,0.9031
98-13.jpg,98,13,ok,1.23,4.31,-5.49,1.23,frontal,0.8884
98-14.jpg,98,14,ok,2.13,2.03,-4.77,2.13,frontal,0.8877
99-01.jpg,99,1,ok,-65.58,12.08,-12.73,65.58,profile,0.8707
99-02.jpg,99,2,ok,-46.35,3.81,-9.43,46.35,half-profile,0.8684
99-03.jpg,99,3,ok,-33.28,-0.22,-6.09,33.28,half-profile,0.9075
99-04.jpg,99,4,ok,-26.91,-2.19,-4.56,26.91,half-profile,0.8863
99-05.jpg,99,5,ok,-12.01,-1.78,-3.49,12.01,frontal,0.8983
99-06.jpg,99,6,ok,1.19,-0.68,-5.12,1.19,frontal,0.9113
99-07.jpg,99,7,ok,17.68,-3.28,-1.71,17.68,frontal,0.8747
99-08.jpg,99,8,ok,27.81,-2.73,-0.43,27.81,half-profile,0.8667
99-09.jpg,99,9,ok,37.78,1.82,2.97,37.78,half-profile,0.8601
99-10.jpg,99,10,ok,72.66,6.2,5.64,72.66,profile,0.7923
99-11.jpg,99,11,ok,3.13,-2.27,-1.39,3.13,frontal,0.9134
99-12.jpg,99,12,ok,0.66,-2.7,-5.54,0.66,frontal,0.9125
99-13.jpg,99,13,ok,0.36,-2.42,-1.69,0.36,frontal,0.9151
99-14.jpg,99,14,ok,-1.71,-1.9,-2.35,1.71,frontal,0.9038
