filename,subject_id,image_num,status,num_faces,det_score,bbox,aligned_path
1-01.jpg,1,1,ok,1,0.8125,161.1 112.4 333.1 361.2,data/processed/aligned/1-01.jpg
1-02.jpg,1,2,ok,1,0.8356,175.8 115.8 379.1 375.0,data/processed/aligned/1-02.jpg
1-03.jpg,1,3,ok,1,0.8461,200.2 108.2 400.8 366.5,data/processed/aligned/1-03.jpg
1-04.jpg,1,4,ok,1,0.8701,207.5 110.1 411.8 362.7,data/processed/aligned/1-04.jpg
1-05.jpg,1,5,ok,1,0.8893,211.0 108.5 417.7 354.2,data/processed/aligned/1-05.jpg
1-06.jpg,1,6,ok,1,0.8642,230.9 110.2 434.8 355.7,data/processed/aligned/1-06.jpg
1-07.jpg,1,7,ok,1,0.8614,253.8 119.7 455.2 373.8,data/processed/aligned/1-07.jpg
1-08.jpg,1,8,ok,1,0.8486,254.9 114.1 453.4 361.6,data/processed/aligned/1-08.jpg
1-09.jpg,1,9,ok,1,0.8294,276.2 114.1 468.2 358.0,data/processed/aligned/1-09.jpg
1-10.jpg,1,10,ok,1,0.7632,309.5 120.7 485.8 368.6,data/processed/aligned/1-10.jpg
1-11.jpg,1,11,ok,1,0.8999,218.4 102.1 423.5 350.0,data/processed/aligned/1-11.jpg
1-12.jpg,1,12,ok,1,0.897,215.7 103.1 421.9 352.1,data/processed/aligned/1-12.jpg
1-13.jpg,1,13,ok,1,0.8974,216.6 102.0 421.3 348.8,data/processed/aligned/1-13.jpg
1-14.jpg,1,14,ok,1,0.8869,217.7 103.6 423.4 349.9,data/processed/aligned/1-14.jpg
10-01.jpg,10,1,ok,1,0.7879,179.5 119.1 341.3 362.4,data/processed/aligned/10-01.jpg
10-02.jpg,10,2,ok,1,0.848,216.7 117.5 402.5 371.3,data/processed/aligned/10-02.jpg
10-03.jpg,10,3,ok,1,0.8414,211.5 110.5 397.3 365.1,data/processed/aligned/10-03.jpg
10-04.jpg,10,4,ok,1,0.8834,213.5 110.5 407.2 363.1,data/processed/aligned/10-04.jpg
10-05.jpg,10,5,ok,1,0.883,224.1 115.7 416.8 367.3,data/processed/aligned/10-05.jpg
10-06.jpg,10,6,ok,1,0.8668,237.2 115.9 429.1 369.0,data/processed/aligned/10-06.jpg
10-07.jpg,10,7,ok,1,0.8502,251.0 110.3 442.3 369.2,data/processed/aligned/10-07.jpg
10-08.jpg,10,8,ok,1,0.8412,238.0 107.3 427.6 364.4,data/processed/aligned/10-08.jpg
10-09.jpg,10,9,ok,1,0.8372,269.8 110.3 457.3 376.4,data/processed/aligned/10-09.jpg
10-10.jpg,10,10,ok,1,0.7545,325.1 104.8 471.9 367.1,data/processed/aligned/10-10.jpg
10-11.jpg,10,11,ok,1,0.8943,227.9 115.4 426.5 372.3,data/processed/aligned/10-11.jpg
10-12.jpg,10,12,ok,1,0.8965,229.7 115.7 426.0 374.9,data/processed/aligned/10-12.jpg
10-13.jpg,10,13,ok,1,0.8914,229.9 114.8 428.4 373.0,data/processed/aligned/10-13.jpg
10-14.jpg,10,14,ok,1,0.9017,229.1 119.8 427.1 374.5,data/processed/aligned/10-14.jpg
100-01.jpg,100,1,ok,1,0.841,184.6 73.0 348.1 315.9,data/processed/aligned/100-01.jpg
100-02.jpg,100,2,ok,1,0.8783,196.3 77.1 367.8 321.7,data/processed/aligned/100-02.jpg
100-03.jpg,100,3,ok,1,0.8839,204.2 81.5 382.2 328.0,data/processed/aligned/100-03.jpg
100-04.jpg,100,4,ok,1,0.8984,204.4 76.0 386.5 322.9,data/processed/aligned/100-04.jpg
100-05.jpg,100,5,ok,1,0.8959,207.2 77.4 387.5 320.0,data/processed/aligned/100-05.jpg
100-06.jpg,100,6,ok,1,0.8618,214.3 84.4 389.3 327.2,data/processed/aligned/100-06.jpg
100-07.jpg,100,7,ok,1,0.8881,227.1 85.7 399.5 332.1,data/processed/aligned/100-07.jpg
100-08.jpg,100,8,ok,1,0.8604,248.4 85.4 413.6 330.0,data/processed/aligned/100-08.jpg
100-09.jpg,100,9,ok,1,0.8552,270.7 81.8 427.4 325.8,data/processed/aligned/100-09.jpg
100-10.jpg,100,10,ok,1,0.8212,302.5 77.3 451.2 319.5,data/processed/aligned/100-10.jpg
100-11.jpg,100,11,ok,1,0.8683,243.8 86.0 424.0 329.9,data/processed/aligned/100-11.jpg
100-12.jpg,100,12,ok,1,0.879,242.9 81.5 419.2 332.9,data/processed/aligned/100-12.jpg
100-13.jpg,100,13,ok,1,0.8874,220.0 83.2 399.0 325.4,data/processed/aligned/100-13.jpg
100-14.jpg,100,14,ok,1,0.8894,226.5 79.6 404.6 324.5,data/processed/aligned/100-14.jpg
101-01.jpg,101,1,ok,1,0.8553,190.5 56.8 365.5 315.8,data/processed/aligned/101-01.jpg
101-02.jpg,101,2,ok,1,0.8958,221.1 60.0 401.3 317.2,data/processed/aligned/101-02.jpg
101-03.jpg,101,3,ok,1,0.9204,226.7 56.8 415.4 318.8,data/processed/aligned/101-03.jpg
101-04.jpg,101,4,ok,1,0.9194,229.8 59.7 420.6 323.1,data/processed/aligned/101-04.jpg
101-05.jpg,101,5,ok,1,0.9202,228.8 58.7 419.0 321.2,data/processed/aligned/101-05.jpg
101-06.jpg,101,6,ok,1,0.9138,224.7 56.6 417.4 319.4,data/processed/aligned/101-06.jpg
101-07.jpg,101,7,ok,1,0.8937,233.5 61.1 425.0 326.5,data/processed/aligned/101-07.jpg
101-08.jpg,101,8,ok,1,0.8759,237.7 58.5 427.2 323.9,data/processed/aligned/101-08.jpg
101-09.jpg,101,9,ok,1,0.8565,267.8 54.6 451.7 314.1,data/processed/aligned/101-09.jpg
101-10.jpg,101,10,ok,1,0.817,279.4 54.9 456.8 309.8,data/processed/aligned/101-10.jpg
101-11.jpg,101,11,ok,1,0.9044,237.8 51.0 430.5 320.3,data/processed/aligned/101-11.jpg
101-12.jpg,101,12,ok,1,0.9068,243.2 47.5 433.6 321.3,data/processed/aligned/101-12.jpg
101-13.jpg,101,13,ok,1,0.8986,242.4 52.2 431.4 317.8,data/processed/aligned/101-13.jpg
101-14.jpg,101,14,ok,1,0.8847,243.3 48.3 431.9 315.6,data/processed/aligned/101-14.jpg
102-01.jpg,102,1,ok,1,0.8035,217.7 86.8 375.7 318.7,data/processed/aligned/102-01.jpg
102-02.jpg,102,2,ok,1,0.8531,244.0 84.3 412.6 324.2,data/processed/aligned/102-02.jpg
102-03.jpg,102,3,ok,1,0.8667,234.0 85.5 407.5 328.9,data/processed/aligned/102-03.jpg
102-04.jpg,102,4,ok,1,0.8709,239.3 86.3 410.7 327.8,data/processed/aligned/102-04.jpg
102-05.jpg,102,5,ok,1,0.8713,240.6 87.6 411.7 326.2,data/processed/aligned/102-05.jpg
102-06.jpg,102,6,ok,1,0.8731,268.5 90.6 440.8 330.5,data/processed/aligned/102-06.jpg
102-07.jpg,102,7,ok,1,0.8603,275.0 89.2 448.2 330.4,data/processed/aligned/102-07.jpg
102-08.jpg,102,8,ok,1,0.8549,272.9 89.2 441.4 329.5,data/processed/aligned/102-08.jpg
102-09.jpg,102,9,ok,1,0.8278,300.4 87.5 465.5 326.3,data/processed/aligned/102-09.jpg
102-10.jpg,102,10,ok,1,0.7738,324.5 89.8 491.3 327.0,data/processed/aligned/102-10.jpg
102-11.jpg,102,11,ok,1,0.8845,247.7 97.0 415.8 336.8,data/processed/aligned/102-11.jpg
102-12.jpg,102,12,ok,1,0.8946,252.1 92.1 424.0 341.3,data/processed/aligned/102-12.jpg
102-13.jpg,102,13,ok,1,0.8768,244.5 92.1 412.9 331.4,data/processed/aligned/102-13.jpg
102-14.jpg,102,14,ok,1,0.8722,240.7 96.3 408.1 337.2,data/processed/aligned/102-14.jpg
103-01.jpg,103,1,ok,1,0.8151,187.4 124.5 356.7 374.3,data/processed/aligned/103-01.jpg
103-02.jpg,103,2,ok,1,0.8675,213.2 128.1 396.0 376.1,data/processed/aligned/103-02.jpg
103-03.jpg,103,3,ok,1,0.8592,217.5 143.1 392.4 384.7,data/processed/aligned/103-03.jpg
103-04.jpg,103,4,ok,1,0.8863,229.6 143.2 417.8 400.2,data/processed/aligned/103-04.jpg
103-05.jpg,103,5,ok,1,0.9083,231.5 135.9 420.7 390.9,data/processed/aligned/103-05.jpg
103-06.jpg,103,6,ok,1,0.8864,243.0 131.2 432.8 391.4,data/processed/aligned/103-06.jpg
103-07.jpg,103,7,ok,1,0.8871,234.3 128.7 425.1 386.8,data/processed/aligned/103-07.jpg
103-08.jpg,103,8,ok,1,0.8821,248.6 127.2 438.5 396.5,data/processed/aligned/103-08.jpg
103-09.jpg,103,9,ok,1,0.867,262.8 120.1 450.0 379.0,data/processed/aligned/103-09.jpg
103-10.jpg,103,10,ok,1,0.7912,317.6 118.5 487.4 366.1,data/processed/aligned/103-10.jpg
103-11.jpg,103,11,ok,1,0.8904,240.2 134.7 430.1 391.3,data/processed/aligned/103-11.jpg
103-12.jpg,103,12,ok,1,0.8935,241.5 131.5 433.0 392.1,data/processed/aligned/103-12.jpg
103-13.jpg,103,13,ok,1,0.8941,241.8 133.7 429.6 389.8,data/processed/aligned/103-13.jpg
103-14.jpg,103,14,ok,1,0.8973,235.4 134.2 419.3 393.9,data/processed/aligned/103-14.jpg
104-01.jpg,104,1,ok,1,0.8949,205.4 90.0 390.9 357.3,data/processed/aligned/104-01.jpg
104-02.jpg,104,2,ok,1,0.912,228.4 93.5 417.8 366.6,data/processed/aligned/104-02.jpg
104-03.jpg,104,3,ok,1,0.9043,257.2 75.2 442.3 330.1,data/processed/aligned/104-03.jpg
104-04.jpg,104,4,ok,1,0.8753,247.3 76.8 434.1 335.4,data/processed/aligned/104-04.jpg
104-05.jpg,104,5,ok,1,0.8963,261.6 83.4 448.8 339.2,data/processed/aligned/104-05.jpg
104-06.jpg,104,6,ok,1,0.9025,238.8 85.9 427.2 345.3,data/processed/aligned/104-06.jpg
104-07.jpg,104,7,ok,1,0.9055,236.1 98.0 424.8 358.4,data/processed/aligned/104-07.jpg
104-08.jpg,104,8,ok,1,0.8965,236.8 99.3 422.6 362.2,data/processed/aligned/104-08.jpg
104-09.jpg,104,9,ok,1,0.8903,247.7 100.0 430.9 361.9,data/processed/aligned/104-09.jpg
104-10.jpg,104,10,ok,1,0.8192,324.7 94.3 480.4 356.6,data/processed/aligned/104-10.jpg
104-11.jpg,104,11,ok,1,0.9136,225.8 95.7 415.0 355.7,data/processed/aligned/104-11.jpg
104-12.jpg,104,12,ok,1,0.9124,218.0 99.7 407.9 363.0,data/processed/aligned/104-12.jpg
104-13.jpg,104,13,ok,1,0.9145,217.0 95.8 408.5 357.4,data/processed/aligned/104-13.jpg
104-14.jpg,104,14,ok,1,0.9143,234.4 88.6 420.8 354.3,data/processed/aligned/104-14.jpg
105-01.jpg,105,1,ok,1,0.8046,165.8 82.2 319.1 356.0,data/processed/aligned/105-01.jpg
105-02.jpg,105,2,ok,1,0.8407,219.4 96.6 398.3 371.8,data/processed/aligned/105-02.jpg
105-03.jpg,105,3,ok,1,0.8803,228.4 97.1 418.3 378.8,data/processed/aligned/105-03.jpg
105-04.jpg,105,4,ok,1,0.874,240.0 98.4 431.6 369.6,data/processed/aligned/105-04.jpg
105-05.jpg,105,5,ok,1,0.9042,245.8 96.1 441.4 367.9,data/processed/aligned/105-05.jpg
105-06.jpg,105,6,ok,1,0.8783,259.8 103.9 454.6 374.2,data/processed/aligned/105-06.jpg
105-07.jpg,105,7,ok,1,0.8683,266.9 106.3 463.3 379.7,data/processed/aligned/105-07.jpg
105-08.jpg,105,8,ok,1,0.8798,280.4 107.1 480.2 381.1,data/processed/aligned/105-08.jpg
105-09.jpg,105,9,ok,1,0.863,262.9 112.3 450.6 385.9,data/processed/aligned/105-09.jpg
105-10.jpg,105,10,ok,1,0.8106,327.0 107.8 491.8 376.2,data/processed/aligned/105-10.jpg
105-11.jpg,105,11,ok,1,0.8982,218.7 107.8 412.9 377.1,data/processed/aligned/105-11.jpg
105-12.jpg,105,12,ok,1,0.9074,220.4 102.5 415.2 382.9,data/processed/aligned/105-12.jpg
105-13.jpg,105,13,ok,1,0.9095,226.0 110.2 418.3 384.9,data/processed/aligned/105-13.jpg
105-14.jpg,105,14,ok,1,0.8916,232.1 118.1 425.1 378.5,data/processed/aligned/105-14.jpg
106-01.jpg,106,1,ok,1,0.7965,182.6 122.3 348.7 362.7,data/processed/aligned/106-01.jpg
106-02.jpg,106,2,ok,1,0.8473,217.8 116.1 399.8 371.1,data/processed/aligned/106-02.jpg
106-03.jpg,106,3,ok,1,0.8683,238.0 112.3 421.8 368.4,data/processed/aligned/106-03.jpg
106-04.jpg,106,4,ok,1,0.8875,214.3 117.0 401.2 372.5,data/processed/aligned/106-04.jpg
106-05.jpg,106,5,ok,1,0.9005,229.0 125.5 418.0 379.9,data/processed/aligned/106-05.jpg
106-06.jpg,106,6,ok,1,0.8984,249.4 128.9 439.6 382.5,data/processed/aligned/106-06.jpg
106-07.jpg,106,7,ok,1,0.8916,261.9 126.3 450.2 381.4,data/processed/aligned/106-07.jpg
106-08.jpg,106,8,ok,1,0.8509,272.9 127.4 459.1 386.0,data/processed/aligned/106-08.jpg
106-09.jpg,106,9,ok,1,0.8782,278.5 127.0 465.9 383.9,data/processed/aligned/106-09.jpg
106-10.jpg,106,10,ok,1,0.8144,318.2 124.5 493.6 376.4,data/processed/aligned/106-10.jpg
106-11.jpg,106,11,ok,1,0.8972,227.0 130.0 417.4 385.3,data/processed/aligned/106-11.jpg
106-12.jpg,106,12,ok,1,0.9058,223.3 129.4 414.2 387.2,data/processed/aligned/106-12.jpg
106-13.jpg,106,13,ok,1,0.9001,230.5 132.6 421.7 388.4,data/processed/aligned/106-13.jpg
106-14.jpg,106,14,ok,1,0.8682,231.0 128.3 423.4 379.7,data/processed/aligned/106-14.jpg
107-01.jpg,107,1,ok,1,0.8023,186.9 109.1 357.8 369.5,data/processed/aligned/107-01.jpg
107-02.jpg,107,2,ok,1,0.8465,198.4 112.1 371.2 372.9,data/processed/aligned/107-02.jpg
107-03.jpg,107,3,ok,1,0.8642,206.5 109.1 385.5 374.0,data/processed/aligned/107-03.jpg
107-04.jpg,107,4,ok,1,0.8664,215.2 114.3 397.7 377.2,data/processed/aligned/107-04.jpg
107-05.jpg,107,5,ok,1,0.8995,222.5 113.8 405.9 377.7,data/processed/aligned/107-05.jpg
107-06.jpg,107,6,ok,1,0.9101,231.3 115.5 413.0 380.4,data/processed/aligned/107-06.jpg
107-07.jpg,107,7,ok,1,0.8852,238.7 118.7 420.2 381.0,data/processed/aligned/107-07.jpg
107-08.jpg,107,8,ok,1,0.8502,244.6 115.2 423.6 378.8,data/processed/aligned/107-08.jpg
107-09.jpg,107,9,ok,1,0.8689,263.3 118.4 445.2 380.4,data/processed/aligned/107-09.jpg
107-10.jpg,107,10,ok,1,0.8165,308.1 120.9 473.5 378.9,data/processed/aligned/107-10.jpg
107-11.jpg,107,11,ok,1,0.9082,225.5 113.6 409.0 377.4,data/processed/aligned/107-11.jpg
107-12.jpg,107,12,ok,1,0.8882,227.3 109.0 409.2 371.8,data/processed/aligned/107-12.jpg
107-13.jpg,107,13,ok,1,0.8906,224.0 109.0 408.1 373.5,data/processed/aligned/107-13.jpg
107-14.jpg,107,14,no_face,0,,,
108-01.jpg,108,1,ok,1,0.8346,143.1 115.9 336.3 384.6,data/processed/aligned/108-01.jpg
108-02.jpg,108,2,ok,1,0.8439,181.1 111.4 379.0 378.1,data/processed/aligned/108-02.jpg
108-03.jpg,108,3,ok,1,0.8555,206.6 115.5 405.0 376.3,data/processed/aligned/108-03.jpg
108-04.jpg,108,4,ok,1,0.8913,212.9 115.1 415.0 378.3,data/processed/aligned/108-04.jpg
108-05.jpg,108,5,ok,1,0.8757,215.7 109.0 420.9 375.5,data/processed/aligned/108-05.jpg
108-06.jpg,108,6,ok,1,0.8723,225.4 120.5 430.0 371.0,data/processed/aligned/108-06.jpg
108-07.jpg,108,7,ok,1,0.8203,239.2 108.7 442.6 365.4,data/processed/aligned/108-07.jpg
108-08.jpg,108,8,ok,1,0.8348,241.4 107.1 444.4 360.9,data/processed/aligned/108-08.jpg
108-09.jpg,108,9,ok,1,0.8043,267.1 104.8 467.4 363.6,data/processed/aligned/108-09.jpg
108-10.jpg,108,10,ok,1,0.7732,307.6 132.2 505.3 379.1,data/processed/aligned/108-10.jpg
108-11.jpg,108,11,ok,1,0.8928,209.4 115.6 416.0 381.2,data/processed/aligned/108-11.jpg
108-12.jpg,108,12,ok,1,0.8468,202.1 106.3 408.4 369.0,data/processed/aligned/108-12.jpg
108-13.jpg,108,13,ok,1,0.8459,211.2 106.5 416.8 370.2,data/processed/aligned/108-13.jpg
108-14.jpg,108,14,no_face,0,,,
109-01.jpg,109,1,ok,1,0.8813,166.5 80.9 344.2 360.0,data/processed/aligned/109-01.jpg
109-02.jpg,109,2,ok,1,0.9108,199.2 86.4 386.1 367.3,data/processed/aligned/109-02.jpg
109-03.jpg,109,3,ok,1,0.8927,211.0 79.8 401.3 364.3,data/processed/aligned/109-03.jpg
109-04.jpg,109,4,ok,1,0.893,210.6 76.2 401.5 362.1,data/processed/aligned/109-04.jpg
109-05.jpg,109,5,ok,1,0.9146,226.8 71.0 423.0 358.3,data/processed/aligned/109-05.jpg
109-06.jpg,109,6,ok,1,0.896,238.2 79.4 432.7 365.6,data/processed/aligned/109-06.jpg
109-07.jpg,109,7,ok,1,0.8966,255.2 77.0 451.5 362.9,data/processed/aligned/109-07.jpg
109-08.jpg,109,8,ok,1,0.888,262.3 79.1 454.7 361.6,data/processed/aligned/109-08.jpg
109-09.jpg,109,9,ok,1,0.8753,288.6 94.1 480.6 371.8,data/processed/aligned/109-09.jpg
109-10.jpg,109,10,ok,1,0.8645,326.2 92.3 506.2 372.3,data/processed/aligned/109-10.jpg
109-11.jpg,109,11,ok,1,0.9103,227.6 87.6 423.1 379.5,data/processed/aligned/109-11.jpg
109-12.jpg,109,12,ok,1,0.9029,234.2 83.2 428.9 380.3,data/processed/aligned/109-12.jpg
109-13.jpg,109,13,ok,1,0.9163,223.1 76.6 423.0 373.0,data/processed/aligned/109-13.jpg
109-14.jpg,109,14,no_face,0,,,
11-01.jpg,11,1,ok,1,0.819,210.5 95.0 374.3 324.1,data/processed/aligned/11-01.jpg
11-02.jpg,11,2,ok,1,0.8663,229.2 97.3 406.5 325.9,data/processed/aligned/11-02.jpg
11-03.jpg,11,3,ok,1,0.8685,233.7 108.5 414.5 335.3,data/processed/aligned/11-03.jpg
11-04.jpg,11,4,ok,1,0.87,234.2 100.4 414.3 331.1,data/processed/aligned/11-04.jpg
11-05.jpg,11,5,ok,1,0.8604,245.1 98.1 428.4 322.9,data/processed/aligned/11-05.jpg
11-06.jpg,11,6,ok,1,0.8616,248.0 99.8 430.6 321.1,data/processed/aligned/11-06.jpg
11-07.jpg,11,7,ok,1,0.864,242.5 119.1 426.0 342.5,data/processed/aligned/11-07.jpg
11-08.jpg,11,8,ok,1,0.8516,270.5 119.8 450.7 340.9,data/processed/aligned/11-08.jpg
11-09.jpg,11,9,ok,1,0.8579,265.8 109.1 446.2 335.8,data/processed/aligned/11-09.jpg
11-10.jpg,11,10,ok,1,0.7529,279.2 121.4 437.4 344.1,data/processed/aligned/11-10.jpg
11-11.jpg,11,11,ok,1,0.8784,236.8 118.9 422.3 345.1,data/processed/aligned/11-11.jpg
11-12.jpg,11,12,ok,1,0.8816,225.7 118.9 412.4 350.9,data/processed/aligned/11-12.jpg
11-13.jpg,11,13,ok,1,0.874,227.6 122.0 415.1 353.8,data/processed/aligned/11-13.jpg
11-14.jpg,11,14,ok,1,0.8752,228.4 121.3 416.3 353.9,data/processed/aligned/11-14.jpg
110-01.jpg,110,1,ok,1,0.8265,177.7 92.3 361.9 374.3,data/processed/aligned/110-01.jpg
110-02.jpg,110,2,ok,1,0.851,194.7 100.7 396.0 381.0,data/processed/aligned/110-02.jpg
110-03.jpg,110,3,ok,1,0.8781,214.3 96.3 424.0 384.4,data/processed/aligned/110-03.jpg
110-04.jpg,110,4,ok,1,0.8714,218.8 96.5 426.6 379.3,data/processed/aligned/110-04.jpg
110-05.jpg,110,5,ok,1,0.8881,242.3 99.5 450.2 385.6,data/processed/aligned/110-05.jpg
110-06.jpg,110,6,ok,1,0.906,227.0 117.7 436.3 389.7,data/processed/aligned/110-06.jpg
110-07.jpg,110,7,ok,1,0.848,236.4 103.6 444.8 382.1,data/processed/aligned/110-07.jpg
110-08.jpg,110,8,ok,1,0.8319,243.3 98.8 452.4 380.4,data/processed/aligned/110-08.jpg
110-09.jpg,110,9,ok,1,0.8321,258.8 99.0 463.7 385.5,data/processed/aligned/110-09.jpg
110-10.jpg,110,10,ok,1,0.8442,284.7 92.1 473.5 377.7,data/processed/aligned/110-10.jpg
110-11.jpg,110,11,ok,1,0.9021,209.7 114.2 417.6 386.7,data/processed/aligned/110-11.jpg
110-12.jpg,110,12,ok,1,0.8912,212.1 95.9 423.4 371.9,data/processed/aligned/110-12.jpg
110-13.jpg,110,13,ok,1,0.8716,211.8 100.7 426.5 380.9,data/processed/aligned/110-13.jpg
110-14.jpg,110,14,no_face,0,,,
111-01.jpg,111,1,ok,1,0.8088,178.5 121.0 352.2 373.4,data/processed/aligned/111-01.jpg
111-02.jpg,111,2,ok,1,0.8435,211.8 123.4 391.0 376.5,data/processed/aligned/111-02.jpg
111-03.jpg,111,3,ok,1,0.8769,214.3 126.3 395.0 380.2,data/processed/aligned/111-03.jpg
111-04.jpg,111,4,ok,1,0.898,230.3 119.4 405.8 375.6,data/processed/aligned/111-04.jpg
111-05.jpg,111,5,ok,1,0.8839,237.0 110.3 415.5 370.7,data/processed/aligned/111-05.jpg
111-06.jpg,111,6,ok,1,0.8985,255.4 114.5 433.0 376.5,data/processed/aligned/111-06.jpg
111-07.jpg,111,7,ok,1,0.8723,258.7 113.4 443.1 372.2,data/processed/aligned/111-07.jpg
111-08.jpg,111,8,ok,1,0.8644,252.4 112.7 441.0 373.1,data/processed/aligned/111-08.jpg
111-09.jpg,111,9,ok,1,0.8435,274.3 117.7 459.5 376.3,data/processed/aligned/111-09.jpg
111-10.jpg,111,10,ok,1,0.7937,287.5 112.8 469.3 369.7,data/processed/aligned/111-10.jpg
111-11.jpg,111,11,ok,1,0.9042,225.5 128.4 399.0 385.1,data/processed/aligned/111-11.jpg
111-12.jpg,111,12,ok,1,0.8893,226.7 133.1 401.0 393.3,data/processed/aligned/111-12.jpg
111-13.jpg,111,13,ok,1,0.8767,234.7 109.5 410.3 372.8,data/processed/aligned/111-13.jpg
111-14.jpg,111,14,no_face,0,,,
112-01.jpg,112,1,ok,1,0.8487,167.3 113.4 354.6 379.2,data/processed/aligned/112-01.jpg
112-02.jpg,112,2,ok,1,0.8614,181.7 107.3 388.5 367.0,data/processed/aligned/112-02.jpg
112-03.jpg,112,3,ok,1,0.8885,184.0 107.8 391.3 374.7,data/processed/aligned/112-03.jpg
112-04.jpg,112,4,ok,1,0.912,189.4 119.9 392.9 382.4,data/processed/aligned/112-04.jpg
112-05.jpg,112,5,ok,1,0.8795,194.3 108.1 400.3 372.2,data/processed/aligned/112-05.jpg
112-06.jpg,112,6,ok,1,0.9058,218.0 130.3 422.1 388.5,data/processed/aligned/112-06.jpg
112-07.jpg,112,7,ok,1,0.8668,229.4 112.4 433.5 373.9,data/processed/aligned/112-07.jpg
112-08.jpg,112,8,ok,1,0.8658,266.4 122.5 467.4 387.1,data/processed/aligned/112-08.jpg
112-09.jpg,112,9,ok,1,0.8702,287.3 120.6 485.1 387.4,data/processed/aligned/112-09.jpg
112-10.jpg,112,10,ok,1,0.8555,321.4 135.8 498.2 390.5,data/processed/aligned/112-10.jpg
112-11.jpg,112,11,ok,1,0.9178,218.8 124.1 425.1 385.7,data/processed/aligned/112-11.jpg
112-12.jpg,112,12,ok,1,0.9195,215.6 121.3 421.6 390.0,data/processed/aligned/112-12.jpg
112-13.jpg,112,13,ok,1,0.9048,214.4 120.9 417.9 381.1,data/processed/aligned/112-13.jpg
112-14.jpg,112,14,no_face,0,,,
113-01.jpg,113,1,ok,1,0.8711,159.9 77.5 356.0 366.4,data/processed/aligned/113-01.jpg
113-02.jpg,113,2,ok,1,0.8818,192.6 85.7 398.6 373.2,data/processed/aligned/113-02.jpg
113-03.jpg,113,3,ok,1,0.8849,205.4 85.6 418.9 377.3,data/processed/aligned/113-03.jpg
113-04.jpg,113,4,ok,1,0.8787,201.8 86.3 419.5 380.5,data/processed/aligned/113-04.jpg
113-05.jpg,113,5,ok,1,0.889,219.2 85.8 442.5 381.0,data/processed/aligned/113-05.jpg
113-06.jpg,113,6,ok,1,0.8622,241.8 97.0 465.0 381.0,data/processed/aligned/113-06.jpg
113-07.jpg,113,7,ok,1,0.8791,230.6 85.8 446.6 379.9,data/processed/aligned/113-07.jpg
113-08.jpg,113,8,ok,1,0.8829,243.2 87.7 458.0 379.2,data/processed/aligned/113-08.jpg
113-09.jpg,113,9,ok,1,0.8625,261.4 85.9 467.3 376.4,data/processed/aligned/113-09.jpg
113-10.jpg,113,10,ok,1,0.8401,297.4 85.6 495.4 375.6,data/processed/aligned/113-10.jpg
113-11.jpg,113,11,ok,1,0.8982,207.7 87.5 430.8 379.4,data/processed/aligned/113-11.jpg
113-12.jpg,113,12,ok,1,0.893,206.7 89.7 430.5 380.2,data/processed/aligned/113-12.jpg
113-13.jpg,113,13,ok,1,0.8709,204.9 96.0 427.5 385.1,data/processed/aligned/113-13.jpg
113-14.jpg,113,14,no_face,0,,,
114-01.jpg,114,1,ok,1,0.8245,155.8 102.6 332.5 369.9,data/processed/aligned/114-01.jpg
114-02.jpg,114,2,ok,1,0.8232,177.8 104.7 357.5 376.8,data/processed/aligned/114-02.jpg
114-03.jpg,114,3,ok,1,0.8537,217.3 99.8 401.0 376.7,data/processed/aligned/114-03.jpg
114-04.jpg,114,4,ok,1,0.8585,222.1 102.2 408.6 379.3,data/processed/aligned/114-04.jpg
114-05.jpg,114,5,ok,1,0.854,222.0 100.9 412.9 380.4,data/processed/aligned/114-05.jpg
114-06.jpg,114,6,ok,1,0.8531,265.2 103.9 453.1 379.2,data/processed/aligned/114-06.jpg
114-07.jpg,114,7,ok,1,0.846,263.1 100.3 449.5 376.8,data/processed/aligned/114-07.jpg
114-08.jpg,114,8,ok,1,0.8464,264.1 100.9 449.4 376.8,data/processed/aligned/114-08.jpg
114-09.jpg,114,9,ok,1,0.815,277.7 96.9 459.2 375.4,data/processed/aligned/114-09.jpg
114-10.jpg,114,10,ok,1,0.8031,301.2 91.9 477.5 377.7,data/processed/aligned/114-10.jpg
114-11.jpg,114,11,ok,1,0.8482,219.8 101.5 405.1 379.5,data/processed/aligned/114-11.jpg
114-12.jpg,114,12,ok,1,0.8754,218.7 104.0 405.0 381.8,data/processed/aligned/114-12.jpg
114-13.jpg,114,13,ok,1,0.8767,225.3 112.0 411.6 381.0,data/processed/aligned/114-13.jpg
114-14.jpg,114,14,no_face,0,,,
115-01.jpg,115,1,ok,1,0.8809,157.7 89.5 349.9 353.5,data/processed/aligned/115-01.jpg
115-02.jpg,115,2,ok,1,0.8897,187.2 94.9 379.0 362.4,data/processed/aligned/115-02.jpg
115-03.jpg,115,3,ok,1,0.9141,199.4 92.1 394.9 358.2,data/processed/aligned/115-03.jpg
115-04.jpg,115,4,ok,1,0.9132,202.3 92.7 396.7 357.8,data/processed/aligned/115-04.jpg
115-05.jpg,115,5,ok,1,0.9054,203.4 92.6 398.5 359.5,data/processed/aligned/115-05.jpg
115-06.jpg,115,6,ok,1,0.8974,215.2 97.5 409.6 366.2,data/processed/aligned/115-06.jpg
115-07.jpg,115,7,ok,1,0.8901,228.4 94.2 420.0 360.5,data/processed/aligned/115-07.jpg
115-08.jpg,115,8,ok,1,0.8823,230.5 96.8 421.0 363.0,data/processed/aligned/115-08.jpg
115-09.jpg,115,9,ok,1,0.8757,235.1 86.8 422.8 350.7,data/processed/aligned/115-09.jpg
115-10.jpg,115,10,ok,1,0.8351,273.7 95.8 460.3 354.9,data/processed/aligned/115-10.jpg
115-11.jpg,115,11,ok,1,0.9059,214.4 92.6 408.8 358.6,data/processed/aligned/115-11.jpg
115-12.jpg,115,12,ok,1,0.9063,216.6 96.8 411.0 368.7,data/processed/aligned/115-12.jpg
115-13.jpg,115,13,ok,1,0.9043,218.2 88.7 412.8 355.5,data/processed/aligned/115-13.jpg
115-14.jpg,115,14,no_face,0,,,
116-01.jpg,116,1,ok,1,0.8498,169.4 67.2 340.3 314.8,data/processed/aligned/116-01.jpg
116-02.jpg,116,2,ok,1,0.8828,196.0 69.4 373.9 316.8,data/processed/aligned/116-02.jpg
116-03.jpg,116,3,ok,1,0.8867,224.5 77.3 403.7 321.0,data/processed/aligned/116-03.jpg
116-04.jpg,116,4,ok,1,0.881,213.7 75.9 397.2 320.5,data/processed/aligned/116-04.jpg
116-05.jpg,116,5,ok,1,0.8959,211.3 69.8 397.2 319.3,data/processed/aligned/116-05.jpg
116-06.jpg,116,6,ok,1,0.8767,219.7 82.0 404.6 327.5,data/processed/aligned/116-06.jpg
116-07.jpg,116,7,ok,1,0.8529,232.6 81.4 415.4 325.0,data/processed/aligned/116-07.jpg
116-08.jpg,116,8,ok,1,0.844,233.5 81.6 417.3 332.0,data/processed/aligned/116-08.jpg
116-09.jpg,116,9,ok,1,0.8663,255.3 77.3 435.4 321.3,data/processed/aligned/116-09.jpg
116-10.jpg,116,10,ok,1,0.8077,305.3 80.0 479.9 331.0,data/processed/aligned/116-10.jpg
116-11.jpg,116,11,ok,1,0.9019,215.2 87.8 404.2 345.4,data/processed/aligned/116-11.jpg
116-12.jpg,116,12,ok,1,0.8948,226.9 79.7 416.1 326.9,data/processed/aligned/116-12.jpg
116-13.jpg,116,13,ok,1,0.8792,228.6 78.6 415.7 327.2,data/processed/aligned/116-13.jpg
116-14.jpg,116,14,no_face,0,,,
117-01.jpg,117,1,ok,1,0.782,193.7 83.6 344.9 325.3,data/processed/aligned/117-01.jpg
117-02.jpg,117,2,ok,1,0.8639,208.6 82.0 383.7 332.8,data/processed/aligned/117-02.jpg
117-03.jpg,117,3,ok,1,0.8842,206.1 62.0 393.8 306.3,data/processed/aligned/117-03.jpg
117-04.jpg,117,4,ok,1,0.8966,199.4 67.6 385.8 315.6,data/processed/aligned/117-04.jpg
117-05.jpg,117,5,ok,1,0.8903,209.9 65.6 403.6 310.9,data/processed/aligned/117-05.jpg
117-06.jpg,117,6,ok,1,0.9093,225.8 72.8 418.5 321.6,data/processed/aligned/117-06.jpg
117-07.jpg,117,7,ok,1,0.8953,230.4 66.7 418.0 313.1,data/processed/aligned/117-07.jpg
117-08.jpg,117,8,ok,1,0.8795,243.0 67.7 425.1 314.7,data/processed/aligned/117-08.jpg
117-09.jpg,117,9,ok,1,0.8867,254.3 73.8 427.4 324.3,data/processed/aligned/117-09.jpg
117-10.jpg,117,10,ok,1,0.8019,294.1 80.3 446.2 319.3,data/processed/aligned/117-10.jpg
117-11.jpg,117,11,ok,1,0.905,217.7 72.3 405.7 320.6,data/processed/aligned/117-11.jpg
117-12.jpg,117,12,ok,1,0.9063,222.8 69.3 413.1 319.3,data/processed/aligned/117-12.jpg
117-13.jpg,117,13,ok,1,0.8864,236.5 71.9 427.5 323.1,data/processed/aligned/117-13.jpg
117-14.jpg,117,14,no_face,0,,,
118-01.jpg,118,1,ok,1,0.8276,168.5 72.9 381.5 381.2,data/processed/aligned/118-01.jpg
118-02.jpg,118,2,ok,1,0.8717,182.6 79.3 393.3 381.7,data/processed/aligned/118-02.jpg
118-03.jpg,118,3,ok,1,0.8717,186.5 77.3 405.2 384.0,data/processed/aligned/118-03.jpg
118-04.jpg,118,4,ok,1,0.8673,195.8 75.5 423.5 386.9,data/processed/aligned/118-04.jpg
118-05.jpg,118,5,ok,1,0.869,207.7 74.7 434.3 404.4,data/processed/aligned/118-05.jpg
118-06.jpg,118,6,ok,1,0.8635,226.0 81.0 450.1 388.8,data/processed/aligned/118-06.jpg
118-07.jpg,118,7,ok,1,0.86,222.5 73.1 446.1 388.5,data/processed/aligned/118-07.jpg
118-08.jpg,118,8,ok,1,0.8782,227.0 74.0 452.1 382.7,data/processed/aligned/118-08.jpg
118-09.jpg,118,9,ok,1,0.8655,253.0 79.9 472.8 377.9,data/processed/aligned/118-09.jpg
118-10.jpg,118,10,ok,1,0.8608,285.8 79.3 497.9 375.0,data/processed/aligned/118-10.jpg
118-11.jpg,118,11,ok,1,0.8749,208.4 82.9 430.1 393.7,data/processed/aligned/118-11.jpg
118-12.jpg,118,12,ok,1,0.9069,214.0 76.6 432.8 384.4,data/processed/aligned/118-12.jpg
118-13.jpg,118,13,ok,1,0.8863,213.7 78.6 432.1 388.7,data/processed/aligned/118-13.jpg
118-14.jpg,118,14,no_face,0,,,
119-01.jpg,119,1,ok,1,0.8361,207.9 98.6 370.1 334.3,data/processed/aligned/119-01.jpg
119-02.jpg,119,2,ok,1,0.8596,229.7 99.9 399.1 337.9,data/processed/aligned/119-02.jpg
119-03.jpg,119,3,ok,1,0.8763,231.9 99.2 407.5 337.6,data/processed/aligned/119-03.jpg
119-04.jpg,119,4,ok,1,0.8717,234.9 96.1 411.9 336.0,data/processed/aligned/119-04.jpg
119-05.jpg,119,5,ok,1,0.8839,241.5 104.5 418.8 338.7,data/processed/aligned/119-05.jpg
119-06.jpg,119,6,ok,1,0.8891,244.1 104.5 422.8 343.3,data/processed/aligned/119-06.jpg
119-07.jpg,119,7,ok,1,0.8748,250.3 101.1 430.7 336.1,data/processed/aligned/119-07.jpg
119-08.jpg,119,8,ok,1,0.8814,243.2 103.1 423.7 338.4,data/processed/aligned/119-08.jpg
119-09.jpg,119,9,ok,1,0.8614,259.0 108.2 436.7 341.7,data/processed/aligned/119-09.jpg
119-10.jpg,119,10,ok,1,0.8135,299.8 108.4 461.5 339.4,data/processed/aligned/119-10.jpg
119-11.jpg,119,11,ok,1,0.89,238.9 103.9 418.9 340.9,data/processed/aligned/119-11.jpg
119-12.jpg,119,12,ok,1,0.8948,244.7 104.2 423.3 344.1,data/processed/aligned/119-12.jpg
119-13.jpg,119,13,ok,1,0.8932,242.7 105.7 423.3 346.0,data/processed/aligned/119-13.jpg
119-14.jpg,119,14,ok,1,0.8662,244.9 107.5 424.6 340.6,data/processed/aligned/119-14.jpg
12-01.jpg,12,1,ok,1,0.8596,185.0 71.7 349.9 314.3,data/processed/aligned/12-01.jpg
12-02.jpg,12,2,ok,1,0.8602,216.8 81.7 389.3 323.6,data/processed/aligned/12-02.jpg
12-03.jpg,12,3,ok,1,0.8606,231.3 86.1 402.5 328.9,data/processed/aligned/12-03.jpg
12-04.jpg,12,4,ok,1,0.8791,221.4 92.4 393.0 335.8,data/processed/aligned/12-04.jpg
12-05.jpg,12,5,ok,1,0.8742,252.3 93.0 422.4 338.3,data/processed/aligned/12-05.jpg
12-06.jpg,12,6,ok,1,0.8844,238.9 92.4 411.0 339.2,data/processed/aligned/12-06.jpg
12-07.jpg,12,7,ok,1,0.8789,252.1 95.3 421.9 341.1,data/processed/aligned/12-07.jpg
12-08.jpg,12,8,ok,1,0.8872,258.4 91.6 430.0 336.0,data/processed/aligned/12-08.jpg
12-09.jpg,12,9,ok,1,0.8798,269.1 96.5 439.0 341.1,data/processed/aligned/12-09.jpg
12-10.jpg,12,10,ok,1,0.8275,296.4 108.0 456.5 345.4,data/processed/aligned/12-10.jpg
12-11.jpg,12,11,ok,1,0.8873,239.8 103.5 413.4 350.1,data/processed/aligned/12-11.jpg
12-12.jpg,12,12,ok,1,0.8896,249.6 100.6 419.8 350.0,data/processed/aligned/12-12.jpg
12-13.jpg,12,13,ok,1,0.8885,237.8 106.6 411.0 354.4,data/processed/aligned/12-13.jpg
12-14.jpg,12,14,ok,1,0.886,241.6 105.8 413.9 351.6,data/processed/aligned/12-14.jpg
120-01.jpg,120,1,ok,1,0.8704,175.1 70.6 354.4 328.9,data/processed/aligned/120-01.jpg
120-02.jpg,120,2,ok,1,0.8365,209.5 74.5 395.2 338.7,data/processed/aligned/120-02.jpg
120-03.jpg,120,3,ok,1,0.8656,224.5 74.4 413.7 338.7,data/processed/aligned/120-03.jpg
120-04.jpg,120,4,ok,1,0.8842,228.5 72.6 416.3 337.4,data/processed/aligned/120-04.jpg
120-05.jpg,120,5,ok,1,0.8765,241.3 69.2 426.8 336.1,data/processed/aligned/120-05.jpg
120-06.jpg,120,6,ok,1,0.8879,248.3 66.2 433.2 336.9,data/processed/aligned/120-06.jpg
120-07.jpg,120,7,ok,1,0.8761,236.5 66.9 418.9 335.4,data/processed/aligned/120-07.jpg
120-08.jpg,120,8,ok,1,0.8528,244.6 65.1 427.5 336.3,data/processed/aligned/120-08.jpg
120-09.jpg,120,9,ok,1,0.8646,269.8 65.8 451.0 328.8,data/processed/aligned/120-09.jpg
120-10.jpg,120,10,ok,1,0.8601,292.1 65.7 466.4 332.7,data/processed/aligned/120-10.jpg
120-11.jpg,120,11,ok,1,0.8908,232.4 65.8 419.3 337.4,data/processed/aligned/120-11.jpg
120-12.jpg,120,12,ok,1,0.8957,243.7 62.8 425.6 330.0,data/processed/aligned/120-12.jpg
120-13.jpg,120,13,ok,1,0.8896,246.1 65.0 430.6 329.2,data/processed/aligned/120-13.jpg
120-14.jpg,120,14,ok,1,0.8733,247.0 62.3 430.7 332.8,data/processed/aligned/120-14.jpg
121-01.jpg,121,1,ok,1,0.8276,198.7 93.7 360.2 338.2,data/processed/aligned/121-01.jpg
121-02.jpg,121,2,ok,1,0.8627,209.0 88.6 376.9 334.9,data/processed/aligned/121-02.jpg
121-03.jpg,121,3,ok,1,0.851,222.7 83.5 393.9 331.2,data/processed/aligned/121-03.jpg
121-04.jpg,121,4,ok,1,0.863,223.2 82.6 395.6 332.8,data/processed/aligned/121-04.jpg
121-05.jpg,121,5,ok,1,0.8778,234.4 82.6 408.8 330.4,data/processed/aligned/121-05.jpg
121-06.jpg,121,6,ok,1,0.8966,254.5 95.9 430.0 345.3,data/processed/aligned/121-06.jpg
121-07.jpg,121,7,ok,1,0.8876,235.8 89.0 408.4 339.9,data/processed/aligned/121-07.jpg
121-08.jpg,121,8,ok,1,0.8884,257.5 91.4 430.4 342.1,data/processed/aligned/121-08.jpg
121-09.jpg,121,9,ok,1,0.8407,279.5 92.1 447.2 339.4,data/processed/aligned/121-09.jpg
121-10.jpg,121,10,ok,1,0.8099,311.9 91.8 473.2 338.2,data/processed/aligned/121-10.jpg
121-11.jpg,121,11,ok,1,0.8847,231.9 88.3 404.8 336.2,data/processed/aligned/121-11.jpg
121-12.jpg,121,12,ok,1,0.9063,232.6 89.1 405.5 344.9,data/processed/aligned/121-12.jpg
121-13.jpg,121,13,ok,1,0.8835,230.8 87.5 404.4 338.0,data/processed/aligned/121-13.jpg
121-14.jpg,121,14,ok,1,0.875,237.7 91.9 410.4 341.6,data/processed/aligned/121-14.jpg
122-01.jpg,122,1,ok,1,0.865,155.7 89.9 336.7 361.8,data/processed/aligned/122-01.jpg
122-02.jpg,122,2,ok,1,0.9159,196.6 90.0 395.9 355.5,data/processed/aligned/122-02.jpg
122-03.jpg,122,3,ok,1,0.8953,204.1 92.3 407.1 360.4,data/processed/aligned/122-03.jpg
122-04.jpg,122,4,ok,1,0.9184,212.3 86.3 414.1 355.0,data/processed/aligned/122-04.jpg
122-05.jpg,122,5,ok,1,0.9179,213.4 88.3 416.2 359.1,data/processed/aligned/122-05.jpg
122-06.jpg,122,6,ok,1,0.9136,225.0 83.0 423.6 354.1,data/processed/aligned/122-06.jpg
122-07.jpg,122,7,ok,1,0.8996,232.8 84.1 428.6 352.7,data/processed/aligned/122-07.jpg
122-08.jpg,122,8,ok,1,0.8798,236.9 84.6 424.6 354.1,data/processed/aligned/122-08.jpg
122-09.jpg,122,9,ok,1,0.8881,227.0 83.2 417.6 351.7,data/processed/aligned/122-09.jpg
122-10.jpg,122,10,ok,1,0.8128,286.0 76.1 461.0 341.9,data/processed/aligned/122-10.jpg
122-11.jpg,122,11,ok,1,0.9175,227.4 83.9 427.2 358.0,data/processed/aligned/122-11.jpg
122-12.jpg,122,12,ok,1,0.9239,217.2 82.0 422.5 358.0,data/processed/aligned/122-12.jpg
122-13.jpg,122,13,ok,1,0.9198,221.8 85.2 423.9 359.2,data/processed/aligned/122-13.jpg
122-14.jpg,122,14,ok,1,0.8943,219.4 91.2 420.4 354.0,data/processed/aligned/122-14.jpg
123-01.jpg,123,1,ok,1,0.8655,174.7 66.0 339.3 329.5,data/processed/aligned/123-01.jpg
123-02.jpg,123,2,ok,1,0.8581,206.2 73.0 393.7 341.0,data/processed/aligned/123-02.jpg
123-03.jpg,123,3,ok,1,0.8809,209.7 79.3 403.4 348.1,data/processed/aligned/123-03.jpg
123-04.jpg,123,4,ok,1,0.9162,216.9 80.5 413.6 351.1,data/processed/aligned/123-04.jpg
123-05.jpg,123,5,ok,1,0.9125,231.1 78.6 426.1 348.2,data/processed/aligned/123-05.jpg
123-06.jpg,123,6,ok,1,0.9192,252.8 84.9 450.8 351.7,data/processed/aligned/123-06.jpg
123-07.jpg,123,7,ok,1,0.8976,244.0 81.8 443.4 350.1,data/processed/aligned/123-07.jpg
123-08.jpg,123,8,ok,1,0.8813,243.2 76.8 442.2 345.4,data/processed/aligned/123-08.jpg
123-09.jpg,123,9,ok,1,0.8596,256.0 76.1 448.4 342.6,data/processed/aligned/123-09.jpg
123-10.jpg,123,10,ok,1,0.8461,296.3 72.6 471.3 332.9,data/processed/aligned/123-10.jpg
123-11.jpg,123,11,ok,1,0.9136,220.2 78.7 416.9 349.4,data/processed/aligned/123-11.jpg
123-12.jpg,123,12,ok,1,0.9199,220.0 91.8 420.8 362.6,data/processed/aligned/123-12.jpg
123-13.jpg,123,13,ok,1,0.9124,231.2 95.8 425.6 360.0,data/processed/aligned/123-13.jpg
123-14.jpg,123,14,ok,1,0.8912,231.9 99.7 426.8 366.1,data/processed/aligned/123-14.jpg
124-01.jpg,124,1,ok,1,0.8282,134.4 68.1 305.4 327.5,data/processed/aligned/124-01.jpg
124-02.jpg,124,2,ok,1,0.89,201.8 65.9 397.1 329.5,data/processed/aligned/124-02.jpg
124-03.jpg,124,3,ok,1,0.858,212.9 72.6 414.6 343.8,data/processed/aligned/124-03.jpg
124-04.jpg,124,4,ok,1,0.8756,219.6 70.7 421.0 340.6,data/processed/aligned/124-04.jpg
124-05.jpg,124,5,ok,1,0.8895,219.3 69.0 420.9 351.9,data/processed/aligned/124-05.jpg
124-06.jpg,124,6,ok,1,0.8856,237.5 60.8 447.7 342.9,data/processed/aligned/124-06.jpg
124-07.jpg,124,7,ok,1,0.8989,241.6 54.4 444.1 326.8,data/processed/aligned/124-07.jpg
124-08.jpg,124,8,ok,1,0.8962,249.5 58.1 451.6 329.5,data/processed/aligned/124-08.jpg
124-09.jpg,124,9,ok,1,0.8886,276.3 58.4 470.1 328.9,data/processed/aligned/124-09.jpg
124-10.jpg,124,10,ok,1,0.8393,328.1 58.5 505.5 323.9,data/processed/aligned/124-10.jpg
124-11.jpg,124,11,ok,1,0.8875,223.6 64.1 428.6 345.5,data/processed/aligned/124-11.jpg
124-12.jpg,124,12,ok,1,0.9061,218.9 68.6 426.1 358.3,data/processed/aligned/124-12.jpg
124-13.jpg,124,13,ok,1,0.8824,210.6 65.6 420.6 347.5,data/processed/aligned/124-13.jpg
124-14.jpg,124,14,ok,1,0.8908,214.5 67.5 423.0 351.9,data/processed/aligned/124-14.jpg
125-01.jpg,125,1,ok,1,0.8536,165.5 89.0 333.5 336.0,data/processed/aligned/125-01.jpg
125-02.jpg,125,2,ok,1,0.8685,203.1 82.5 386.7 335.5,data/processed/aligned/125-02.jpg
125-03.jpg,125,3,ok,1,0.8628,206.8 75.9 399.9 333.9,data/processed/aligned/125-03.jpg
125-04.jpg,125,4,ok,1,0.8695,206.6 80.6 404.7 346.3,data/processed/aligned/125-04.jpg
125-05.jpg,125,5,ok,1,0.9189,228.1 80.1 426.1 349.7,data/processed/aligned/125-05.jpg
125-06.jpg,125,6,ok,1,0.905,262.9 86.4 455.4 349.4,data/processed/aligned/125-06.jpg
125-07.jpg,125,7,ok,1,0.9005,250.4 89.7 440.9 350.3,data/processed/aligned/125-07.jpg
125-08.jpg,125,8,ok,1,0.897,249.1 86.7 438.4 350.7,data/processed/aligned/125-08.jpg
125-09.jpg,125,9,ok,1,0.8668,271.6 89.5 457.8 352.4,data/processed/aligned/125-09.jpg
125-10.jpg,125,10,ok,1,0.7939,320.0 86.9 489.6 338.5,data/processed/aligned/125-10.jpg
125-11.jpg,125,11,ok,1,0.9205,229.2 86.1 423.9 350.0,data/processed/aligned/125-11.jpg
125-12.jpg,125,12,ok,1,0.9236,230.8 86.2 427.0 354.5,data/processed/aligned/125-12.jpg
125-13.jpg,125,13,ok,1,0.9224,229.3 91.4 422.1 355.0,data/processed/aligned/125-13.jpg
125-14.jpg,125,14,ok,1,0.9181,227.1 90.7 418.5 351.7,data/processed/aligned/125-14.jpg
126-01.jpg,126,1,ok,1,0.8209,179.9 88.3 356.2 329.8,data/processed/aligned/126-01.jpg
126-02.jpg,126,2,ok,1,0.8837,198.1 98.7 385.9 344.8,data/processed/aligned/126-02.jpg
126-03.jpg,126,3,ok,1,0.8933,219.1 103.7 409.1 348.8,data/processed/aligned/126-03.jpg
126-04.jpg,126,4,ok,1,0.8992,224.5 108.7 417.0 352.4,data/processed/aligned/126-04.jpg
126-05.jpg,126,5,ok,1,0.9007,228.3 100.9 418.0 348.6,data/processed/aligned/126-05.jpg
126-06.jpg,126,6,ok,1,0.9017,227.9 103.1 416.9 350.9,data/processed/aligned/126-06.jpg
126-07.jpg,126,7,ok,1,0.8896,249.6 104.2 436.9 351.2,data/processed/aligned/126-07.jpg
126-08.jpg,126,8,ok,1,0.8845,239.4 98.7 425.8 346.6,data/processed/aligned/126-08.jpg
126-09.jpg,126,9,ok,1,0.8371,236.7 83.0 423.3 331.9,data/processed/aligned/126-09.jpg
126-10.jpg,126,10,ok,1,0.826,285.3 83.4 456.7 324.7,data/processed/aligned/126-10.jpg
126-11.jpg,126,11,ok,1,0.9037,225.9 99.9 416.4 351.1,data/processed/aligned/126-11.jpg
126-12.jpg,126,12,ok,1,0.889,237.3 106.2 430.3 360.9,data/processed/aligned/126-12.jpg
126-13.jpg,126,13,ok,1,0.9035,233.7 99.4 423.9 352.3,data/processed/aligned/126-13.jpg
126-14.jpg,126,14,ok,1,0.8878,239.3 89.1 430.9 341.3,data/processed/aligned/126-14.jpg
127-01.jpg,127,1,ok,1,0.8676,174.1 74.6 347.3 324.5,data/processed/aligned/127-01.jpg
127-02.jpg,127,2,ok,1,0.8294,215.8 82.0 395.4 335.4,data/processed/aligned/127-02.jpg
127-03.jpg,127,3,ok,1,0.9048,224.6 68.3 410.1 326.5,data/processed/aligned/127-03.jpg
127-04.jpg,127,4,ok,1,0.9068,227.4 87.9 412.3 347.1,data/processed/aligned/127-04.jpg
127-05.jpg,127,5,ok,1,0.8896,240.4 81.5 426.2 342.3,data/processed/aligned/127-05.jpg
127-06.jpg,127,6,ok,1,0.9018,248.0 89.0 430.7 347.6,data/processed/aligned/127-06.jpg
127-07.jpg,127,7,ok,1,0.8892,254.8 84.8 438.2 341.5,data/processed/aligned/127-07.jpg
127-08.jpg,127,8,ok,1,0.8586,264.7 81.3 446.6 336.4,data/processed/aligned/127-08.jpg
127-09.jpg,127,9,ok,1,0.8367,283.0 81.1 460.3 333.8,data/processed/aligned/127-09.jpg
127-10.jpg,127,10,ok,1,0.8246,317.1 76.2 487.0 320.0,data/processed/aligned/127-10.jpg
127-11.jpg,127,11,ok,1,0.8977,241.3 87.7 425.9 345.2,data/processed/aligned/127-11.jpg
127-12.jpg,127,12,ok,1,0.8914,248.3 74.0 433.4 340.4,data/processed/aligned/127-12.jpg
127-13.jpg,127,13,ok,1,0.8849,241.9 78.3 428.6 343.4,data/processed/aligned/127-13.jpg
127-14.jpg,127,14,ok,1,0.904,236.3 85.4 424.1 350.4,data/processed/aligned/127-14.jpg
128-01.jpg,128,1,ok,1,0.7853,165.9 92.0 327.6 323.3,data/processed/aligned/128-01.jpg
128-02.jpg,128,2,ok,1,0.8478,211.6 88.4 381.7 329.8,data/processed/aligned/128-02.jpg
128-03.jpg,128,3,ok,1,0.8551,225.5 84.4 390.6 317.1,data/processed/aligned/128-03.jpg
128-04.jpg,128,4,ok,1,0.8415,225.8 89.2 394.3 324.6,data/processed/aligned/128-04.jpg
128-05.jpg,128,5,ok,1,0.8827,232.6 78.5 404.0 328.4,data/processed/aligned/128-05.jpg
128-06.jpg,128,6,ok,1,0.8739,231.6 86.1 402.4 330.8,data/processed/aligned/128-06.jpg
128-07.jpg,128,7,ok,1,0.8565,237.1 85.3 406.4 327.0,data/processed/aligned/128-07.jpg
128-08.jpg,128,8,ok,1,0.8389,250.9 81.2 419.5 322.9,data/processed/aligned/128-08.jpg
128-09.jpg,128,9,ok,1,0.8476,249.8 73.2 417.6 316.9,data/processed/aligned/128-09.jpg
128-10.jpg,128,10,ok,1,0.8105,280.7 71.4 441.7 310.1,data/processed/aligned/128-10.jpg
128-11.jpg,128,11,ok,1,0.8916,229.8 88.9 401.1 335.2,data/processed/aligned/128-11.jpg
128-12.jpg,128,12,ok,1,0.8799,218.3 73.3 386.8 317.9,data/processed/aligned/128-12.jpg
128-13.jpg,128,13,ok,1,0.8705,237.8 79.5 407.0 321.4,data/processed/aligned/128-13.jpg
128-14.jpg,128,14,ok,1,0.8323,237.6 84.2 400.8 318.9,data/processed/aligned/128-14.jpg
129-01.jpg,129,1,ok,1,0.7834,205.6 78.2 352.8 320.5,data/processed/aligned/129-01.jpg
129-02.jpg,129,2,ok,1,0.8428,228.8 80.4 393.5 333.5,data/processed/aligned/129-02.jpg
129-03.jpg,129,3,ok,1,0.8908,231.4 73.1 402.5 323.6,data/processed/aligned/129-03.jpg
129-04.jpg,129,4,ok,1,0.8727,238.2 79.0 412.9 330.0,data/processed/aligned/129-04.jpg
129-05.jpg,129,5,ok,1,0.8346,248.0 82.1 424.1 331.7,data/processed/aligned/129-05.jpg
129-06.jpg,129,6,ok,1,0.8904,257.8 86.5 434.2 335.0,data/processed/aligned/129-06.jpg
129-07.jpg,129,7,ok,1,0.8627,248.1 82.6 425.9 339.5,data/processed/aligned/129-07.jpg
129-08.jpg,129,8,ok,1,0.8791,250.5 85.8 429.0 340.5,data/processed/aligned/129-08.jpg
129-09.jpg,129,9,ok,1,0.8543,260.3 82.2 436.3 336.9,data/processed/aligned/129-09.jpg
129-10.jpg,129,10,ok,1,0.7927,305.1 80.5 465.5 328.3,data/processed/aligned/129-10.jpg
129-11.jpg,129,11,ok,1,0.9078,223.7 92.5 400.3 343.0,data/processed/aligned/129-11.jpg
129-12.jpg,129,12,ok,1,0.9169,228.5 90.6 408.8 345.2,data/processed/aligned/129-12.jpg
129-13.jpg,129,13,ok,1,0.9123,223.3 89.9 401.3 342.3,data/processed/aligned/129-13.jpg
129-14.jpg,129,14,ok,1,0.8855,232.3 85.0 406.6 341.8,data/processed/aligned/129-14.jpg
13-01.jpg,13,1,ok,1,0.8227,160.7 98.2 346.6 387.3,data/processed/aligned/13-01.jpg
13-02.jpg,13,2,ok,1,0.8782,193.0 94.3 391.1 390.5,data/processed/aligned/13-02.jpg
13-03.jpg,13,3,ok,1,0.8758,205.5 86.6 403.9 368.8,data/processed/aligned/13-03.jpg
13-04.jpg,13,4,ok,1,0.8736,213.0 95.0 411.2 377.8,data/processed/aligned/13-04.jpg
13-05.jpg,13,5,ok,1,0.8668,222.6 94.8 424.6 383.4,data/processed/aligned/13-05.jpg
13-06.jpg,13,6,ok,1,0.8626,230.7 99.5 429.3 382.9,data/processed/aligned/13-06.jpg
13-07.jpg,13,7,ok,1,0.8403,240.1 98.1 436.0 378.5,data/processed/aligned/13-07.jpg
13-08.jpg,13,8,ok,1,0.8679,243.5 93.4 441.3 377.9,data/processed/aligned/13-08.jpg
13-09.jpg,13,9,ok,1,0.8324,270.9 78.3 457.2 345.6,data/processed/aligned/13-09.jpg
13-10.jpg,13,10,ok,1,0.7912,303.0 96.5 477.6 350.8,data/processed/aligned/13-10.jpg
13-11.jpg,13,11,ok,1,0.8805,230.7 94.5 428.6 374.9,data/processed/aligned/13-11.jpg
13-12.jpg,13,12,ok,1,0.9129,226.9 85.3 423.9 370.6,data/processed/aligned/13-12.jpg
13-13.jpg,13,13,ok,1,0.8764,228.4 94.9 426.9 378.1,data/processed/aligned/13-13.jpg
13-14.jpg,13,14,ok,1,0.8926,231.0 92.0 428.7 365.3,data/processed/aligned/13-14.jpg
130-01.jpg,130,1,ok,1,0.8064,178.5 90.5 339.9 329.2,data/processed/aligned/130-01.jpg
130-02.jpg,130,2,ok,1,0.8676,203.4 93.9 374.0 338.4,data/processed/aligned/130-02.jpg
130-03.jpg,130,3,ok,1,0.8572,202.3 87.1 378.5 328.0,data/processed/aligned/130-03.jpg
130-04.jpg,130,4,ok,1,0.8695,212.3 84.6 389.8 334.1,data/processed/aligned/130-04.jpg
130-05.jpg,130,5,ok,1,0.8863,211.3 92.2 390.5 338.0,data/processed/aligned/130-05.jpg
130-06.jpg,130,6,ok,1,0.8876,247.6 96.8 422.4 341.3,data/processed/aligned/130-06.jpg
130-07.jpg,130,7,ok,1,0.8875,250.8 98.1 427.0 341.9,data/processed/aligned/130-07.jpg
130-08.jpg,130,8,ok,1,0.8946,257.6 96.0 436.2 343.2,data/processed/aligned/130-08.jpg
130-09.jpg,130,9,ok,1,0.8613,278.7 93.1 453.2 340.0,data/processed/aligned/130-09.jpg
130-10.jpg,130,10,ok,1,0.8275,297.6 104.0 456.9 347.3,data/processed/aligned/130-10.jpg
130-11.jpg,130,11,ok,1,0.899,239.6 98.4 419.1 345.0,data/processed/aligned/130-11.jpg
130-12.jpg,130,12,ok,1,0.9088,237.3 91.9 417.3 348.5,data/processed/aligned/130-12.jpg
130-13.jpg,130,13,ok,1,0.8881,231.3 96.7 410.8 345.3,data/processed/aligned/130-13.jpg
130-14.jpg,130,14,ok,1,0.8747,234.7 96.6 414.6 342.7,data/processed/aligned/130-14.jpg
131-01.jpg,131,1,ok,1,0.8448,186.3 85.3 353.9 348.7,data/processed/aligned/131-01.jpg
131-02.jpg,131,2,ok,1,0.8834,229.4 83.9 402.6 346.7,data/processed/aligned/131-02.jpg
131-03.jpg,131,3,ok,1,0.8806,229.4 85.2 403.9 342.4,data/processed/aligned/131-03.jpg
131-04.jpg,131,4,ok,1,0.8803,229.4 85.1 403.5 342.3,data/processed/aligned/131-04.jpg
131-05.jpg,131,5,ok,1,0.8602,241.2 77.3 419.4 336.3,data/processed/aligned/131-05.jpg
131-06.jpg,131,6,ok,1,0.8771,247.5 81.3 423.2 341.0,data/processed/aligned/131-06.jpg
131-07.jpg,131,7,ok,1,0.8416,250.8 80.6 423.8 332.9,data/processed/aligned/131-07.jpg
131-08.jpg,131,8,ok,1,0.8338,250.5 79.2 423.4 335.4,data/processed/aligned/131-08.jpg
131-09.jpg,131,9,ok,1,0.8397,256.7 79.8 428.9 335.3,data/processed/aligned/131-09.jpg
131-10.jpg,131,10,ok,1,0.8134,287.7 79.6 456.1 333.3,data/processed/aligned/131-10.jpg
131-11.jpg,131,11,ok,1,0.9015,229.7 81.4 407.1 346.4,data/processed/aligned/131-11.jpg
131-12.jpg,131,12,ok,1,0.8945,232.5 78.9 411.0 342.2,data/processed/aligned/131-12.jpg
131-13.jpg,131,13,ok,1,0.892,232.6 80.6 410.8 343.5,data/processed/aligned/131-13.jpg
131-14.jpg,131,14,ok,1,0.8765,233.6 84.2 410.1 337.4,data/processed/aligned/131-14.jpg
132-01.jpg,132,1,ok,1,0.7939,190.7 91.6 347.6 319.5,data/processed/aligned/132-01.jpg
132-02.jpg,132,2,ok,1,0.8393,196.2 89.8 363.5 328.6,data/processed/aligned/132-02.jpg
132-03.jpg,132,3,ok,1,0.8564,213.4 87.3 390.8 333.0,data/processed/aligned/132-03.jpg
132-04.jpg,132,4,ok,1,0.8393,219.0 86.4 395.7 325.6,data/processed/aligned/132-04.jpg
132-05.jpg,132,5,ok,1,0.8553,222.5 87.5 394.6 326.9,data/processed/aligned/132-05.jpg
132-06.jpg,132,6,ok,1,0.8777,229.5 96.9 401.7 335.7,data/processed/aligned/132-06.jpg
132-07.jpg,132,7,ok,1,0.884,238.4 95.1 412.0 338.0,data/processed/aligned/132-07.jpg
132-08.jpg,132,8,ok,1,0.8749,245.2 95.4 419.1 336.7,data/processed/aligned/132-08.jpg
132-09.jpg,132,9,ok,1,0.8547,266.6 105.6 438.7 341.9,data/processed/aligned/132-09.jpg
132-10.jpg,132,10,ok,1,0.8167,296.8 102.2 463.5 336.3,data/processed/aligned/132-10.jpg
132-11.jpg,132,11,ok,1,0.8856,233.2 99.2 408.6 341.6,data/processed/aligned/132-11.jpg
132-12.jpg,132,12,ok,1,0.8918,217.1 80.4 400.4 340.6,data/processed/aligned/132-12.jpg
132-13.jpg,132,13,ok,1,0.8832,230.3 82.7 405.3 327.7,data/processed/aligned/132-13.jpg
132-14.jpg,132,14,ok,1,0.8732,233.6 83.6 410.8 334.1,data/processed/aligned/132-14.jpg
133-01.jpg,133,1,ok,1,0.8364,172.3 57.6 345.7 308.6,data/processed/aligned/133-01.jpg
133-02.jpg,133,2,ok,1,0.8751,208.6 62.2 384.8 309.9,data/processed/aligned/133-02.jpg
133-03.jpg,133,3,ok,1,0.8506,211.0 50.2 392.3 302.0,data/processed/aligned/133-03.jpg
133-04.jpg,133,4,ok,1,0.8543,216.5 50.8 397.6 305.0,data/processed/aligned/133-04.jpg
133-05.jpg,133,5,ok,1,0.8972,230.1 53.9 412.6 312.9,data/processed/aligned/133-05.jpg
133-06.jpg,133,6,ok,1,0.9077,248.4 56.5 430.7 320.0,data/processed/aligned/133-06.jpg
133-07.jpg,133,7,ok,1,0.8988,249.2 56.2 431.6 316.6,data/processed/aligned/133-07.jpg
133-08.jpg,133,8,ok,1,0.8981,258.0 59.9 439.6 319.8,data/processed/aligned/133-08.jpg
133-09.jpg,133,9,ok,1,0.8682,271.8 64.4 451.4 318.9,data/processed/aligned/133-09.jpg
133-10.jpg,133,10,ok,1,0.8375,301.7 62.1 475.3 315.7,data/processed/aligned/133-10.jpg
133-11.jpg,133,11,ok,1,0.8819,232.0 79.5 414.8 333.7,data/processed/aligned/133-11.jpg
133-12.jpg,133,12,ok,1,0.8936,237.1 87.2 416.7 334.3,data/processed/aligned/133-12.jpg
133-13.jpg,133,13,ok,1,0.8907,237.0 79.4 418.2 331.8,data/processed/aligned/133-13.jpg
133-14.jpg,133,14,ok,1,0.8685,242.2 79.1 423.3 332.4,data/processed/aligned/133-14.jpg
134-01.jpg,134,1,ok,1,0.8512,197.6 71.9 357.9 313.8,data/processed/aligned/134-01.jpg
134-02.jpg,134,2,ok,1,0.8795,205.6 81.4 382.7 332.7,data/processed/aligned/134-02.jpg
134-03.jpg,134,3,ok,1,0.9041,222.5 72.3 401.6 323.1,data/processed/aligned/134-03.jpg
134-04.jpg,134,4,ok,1,0.8826,226.4 81.6 404.6 333.0,data/processed/aligned/134-04.jpg
134-05.jpg,134,5,ok,1,0.8886,241.8 79.0 419.1 328.6,data/processed/aligned/134-05.jpg
134-06.jpg,134,6,ok,1,0.8543,247.8 83.1 424.6 329.8,data/processed/aligned/134-06.jpg
134-07.jpg,134,7,ok,1,0.8708,260.0 80.0 437.7 333.4,data/processed/aligned/134-07.jpg
134-08.jpg,134,8,ok,1,0.8625,254.8 83.1 433.3 333.2,data/processed/aligned/134-08.jpg
134-09.jpg,134,9,ok,1,0.8488,264.8 85.8 441.5 335.1,data/processed/aligned/134-09.jpg
134-10.jpg,134,10,ok,1,0.8125,294.3 80.4 457.2 320.0,data/processed/aligned/134-10.jpg
134-11.jpg,134,11,ok,1,0.8715,242.9 80.5 416.2 330.4,data/processed/aligned/134-11.jpg
134-12.jpg,134,12,ok,1,0.8748,238.9 80.5 416.2 331.9,data/processed/aligned/134-12.jpg
134-13.jpg,134,13,ok,1,0.8609,247.4 80.5 421.7 332.1,data/processed/aligned/134-13.jpg
134-14.jpg,134,14,ok,1,0.8556,247.8 82.7 420.3 328.3,data/processed/aligned/134-14.jpg
135-01.jpg,135,1,ok,1,0.7841,203.2 76.1 348.2 309.3,data/processed/aligned/135-01.jpg
135-02.jpg,135,2,ok,1,0.8356,227.2 80.1 381.6 314.7,data/processed/aligned/135-02.jpg
135-03.jpg,135,3,ok,1,0.8622,237.9 79.5 402.9 307.7,data/processed/aligned/135-03.jpg
135-04.jpg,135,4,ok,1,0.8687,236.0 81.8 399.7 312.7,data/processed/aligned/135-04.jpg
135-05.jpg,135,5,ok,1,0.8776,239.9 83.3 406.7 319.2,data/processed/aligned/135-05.jpg
135-06.jpg,135,6,ok,1,0.8747,269.2 85.5 436.4 319.6,data/processed/aligned/135-06.jpg
135-07.jpg,135,7,ok,1,0.8784,257.7 83.9 423.2 317.5,data/processed/aligned/135-07.jpg
135-08.jpg,135,8,ok,1,0.8577,247.9 83.8 415.1 321.1,data/processed/aligned/135-08.jpg
135-09.jpg,135,9,ok,1,0.8658,258.2 78.9 427.4 312.9,data/processed/aligned/135-09.jpg
135-10.jpg,135,10,ok,1,0.7729,276.9 74.2 432.4 296.6,data/processed/aligned/135-10.jpg
135-11.jpg,135,11,ok,1,0.8726,237.6 86.4 405.5 320.7,data/processed/aligned/135-11.jpg
135-12.jpg,135,12,ok,1,0.8764,239.9 85.0 406.7 324.4,data/processed/aligned/135-12.jpg
135-13.jpg,135,13,ok,1,0.8758,238.0 85.7 403.7 323.4,data/processed/aligned/135-13.jpg
135-14.jpg,135,14,ok,1,0.8633,241.1 88.0 406.9 327.5,data/processed/aligned/135-14.jpg
136-01.jpg,136,1,ok,1,0.8008,193.9 114.3 350.1 341.2,data/processed/aligned/136-01.jpg
136-02.jpg,136,2,ok,1,0.8359,211.8 116.9 376.7 340.1,data/processed/aligned/136-02.jpg
136-03.jpg,136,3,ok,1,0.8509,216.1 114.4 388.3 341.1,data/processed/aligned/136-03.jpg
136-04.jpg,136,4,ok,1,0.8575,214.9 117.2 389.4 345.4,data/processed/aligned/136-04.jpg
136-05.jpg,136,5,ok,1,0.8697,228.3 121.6 400.6 347.9,data/processed/aligned/136-05.jpg
136-06.jpg,136,6,ok,1,0.8639,240.5 116.6 409.1 349.5,data/processed/aligned/136-06.jpg
136-07.jpg,136,7,ok,1,0.8684,245.3 107.5 414.3 338.8,data/processed/aligned/136-07.jpg
136-08.jpg,136,8,ok,1,0.862,249.6 113.1 415.7 345.9,data/processed/aligned/136-08.jpg
136-09.jpg,136,9,ok,1,0.8541,262.9 106.1 431.3 334.1,data/processed/aligned/136-09.jpg
136-10.jpg,136,10,ok,1,0.8077,288.2 98.9 450.5 330.6,data/processed/aligned/136-10.jpg
136-11.jpg,136,11,ok,1,0.8827,239.4 107.9 410.0 342.5,data/processed/aligned/136-11.jpg
136-12.jpg,136,12,ok,1,0.886,261.6 110.3 430.4 341.3,data/processed/aligned/136-12.jpg
136-13.jpg,136,13,ok,1,0.8886,240.4 114.8 414.5 347.4,data/processed/aligned/136-13.jpg
136-14.jpg,136,14,ok,1,0.8794,236.6 118.5 413.4 353.5,data/processed/aligned/136-14.jpg
137-01.jpg,137,1,ok,1,0.7966,199.7 83.7 357.6 309.7,data/processed/aligned/137-01.jpg
137-02.jpg,137,2,ok,1,0.8419,235.8 98.0 401.3 329.3,data/processed/aligned/137-02.jpg
137-03.jpg,137,3,ok,1,0.8613,232.6 86.8 397.1 319.8,data/processed/aligned/137-03.jpg
137-04.jpg,137,4,ok,1,0.865,233.6 87.4 400.0 321.0,data/processed/aligned/137-04.jpg
137-05.jpg,137,5,ok,1,0.853,238.4 88.8 404.4 326.1,data/processed/aligned/137-05.jpg
137-06.jpg,137,6,ok,1,0.8502,245.1 92.0 405.7 325.3,data/processed/aligned/137-06.jpg
137-07.jpg,137,7,ok,1,0.8396,248.2 87.5 408.7 318.6,data/processed/aligned/137-07.jpg
137-08.jpg,137,8,ok,1,0.8354,251.6 83.6 414.7 312.4,data/processed/aligned/137-08.jpg
137-09.jpg,137,9,ok,1,0.8319,256.0 78.5 415.4 308.0,data/processed/aligned/137-09.jpg
137-10.jpg,137,10,ok,1,0.7628,289.5 73.6 442.9 293.5,data/processed/aligned/137-10.jpg
137-11.jpg,137,11,ok,1,0.8469,248.6 91.1 410.9 323.8,data/processed/aligned/137-11.jpg
137-12.jpg,137,12,ok,1,0.8672,254.7 91.5 419.4 329.5,data/processed/aligned/137-12.jpg
137-13.jpg,137,13,ok,1,0.8524,251.2 92.8 413.2 327.3,data/processed/aligned/137-13.jpg
137-14.jpg,137,14,ok,1,0.843,250.2 91.6 411.7 324.3,data/processed/aligned/137-14.jpg
138-01.jpg,138,1,ok,1,0.8024,153.0 50.1 347.6 345.8,data/processed/aligned/138-01.jpg
138-02.jpg,138,2,ok,1,0.8387,168.9 70.2 370.6 372.9,data/processed/aligned/138-02.jpg
138-03.jpg,138,3,ok,1,0.8375,173.9 76.5 379.1 389.6,data/processed/aligned/138-03.jpg
138-04.jpg,138,4,ok,1,0.8929,206.6 67.7 415.8 378.1,data/processed/aligned/138-04.jpg
138-05.jpg,138,5,ok,1,0.8997,203.0 61.6 421.6 376.4,data/processed/aligned/138-05.jpg
138-06.jpg,138,6,ok,1,0.8711,189.1 91.0 413.2 405.6,data/processed/aligned/138-06.jpg
138-07.jpg,138,7,ok,1,0.8539,221.8 77.7 441.6 390.4,data/processed/aligned/138-07.jpg
138-08.jpg,138,8,ok,1,0.8129,226.8 75.3 446.8 396.2,data/processed/aligned/138-08.jpg
138-09.jpg,138,9,ok,1,0.829,260.0 83.4 465.8 388.9,data/processed/aligned/138-09.jpg
138-10.jpg,138,10,ok,1,0.7663,317.9 56.7 510.6 363.8,data/processed/aligned/138-10.jpg
138-11.jpg,138,11,ok,1,0.853,228.5 85.3 449.3 399.1,data/processed/aligned/138-11.jpg
138-12.jpg,138,12,ok,1,0.873,225.8 84.5 449.9 406.8,data/processed/aligned/138-12.jpg
138-13.jpg,138,13,ok,1,0.8996,210.3 92.7 433.4 408.8,data/processed/aligned/138-13.jpg
138-14.jpg,138,14,ok,1,0.844,199.4 116.4 420.5 425.0,data/processed/aligned/138-14.jpg
139-01.jpg,139,1,ok,1,0.8149,206.4 74.2 369.0 302.4,data/processed/aligned/139-01.jpg
139-02.jpg,139,2,ok,1,0.8556,216.6 81.1 390.5 309.3,data/processed/aligned/139-02.jpg
139-03.jpg,139,3,ok,1,0.8654,234.0 89.3 403.6 321.9,data/processed/aligned/139-03.jpg
139-04.jpg,139,4,ok,1,0.8753,198.7 85.4 375.2 313.1,data/processed/aligned/139-04.jpg
139-05.jpg,139,5,ok,1,0.8737,219.1 83.6 397.4 312.4,data/processed/aligned/139-05.jpg
139-06.jpg,139,6,ok,1,0.8492,212.9 91.4 388.7 323.3,data/processed/aligned/139-06.jpg
139-07.jpg,139,7,ok,1,0.8582,237.0 95.1 407.4 329.1,data/processed/aligned/139-07.jpg
139-08.jpg,139,8,ok,1,0.8402,256.7 92.9 422.1 325.2,data/processed/aligned/139-08.jpg
139-09.jpg,139,9,ok,1,0.8056,257.6 95.5 418.8 320.0,data/processed/aligned/139-09.jpg
139-10.jpg,139,10,ok,1,0.713,305.1 88.2 448.5 308.1,data/processed/aligned/139-10.jpg
139-11.jpg,139,11,ok,1,0.8596,234.3 110.6 403.3 335.6,data/processed/aligned/139-11.jpg
139-12.jpg,139,12,ok,1,0.8603,233.8 89.2 404.6 324.3,data/processed/aligned/139-12.jpg
139-13.jpg,139,13,ok,1,0.8554,251.1 97.3 423.0 324.6,data/processed/aligned/139-13.jpg
139-14.jpg,139,14,ok,1,0.8358,250.8 98.5 421.7 322.8,data/processed/aligned/139-14.jpg
14-01.jpg,14,1,ok,1,0.8111,179.8 109.7 366.6 375.3,data/processed/aligned/14-01.jpg
14-02.jpg,14,2,ok,1,0.894,198.0 119.7 384.2 390.7,data/processed/aligned/14-02.jpg
14-03.jpg,14,3,ok,1,0.8768,209.1 123.8 398.6 396.6,data/processed/aligned/14-03.jpg
14-04.jpg,14,4,ok,1,0.9065,203.5 121.9 392.2 394.7,data/processed/aligned/14-04.jpg
14-05.jpg,14,5,ok,1,0.9036,226.2 127.9 418.8 397.7,data/processed/aligned/14-05.jpg
14-06.jpg,14,6,ok,1,0.901,230.0 126.4 419.4 390.3,data/processed/aligned/14-06.jpg
14-07.jpg,14,7,ok,1,0.8672,241.0 133.8 426.6 396.8,data/processed/aligned/14-07.jpg
14-08.jpg,14,8,ok,1,0.897,251.9 118.7 439.8 385.4,data/processed/aligned/14-08.jpg
14-09.jpg,14,9,ok,1,0.8648,258.8 131.6 448.1 396.6,data/processed/aligned/14-09.jpg
14-10.jpg,14,10,ok,1,0.8214,281.9 135.6 462.9 389.3,data/processed/aligned/14-10.jpg
14-11.jpg,14,11,ok,1,0.903,227.8 117.6 413.3 379.9,data/processed/aligned/14-11.jpg
14-12.jpg,14,12,ok,1,0.8689,227.5 108.5 412.6 371.3,data/processed/aligned/14-12.jpg
14-13.jpg,14,13,ok,1,0.9062,227.2 123.5 414.7 387.7,data/processed/aligned/14-13.jpg
14-14.jpg,14,14,ok,1,0.8972,225.0 121.1 413.6 382.9,data/processed/aligned/14-14.jpg
140-01.jpg,140,1,ok,1,0.8274,175.7 74.8 331.5 324.7,data/processed/aligned/140-01.jpg
140-02.jpg,140,2,ok,1,0.8549,193.9 74.1 358.6 325.8,data/processed/aligned/140-02.jpg
140-03.jpg,140,3,ok,1,0.8884,199.0 70.0 369.6 333.2,data/processed/aligned/140-03.jpg
140-04.jpg,140,4,ok,1,0.8769,208.8 70.8 380.1 333.5,data/processed/aligned/140-04.jpg
140-05.jpg,140,5,ok,1,0.8917,224.0 70.4 395.3 333.4,data/processed/aligned/140-05.jpg
140-06.jpg,140,6,ok,1,0.8843,237.2 79.0 409.9 341.3,data/processed/aligned/140-06.jpg
140-07.jpg,140,7,ok,1,0.8684,247.4 79.0 425.7 344.6,data/processed/aligned/140-07.jpg
140-08.jpg,140,8,ok,1,0.8978,257.4 88.9 436.2 353.2,data/processed/aligned/140-08.jpg
140-09.jpg,140,9,ok,1,0.8475,256.6 74.1 431.2 337.9,data/processed/aligned/140-09.jpg
140-10.jpg,140,10,ok,1,0.7803,297.8 81.6 460.1 335.9,data/processed/aligned/140-10.jpg
140-11.jpg,140,11,ok,1,0.9002,235.7 66.6 409.4 328.2,data/processed/aligned/140-11.jpg
140-12.jpg,140,12,ok,1,0.9117,243.6 86.3 416.2 354.1,data/processed/aligned/140-12.jpg
140-13.jpg,140,13,ok,1,0.8877,239.6 69.4 406.9 333.4,data/processed/aligned/140-13.jpg
140-14.jpg,140,14,ok,1,0.8953,235.1 65.9 402.2 331.7,data/processed/aligned/140-14.jpg
141-01.jpg,141,1,ok,1,0.82,186.0 76.7 362.2 344.7,data/processed/aligned/141-01.jpg
141-02.jpg,141,2,ok,1,0.8581,199.3 74.9 382.1 341.5,data/processed/aligned/141-02.jpg
141-03.jpg,141,3,ok,1,0.8594,203.0 72.0 390.2 341.9,data/processed/aligned/141-03.jpg
141-04.jpg,141,4,ok,1,0.8545,210.8 73.1 402.0 342.7,data/processed/aligned/141-04.jpg
141-05.jpg,141,5,ok,1,0.8977,228.5 62.9 414.2 333.1,data/processed/aligned/141-05.jpg
141-06.jpg,141,6,ok,1,0.8736,247.3 73.6 432.9 338.1,data/processed/aligned/141-06.jpg
141-07.jpg,141,7,ok,1,0.889,250.6 75.7 439.0 345.0,data/processed/aligned/141-07.jpg
141-08.jpg,141,8,ok,1,0.8886,254.2 76.3 443.8 345.7,data/processed/aligned/141-08.jpg
141-09.jpg,141,9,ok,1,0.8747,264.1 78.2 452.4 346.0,data/processed/aligned/141-09.jpg
141-10.jpg,141,10,ok,1,0.7859,281.4 79.2 455.9 339.4,data/processed/aligned/141-10.jpg
141-11.jpg,141,11,ok,1,0.8839,227.0 75.4 413.2 343.9,data/processed/aligned/141-11.jpg
141-12.jpg,141,12,ok,1,0.9116,220.9 84.5 408.9 357.7,data/processed/aligned/141-12.jpg
141-13.jpg,141,13,ok,1,0.8917,221.3 65.2 406.9 338.5,data/processed/aligned/141-13.jpg
141-14.jpg,141,14,ok,1,0.8662,220.8 72.3 406.6 342.9,data/processed/aligned/141-14.jpg
142-01.jpg,142,1,ok,1,0.824,204.2 81.9 367.9 311.9,data/processed/aligned/142-01.jpg
142-02.jpg,142,2,ok,1,0.8417,217.2 84.3 389.3 316.4,data/processed/aligned/142-02.jpg
142-03.jpg,142,3,ok,1,0.8656,228.2 82.6 401.6 312.7,data/processed/aligned/142-03.jpg
142-04.jpg,142,4,ok,1,0.8737,233.7 85.0 411.0 316.6,data/processed/aligned/142-04.jpg
142-05.jpg,142,5,ok,1,0.8734,238.3 84.7 415.6 319.0,data/processed/aligned/142-05.jpg
142-06.jpg,142,6,ok,1,0.8424,248.4 90.8 422.0 325.3,data/processed/aligned/142-06.jpg
142-07.jpg,142,7,ok,1,0.8571,248.5 85.4 421.1 320.3,data/processed/aligned/142-07.jpg
142-08.jpg,142,8,ok,1,0.8416,252.2 91.4 428.7 323.7,data/processed/aligned/142-08.jpg
142-09.jpg,142,9,ok,1,0.8481,255.9 92.1 434.7 326.5,data/processed/aligned/142-09.jpg
142-10.jpg,142,10,ok,1,0.7703,289.9 93.3 455.0 321.8,data/processed/aligned/142-10.jpg
142-11.jpg,142,11,ok,1,0.8832,227.2 86.5 403.1 319.0,data/processed/aligned/142-11.jpg
142-12.jpg,142,12,ok,1,0.8746,224.8 89.0 403.2 325.4,data/processed/aligned/142-12.jpg
142-13.jpg,142,13,ok,1,0.8895,223.7 83.8 402.1 317.6,data/processed/aligned/142-13.jpg
142-14.jpg,142,14,ok,1,0.8833,225.7 85.2 404.4 318.1,data/processed/aligned/142-14.jpg
143-01.jpg,143,1,ok,1,0.7998,196.7 96.7 354.8 334.7,data/processed/aligned/143-01.jpg
143-02.jpg,143,2,ok,1,0.8417,214.7 91.8 378.5 330.1,data/processed/aligned/143-02.jpg
143-03.jpg,143,3,ok,1,0.8854,224.5 92.1 404.1 335.3,data/processed/aligned/143-03.jpg
143-04.jpg,143,4,ok,1,0.8903,225.2 92.7 404.2 337.5,data/processed/aligned/143-04.jpg
143-05.jpg,143,5,ok,1,0.8755,233.0 81.8 418.9 335.0,data/processed/aligned/143-05.jpg
143-06.jpg,143,6,ok,1,0.8857,238.5 88.8 420.0 332.9,data/processed/aligned/143-06.jpg
143-07.jpg,143,7,ok,1,0.8464,257.6 84.8 439.4 328.8,data/processed/aligned/143-07.jpg
143-08.jpg,143,8,ok,1,0.8563,260.0 85.8 439.1 323.5,data/processed/aligned/143-08.jpg
143-09.jpg,143,9,ok,1,0.8399,272.8 85.7 447.9 323.7,data/processed/aligned/143-09.jpg
143-10.jpg,143,10,ok,1,0.803,301.3 90.4 463.6 328.3,data/processed/aligned/143-10.jpg
143-11.jpg,143,11,ok,1,0.8988,234.8 86.8 421.2 342.5,data/processed/aligned/143-11.jpg
143-12.jpg,143,12,ok,1,0.9021,227.5 92.7 415.4 351.7,data/processed/aligned/143-12.jpg
143-13.jpg,143,13,ok,1,0.8643,230.7 85.2 413.2 330.1,data/processed/aligned/143-13.jpg
143-14.jpg,143,14,ok,1,0.874,236.1 82.1 420.1 333.2,data/processed/aligned/143-14.jpg
144-01.jpg,144,1,ok,1,0.7088,190.1 79.8 344.2 290.9,data/processed/aligned/144-01.jpg
144-02.jpg,144,2,ok,1,0.7376,220.1 94.1 376.4 301.9,data/processed/aligned/144-02.jpg
144-03.jpg,144,3,ok,1,0.8028,234.8 82.8 395.0 298.5,data/processed/aligned/144-03.jpg
144-04.jpg,144,4,ok,1,0.816,240.1 85.2 400.9 302.7,data/processed/aligned/144-04.jpg
144-05.jpg,144,5,ok,1,0.8597,253.4 79.1 416.0 304.3,data/processed/aligned/144-05.jpg
144-06.jpg,144,6,ok,1,0.8437,261.0 92.5 420.7 316.8,data/processed/aligned/144-06.jpg
144-07.jpg,144,7,ok,1,0.8316,266.7 80.4 423.6 304.1,data/processed/aligned/144-07.jpg
144-08.jpg,144,8,ok,1,0.7927,279.1 84.4 431.5 305.2,data/processed/aligned/144-08.jpg
144-09.jpg,144,9,ok,1,0.7712,288.1 79.6 437.0 300.8,data/processed/aligned/144-09.jpg
144-10.jpg,144,10,ok,1,0.7304,328.1 73.2 475.6 295.8,data/processed/aligned/144-10.jpg
144-11.jpg,144,11,ok,1,0.8534,239.3 80.8 401.2 307.3,data/processed/aligned/144-11.jpg
144-12.jpg,144,12,ok,1,0.8639,240.9 81.1 402.2 310.2,data/processed/aligned/144-12.jpg
144-13.jpg,144,13,ok,1,0.8595,255.5 75.9 420.0 301.6,data/processed/aligned/144-13.jpg
144-14.jpg,144,14,ok,1,0.8684,243.5 77.7 408.7 304.6,data/processed/aligned/144-14.jpg
145-01.jpg,145,1,ok,1,0.7905,184.0 83.6 350.3 321.9,data/processed/aligned/145-01.jpg
145-02.jpg,145,2,ok,1,0.8322,210.8 81.7 392.1 333.6,data/processed/aligned/145-02.jpg
145-03.jpg,145,3,ok,1,0.8504,218.0 80.2 404.8 335.7,data/processed/aligned/145-03.jpg
145-04.jpg,145,4,ok,1,0.8993,232.3 88.1 425.2 343.3,data/processed/aligned/145-04.jpg
145-05.jpg,145,5,ok,1,0.893,229.5 85.2 421.6 338.5,data/processed/aligned/145-05.jpg
145-06.jpg,145,6,ok,1,0.8819,244.8 87.1 433.9 342.5,data/processed/aligned/145-06.jpg
145-07.jpg,145,7,ok,1,0.8883,246.6 85.8 436.1 341.6,data/processed/aligned/145-07.jpg
145-08.jpg,145,8,ok,1,0.8895,249.2 86.6 438.5 343.5,data/processed/aligned/145-08.jpg
145-09.jpg,145,9,ok,1,0.8275,270.4 82.9 458.5 337.7,data/processed/aligned/145-09.jpg
145-10.jpg,145,10,ok,1,0.7724,342.0 80.4 501.6 318.0,data/processed/aligned/145-10.jpg
145-11.jpg,145,11,ok,1,0.9001,227.8 96.4 418.6 344.5,data/processed/aligned/145-11.jpg
145-12.jpg,145,12,ok,1,0.9049,224.5 99.7 415.8 348.5,data/processed/aligned/145-12.jpg
145-13.jpg,145,13,ok,1,0.9009,230.6 94.8 420.9 344.1,data/processed/aligned/145-13.jpg
145-14.jpg,145,14,ok,1,0.898,228.6 100.1 417.8 347.8,data/processed/aligned/145-14.jpg
146-01.jpg,146,1,ok,1,0.7578,172.8 91.7 314.5 355.5,data/processed/aligned/146-01.jpg
146-02.jpg,146,2,ok,1,0.8366,197.8 94.4 354.5 357.8,data/processed/aligned/146-02.jpg
146-03.jpg,146,3,ok,1,0.9032,235.7 78.2 422.4 350.6,data/processed/aligned/146-03.jpg
146-04.jpg,146,4,ok,1,0.9223,221.6 86.4 408.6 359.5,data/processed/aligned/146-04.jpg
146-05.jpg,146,5,ok,1,0.9164,211.4 87.8 407.0 364.2,data/processed/aligned/146-05.jpg
146-06.jpg,146,6,ok,1,0.9058,216.6 90.4 397.9 348.2,data/processed/aligned/146-06.jpg
146-07.jpg,146,7,ok,1,0.8947,235.7 92.1 415.4 348.5,data/processed/aligned/146-07.jpg
146-08.jpg,146,8,ok,1,0.8772,266.6 102.1 450.3 364.4,data/processed/aligned/146-08.jpg
146-09.jpg,146,9,ok,1,0.8637,263.2 105.2 440.5 365.5,data/processed/aligned/146-09.jpg
146-10.jpg,146,10,ok,1,0.8092,321.9 103.1 480.8 360.7,data/processed/aligned/146-10.jpg
146-11.jpg,146,11,ok,1,0.8664,210.3 102.7 402.5 374.6,data/processed/aligned/146-11.jpg
146-12.jpg,146,12,ok,1,0.8988,212.9 105.5 406.0 381.8,data/processed/aligned/146-12.jpg
146-13.jpg,146,13,ok,1,0.9052,214.6 92.5 406.8 370.7,data/processed/aligned/146-13.jpg
146-14.jpg,146,14,ok,1,0.8841,221.1 99.3 412.4 379.7,data/processed/aligned/146-14.jpg
147-01.jpg,147,1,ok,1,0.7598,159.4 117.1 329.2 370.5,data/processed/aligned/147-01.jpg
147-02.jpg,147,2,ok,1,0.8572,206.5 123.1 383.8 376.7,data/processed/aligned/147-02.jpg
147-03.jpg,147,3,ok,1,0.874,221.1 121.1 401.7 375.8,data/processed/aligned/147-03.jpg
147-04.jpg,147,4,ok,1,0.8778,238.3 126.6 421.0 377.1,data/processed/aligned/147-04.jpg
147-05.jpg,147,5,ok,1,0.8987,221.4 127.8 406.6 378.2,data/processed/aligned/147-05.jpg
147-06.jpg,147,6,ok,1,0.8738,225.0 115.1 412.0 374.5,data/processed/aligned/147-06.jpg
147-07.jpg,147,7,ok,1,0.8741,234.9 117.1 418.7 382.8,data/processed/aligned/147-07.jpg
147-08.jpg,147,8,ok,1,0.845,244.2 120.5 423.3 381.1,data/processed/aligned/147-08.jpg
147-09.jpg,147,9,ok,1,0.8495,257.9 127.8 436.9 382.9,data/processed/aligned/147-09.jpg
147-10.jpg,147,10,ok,1,0.795,301.4 136.1 470.7 377.0,data/processed/aligned/147-10.jpg
147-11.jpg,147,11,ok,1,0.8898,228.1 125.2 415.1 377.3,data/processed/aligned/147-11.jpg
147-12.jpg,147,12,ok,1,0.8996,230.8 124.9 415.6 389.5,data/processed/aligned/147-12.jpg
147-13.jpg,147,13,ok,1,0.8877,228.7 129.0 414.3 381.7,data/processed/aligned/147-13.jpg
147-14.jpg,147,14,ok,1,0.8884,226.6 125.0 410.4 379.6,data/processed/aligned/147-14.jpg
148-01.jpg,148,1,ok,1,0.8356,124.0 69.4 316.1 387.7,data/processed/aligned/148-01.jpg
148-02.jpg,148,2,ok,1,0.808,166.7 79.2 381.0 404.1,data/processed/aligned/148-02.jpg
148-03.jpg,148,3,ok,1,0.8851,176.4 69.5 393.1 388.5,data/processed/aligned/148-03.jpg
148-04.jpg,148,4,ok,1,0.8416,182.4 75.6 399.8 402.1,data/processed/aligned/148-04.jpg
148-05.jpg,148,5,ok,1,0.8837,214.7 77.4 432.8 404.5,data/processed/aligned/148-05.jpg
148-06.jpg,148,6,ok,1,0.8875,213.0 80.2 429.9 412.7,data/processed/aligned/148-06.jpg
148-07.jpg,148,7,ok,1,0.8714,233.3 86.6 449.8 414.9,data/processed/aligned/148-07.jpg
148-08.jpg,148,8,ok,1,0.8403,238.3 77.4 456.0 407.2,data/processed/aligned/148-08.jpg
148-09.jpg,148,9,ok,1,0.836,269.6 81.0 482.8 406.9,data/processed/aligned/148-09.jpg
148-10.jpg,148,10,ok,1,0.8346,320.4 74.9 513.6 373.0,data/processed/aligned/148-10.jpg
148-11.jpg,148,11,ok,1,0.8599,206.7 75.5 423.2 401.4,data/processed/aligned/148-11.jpg
148-12.jpg,148,12,ok,1,0.8743,208.8 74.4 424.8 406.6,data/processed/aligned/148-12.jpg
148-13.jpg,148,13,ok,1,0.8834,206.0 76.3 425.5 412.7,data/processed/aligned/148-13.jpg
148-14.jpg,148,14,ok,1,0.878,207.2 74.2 427.3 411.4,data/processed/aligned/148-14.jpg
149-01.jpg,149,1,ok,1,0.7711,170.6 96.1 367.9 400.3,data/processed/aligned/149-01.jpg
149-02.jpg,149,2,ok,1,0.8233,199.1 85.9 413.0 402.2,data/processed/aligned/149-02.jpg
149-03.jpg,149,3,ok,1,0.8183,195.8 81.3 412.3 397.1,data/processed/aligned/149-03.jpg
149-04.jpg,149,4,ok,1,0.8919,218.7 89.5 433.2 400.6,data/processed/aligned/149-04.jpg
149-05.jpg,149,5,ok,1,0.8636,226.2 85.8 440.0 394.3,data/processed/aligned/149-05.jpg
149-06.jpg,149,6,ok,1,0.879,225.3 97.4 441.5 405.3,data/processed/aligned/149-06.jpg
149-07.jpg,149,7,ok,1,0.8822,234.5 90.4 454.2 403.0,data/processed/aligned/149-07.jpg
149-08.jpg,149,8,ok,1,0.8426,222.2 90.2 440.3 401.9,data/processed/aligned/149-08.jpg
149-09.jpg,149,9,ok,1,0.853,243.7 97.2 456.0 402.3,data/processed/aligned/149-09.jpg
149-10.jpg,149,10,ok,1,0.785,270.3 85.5 463.7 385.1,data/processed/aligned/149-10.jpg
149-11.jpg,149,11,ok,1,0.9007,224.6 95.0 437.4 403.0,data/processed/aligned/149-11.jpg
149-12.jpg,149,12,ok,1,0.895,223.2 93.5 438.1 408.2,data/processed/aligned/149-12.jpg
149-13.jpg,149,13,ok,1,0.8852,218.4 87.8 430.5 399.4,data/processed/aligned/149-13.jpg
149-14.jpg,149,14,ok,1,0.8903,209.1 86.7 424.5 399.4,data/processed/aligned/149-14.jpg
15-01.jpg,15,1,ok,1,0.8396,191.9 94.5 356.5 348.3,data/processed/aligned/15-01.jpg
15-02.jpg,15,2,ok,1,0.8954,231.4 97.9 414.5 347.9,data/processed/aligned/15-02.jpg
15-03.jpg,15,3,ok,1,0.8599,235.4 85.8 418.1 327.8,data/processed/aligned/15-03.jpg
15-04.jpg,15,4,ok,1,0.8834,241.6 92.6 427.3 337.1,data/processed/aligned/15-04.jpg
15-05.jpg,15,5,ok,1,0.8791,242.2 92.1 428.8 337.7,data/processed/aligned/15-05.jpg
15-06.jpg,15,6,ok,1,0.8902,241.3 99.2 425.2 344.0,data/processed/aligned/15-06.jpg
15-07.jpg,15,7,ok,1,0.8936,253.8 100.3 436.3 345.7,data/processed/aligned/15-07.jpg
15-08.jpg,15,8,ok,1,0.8933,257.9 102.3 439.9 349.0,data/processed/aligned/15-08.jpg
15-09.jpg,15,9,ok,1,0.883,274.5 91.8 453.6 339.3,data/processed/aligned/15-09.jpg
15-10.jpg,15,10,ok,1,0.8316,306.2 96.8 469.5 341.9,data/processed/aligned/15-10.jpg
15-11.jpg,15,11,ok,1,0.889,229.2 100.5 413.4 346.2,data/processed/aligned/15-11.jpg
15-12.jpg,15,12,ok,1,0.887,238.5 112.4 421.7 357.9,data/processed/aligned/15-12.jpg
15-13.jpg,15,13,ok,1,0.886,225.7 89.0 406.9 333.7,data/processed/aligned/15-13.jpg
15-14.jpg,15,14,ok,1,0.889,237.6 99.4 418.4 340.5,data/processed/aligned/15-14.jpg
150-01.jpg,150,1,ok,1,0.866,183.8 88.8 351.5 353.0,data/processed/aligned/150-01.jpg
150-02.jpg,150,2,ok,1,0.8844,209.5 95.6 397.2 367.0,data/processed/aligned/150-02.jpg
150-03.jpg,150,3,ok,1,0.8514,209.9 101.4 409.1 378.7,data/processed/aligned/150-03.jpg
150-04.jpg,150,4,ok,1,0.9018,216.6 103.1 414.6 385.1,data/processed/aligned/150-04.jpg
150-05.jpg,150,5,ok,1,0.9184,217.3 109.8 423.8 387.0,data/processed/aligned/150-05.jpg
150-06.jpg,150,6,ok,1,0.9054,218.6 107.4 420.4 391.4,data/processed/aligned/150-06.jpg
150-07.jpg,150,7,ok,1,0.8925,227.0 103.6 428.4 394.4,data/processed/aligned/150-07.jpg
150-08.jpg,150,8,ok,1,0.8906,247.0 110.6 439.9 400.9,data/processed/aligned/150-08.jpg
150-09.jpg,150,9,ok,1,0.8871,254.6 115.1 444.8 404.4,data/processed/aligned/150-09.jpg
150-10.jpg,150,10,ok,1,0.7636,318.7 97.4 486.4 384.2,data/processed/aligned/150-10.jpg
150-11.jpg,150,11,ok,1,0.89,219.7 100.2 417.2 375.8,data/processed/aligned/150-11.jpg
150-12.jpg,150,12,ok,1,0.9033,219.8 94.8 415.7 375.9,data/processed/aligned/150-12.jpg
150-13.jpg,150,13,ok,1,0.8833,219.1 100.2 415.2 377.8,data/processed/aligned/150-13.jpg
150-14.jpg,150,14,ok,1,0.8823,230.3 101.1 426.7 379.5,data/processed/aligned/150-14.jpg
151-01.jpg,151,1,ok,1,0.778,164.1 110.7 319.0 387.0,data/processed/aligned/151-01.jpg
151-02.jpg,151,2,ok,1,0.9014,199.0 121.7 379.7 393.4,data/processed/aligned/151-02.jpg
151-03.jpg,151,3,ok,1,0.9069,202.2 117.4 387.7 381.6,data/processed/aligned/151-03.jpg
151-04.jpg,151,4,ok,1,0.9189,196.9 125.7 391.3 390.8,data/processed/aligned/151-04.jpg
151-05.jpg,151,5,ok,1,0.9126,227.1 124.8 424.5 392.7,data/processed/aligned/151-05.jpg
151-06.jpg,151,6,ok,1,0.9131,226.0 127.4 426.6 391.1,data/processed/aligned/151-06.jpg
151-07.jpg,151,7,ok,1,0.9056,226.5 123.1 424.5 386.1,data/processed/aligned/151-07.jpg
151-08.jpg,151,8,ok,1,0.8801,242.8 133.5 439.5 398.4,data/processed/aligned/151-08.jpg
151-09.jpg,151,9,ok,1,0.8471,263.4 140.4 454.7 395.1,data/processed/aligned/151-09.jpg
151-10.jpg,151,10,ok,1,0.7926,274.7 120.6 437.7 369.7,data/processed/aligned/151-10.jpg
151-11.jpg,151,11,ok,1,0.9207,231.5 119.9 427.9 383.0,data/processed/aligned/151-11.jpg
151-12.jpg,151,12,ok,1,0.9161,230.1 127.6 428.8 394.0,data/processed/aligned/151-12.jpg
151-13.jpg,151,13,ok,1,0.9193,230.5 123.0 427.2 391.5,data/processed/aligned/151-13.jpg
151-14.jpg,151,14,ok,1,0.9172,221.8 128.6 422.6 398.2,data/processed/aligned/151-14.jpg
152-01.jpg,152,1,ok,1,0.8113,183.4 93.1 349.9 325.0,data/processed/aligned/152-01.jpg
152-02.jpg,152,2,ok,1,0.837,211.5 91.5 384.9 320.6,data/processed/aligned/152-02.jpg
152-03.jpg,152,3,ok,1,0.8548,229.8 92.3 400.7 328.2,data/processed/aligned/152-03.jpg
152-04.jpg,152,4,ok,1,0.8706,222.4 98.8 396.3 333.7,data/processed/aligned/152-04.jpg
152-05.jpg,152,5,ok,1,0.8889,214.2 98.6 388.5 339.6,data/processed/aligned/152-05.jpg
152-06.jpg,152,6,ok,1,0.8616,203.6 89.9 375.9 328.0,data/processed/aligned/152-06.jpg
152-07.jpg,152,7,ok,1,0.8762,229.9 93.2 402.5 337.0,data/processed/aligned/152-07.jpg
152-08.jpg,152,8,ok,1,0.8423,240.1 89.2 411.9 327.2,data/processed/aligned/152-08.jpg
152-09.jpg,152,9,ok,1,0.8527,239.8 92.4 412.3 334.4,data/processed/aligned/152-09.jpg
152-10.jpg,152,10,ok,1,0.7775,307.7 104.1 470.1 337.8,data/processed/aligned/152-10.jpg
152-11.jpg,152,11,ok,1,0.8853,232.8 103.7 407.3 348.9,data/processed/aligned/152-11.jpg
152-12.jpg,152,12,ok,1,0.9012,229.8 101.5 404.1 354.1,data/processed/aligned/152-12.jpg
152-13.jpg,152,13,ok,1,0.8762,230.7 114.8 403.7 354.5,data/processed/aligned/152-13.jpg
152-14.jpg,152,14,ok,1,0.8855,231.4 107.9 404.6 349.7,data/processed/aligned/152-14.jpg
153-01.jpg,153,1,ok,1,0.8771,199.3 102.4 377.2 355.6,data/processed/aligned/153-01.jpg
153-02.jpg,153,2,ok,1,0.8307,213.0 110.1 402.2 372.9,data/processed/aligned/153-02.jpg
153-03.jpg,153,3,ok,1,0.8283,211.6 111.0 401.5 370.2,data/processed/aligned/153-03.jpg
153-04.jpg,153,4,ok,1,0.8945,224.9 112.1 416.0 376.1,data/processed/aligned/153-04.jpg
153-05.jpg,153,5,ok,1,0.8738,239.4 111.1 436.4 375.9,data/processed/aligned/153-05.jpg
153-06.jpg,153,6,ok,1,0.876,233.2 107.1 425.7 374.9,data/processed/aligned/153-06.jpg
153-07.jpg,153,7,ok,1,0.861,241.5 100.3 432.4 370.1,data/processed/aligned/153-07.jpg
153-08.jpg,153,8,ok,1,0.8674,244.2 102.2 434.9 370.0,data/processed/aligned/153-08.jpg
153-09.jpg,153,9,ok,1,0.8324,269.2 106.9 451.9 369.2,data/processed/aligned/153-09.jpg
153-10.jpg,153,10,ok,1,0.8187,300.7 109.3 478.9 371.6,data/processed/aligned/153-10.jpg
153-11.jpg,153,11,ok,1,0.8745,224.2 108.7 419.3 371.3,data/processed/aligned/153-11.jpg
153-12.jpg,153,12,ok,1,0.8974,227.6 107.3 419.6 380.4,data/processed/aligned/153-12.jpg
153-13.jpg,153,13,ok,1,0.8747,231.0 106.6 425.7 368.9,data/processed/aligned/153-13.jpg
153-14.jpg,153,14,ok,1,0.8792,228.6 106.4 424.3 369.0,data/processed/aligned/153-14.jpg
154-01.jpg,154,1,ok,1,0.828,161.6 113.1 330.4 393.2,data/processed/aligned/154-01.jpg
154-02.jpg,154,2,ok,1,0.872,189.5 115.7 384.3 396.5,data/processed/aligned/154-02.jpg
154-03.jpg,154,3,ok,1,0.8638,209.5 115.6 409.1 387.8,data/processed/aligned/154-03.jpg
154-04.jpg,154,4,ok,1,0.8788,199.9 113.3 402.2 385.5,data/processed/aligned/154-04.jpg
154-05.jpg,154,5,ok,1,0.8812,207.4 121.4 414.7 399.0,data/processed/aligned/154-05.jpg
154-06.jpg,154,6,ok,1,0.8782,216.0 125.2 419.6 409.5,data/processed/aligned/154-06.jpg
154-07.jpg,154,7,ok,1,0.8617,227.0 126.4 426.4 395.2,data/processed/aligned/154-07.jpg
154-08.jpg,154,8,ok,1,0.8399,234.5 120.1 433.3 387.3,data/processed/aligned/154-08.jpg
154-09.jpg,154,9,ok,1,0.8447,249.5 129.2 450.1 391.1,data/processed/aligned/154-09.jpg
154-10.jpg,154,10,ok,1,0.8009,291.3 115.0 478.3 374.4,data/processed/aligned/154-10.jpg
154-11.jpg,154,11,ok,1,0.8533,218.5 133.5 424.9 413.2,data/processed/aligned/154-11.jpg
154-12.jpg,154,12,ok,1,0.8637,216.5 129.4 425.7 413.7,data/processed/aligned/154-12.jpg
154-13.jpg,154,13,ok,1,0.8765,219.7 132.6 427.4 418.6,data/processed/aligned/154-13.jpg
154-14.jpg,154,14,ok,1,0.8641,222.9 131.7 429.7 416.4,data/processed/aligned/154-14.jpg
155-01.jpg,155,1,ok,1,0.7223,190.1 80.3 329.8 337.5,data/processed/aligned/155-01.jpg
155-02.jpg,155,2,ok,1,0.886,188.8 92.6 368.4 350.3,data/processed/aligned/155-02.jpg
155-03.jpg,155,3,ok,1,0.9035,205.3 86.9 391.5 351.3,data/processed/aligned/155-03.jpg
155-04.jpg,155,4,ok,1,0.9117,201.7 86.0 396.0 354.9,data/processed/aligned/155-04.jpg
155-05.jpg,155,5,ok,1,0.907,221.0 90.7 422.6 353.2,data/processed/aligned/155-05.jpg
155-06.jpg,155,6,ok,1,0.8802,236.7 92.3 430.3 354.8,data/processed/aligned/155-06.jpg
155-07.jpg,155,7,ok,1,0.8676,238.4 90.0 433.1 353.7,data/processed/aligned/155-07.jpg
155-08.jpg,155,8,ok,1,0.8705,230.7 91.2 417.4 352.5,data/processed/aligned/155-08.jpg
155-09.jpg,155,9,ok,1,0.847,260.6 87.2 431.3 344.3,data/processed/aligned/155-09.jpg
155-10.jpg,155,10,ok,1,0.7836,279.3 82.7 452.9 339.1,data/processed/aligned/155-10.jpg
155-11.jpg,155,11,ok,1,0.8424,231.9 78.9 430.0 334.4,data/processed/aligned/155-11.jpg
155-12.jpg,155,12,ok,1,0.8779,212.8 80.8 420.3 339.5,data/processed/aligned/155-12.jpg
155-13.jpg,155,13,ok,1,0.8951,214.6 68.5 416.6 331.2,data/processed/aligned/155-13.jpg
155-14.jpg,155,14,ok,1,0.8888,218.2 72.0 418.0 330.2,data/processed/aligned/155-14.jpg
156-01.jpg,156,1,ok,1,0.703,196.0 99.9 346.4 319.2,data/processed/aligned/156-01.jpg
156-02.jpg,156,2,ok,1,0.7946,214.9 97.1 369.4 325.1,data/processed/aligned/156-02.jpg
156-03.jpg,156,3,ok,1,0.8397,212.9 94.5 373.5 325.2,data/processed/aligned/156-03.jpg
156-04.jpg,156,4,ok,1,0.8244,222.4 92.3 383.8 320.5,data/processed/aligned/156-04.jpg
156-05.jpg,156,5,ok,1,0.8472,227.9 98.4 392.7 321.8,data/processed/aligned/156-05.jpg
156-06.jpg,156,6,ok,1,0.8292,229.2 103.4 388.3 320.5,data/processed/aligned/156-06.jpg
156-07.jpg,156,7,ok,1,0.8148,251.5 100.2 408.4 319.2,data/processed/aligned/156-07.jpg
156-08.jpg,156,8,ok,1,0.7855,258.1 108.6 411.7 326.8,data/processed/aligned/156-08.jpg
156-09.jpg,156,9,ok,1,0.7656,278.4 109.5 426.7 331.5,data/processed/aligned/156-09.jpg
156-10.jpg,156,10,ok,1,0.6377,288.1 100.9 429.0 321.4,data/processed/aligned/156-10.jpg
156-11.jpg,156,11,ok,1,0.8478,247.3 100.1 407.5 324.3,data/processed/aligned/156-11.jpg
156-12.jpg,156,12,ok,1,0.872,257.7 97.2 416.1 328.4,data/processed/aligned/156-12.jpg
156-13.jpg,156,13,ok,1,0.8407,243.8 103.5 405.6 325.7,data/processed/aligned/156-13.jpg
156-14.jpg,156,14,ok,1,0.8397,243.0 101.4 404.7 325.4,data/processed/aligned/156-14.jpg
157-01.jpg,157,1,ok,1,0.8354,187.3 67.9 357.8 299.6,data/processed/aligned/157-01.jpg
157-02.jpg,157,2,ok,1,0.8768,198.4 69.9 374.0 312.0,data/processed/aligned/157-02.jpg
157-03.jpg,157,3,ok,1,0.8859,225.6 73.1 404.4 320.5,data/processed/aligned/157-03.jpg
157-04.jpg,157,4,ok,1,0.8849,232.9 75.5 412.4 320.8,data/processed/aligned/157-04.jpg
157-05.jpg,157,5,ok,1,0.8712,233.1 85.7 411.4 335.6,data/processed/aligned/157-05.jpg
157-06.jpg,157,6,ok,1,0.8763,238.3 85.2 417.5 334.5,data/processed/aligned/157-06.jpg
157-07.jpg,157,7,ok,1,0.852,246.2 83.4 420.4 324.6,data/processed/aligned/157-07.jpg
157-08.jpg,157,8,ok,1,0.8643,239.7 76.3 418.0 318.0,data/processed/aligned/157-08.jpg
157-09.jpg,157,9,ok,1,0.8422,245.4 80.2 419.3 318.5,data/processed/aligned/157-09.jpg
157-10.jpg,157,10,ok,1,0.8035,279.8 79.0 442.0 310.9,data/processed/aligned/157-10.jpg
157-11.jpg,157,11,ok,1,0.8717,234.8 83.4 414.7 327.6,data/processed/aligned/157-11.jpg
157-12.jpg,157,12,ok,1,0.8819,230.3 89.1 410.5 336.6,data/processed/aligned/157-12.jpg
157-13.jpg,157,13,ok,1,0.8705,233.7 88.0 415.6 334.5,data/processed/aligned/157-13.jpg
157-14.jpg,157,14,ok,1,0.8584,233.3 85.4 414.5 330.7,data/processed/aligned/157-14.jpg
158-01.jpg,158,1,ok,1,0.806,191.0 58.3 358.1 299.5,data/processed/aligned/158-01.jpg
158-02.jpg,158,2,ok,1,0.8666,219.7 64.8 394.8 304.8,data/processed/aligned/158-02.jpg
158-03.jpg,158,3,ok,1,0.8906,237.1 65.4 416.9 307.3,data/processed/aligned/158-03.jpg
158-04.jpg,158,4,ok,1,0.8857,212.7 61.1 393.9 307.0,data/processed/aligned/158-04.jpg
158-05.jpg,158,5,ok,1,0.903,208.1 64.7 387.4 309.4,data/processed/aligned/158-05.jpg
158-06.jpg,158,6,ok,1,0.8977,211.5 71.2 387.3 311.4,data/processed/aligned/158-06.jpg
158-07.jpg,158,7,ok,1,0.8829,240.1 60.4 416.8 307.0,data/processed/aligned/158-07.jpg
158-08.jpg,158,8,ok,1,0.8633,243.1 60.5 419.4 305.7,data/processed/aligned/158-08.jpg
158-09.jpg,158,9,ok,1,0.7958,249.8 56.7 417.6 294.5,data/processed/aligned/158-09.jpg
158-10.jpg,158,10,ok,1,0.7432,310.7 59.2 466.9 294.2,data/processed/aligned/158-10.jpg
158-11.jpg,158,11,ok,1,0.8945,236.2 71.5 412.3 313.6,data/processed/aligned/158-11.jpg
158-12.jpg,158,12,ok,1,0.9033,238.8 72.6 416.2 320.8,data/processed/aligned/158-12.jpg
158-13.jpg,158,13,ok,1,0.8964,229.0 71.0 406.0 315.0,data/processed/aligned/158-13.jpg
158-14.jpg,158,14,ok,1,0.8946,232.3 66.3 408.8 310.0,data/processed/aligned/158-14.jpg
159-01.jpg,159,1,ok,1,0.8586,192.4 91.2 361.7 357.1,data/processed/aligned/159-01.jpg
159-02.jpg,159,2,ok,1,0.8911,199.1 88.0 382.7 356.4,data/processed/aligned/159-02.jpg
159-03.jpg,159,3,ok,1,0.8824,212.6 88.8 401.0 353.7,data/processed/aligned/159-03.jpg
159-04.jpg,159,4,ok,1,0.8977,187.0 96.2 376.1 363.6,data/processed/aligned/159-04.jpg
159-05.jpg,159,5,ok,1,0.8918,183.7 76.4 378.0 342.9,data/processed/aligned/159-05.jpg
159-06.jpg,159,6,ok,1,0.919,222.0 85.7 413.8 358.4,data/processed/aligned/159-06.jpg
159-07.jpg,159,7,ok,1,0.8976,227.9 78.0 416.7 347.1,data/processed/aligned/159-07.jpg
159-08.jpg,159,8,ok,1,0.8848,240.2 83.9 426.2 357.7,data/processed/aligned/159-08.jpg
159-09.jpg,159,9,ok,1,0.8817,251.9 75.1 434.8 347.6,data/processed/aligned/159-09.jpg
159-10.jpg,159,10,ok,1,0.8201,278.4 71.5 448.3 334.5,data/processed/aligned/159-10.jpg
159-11.jpg,159,11,ok,1,0.908,218.9 81.6 409.8 346.7,data/processed/aligned/159-11.jpg
159-12.jpg,159,12,ok,1,0.9206,223.7 89.9 417.8 365.3,data/processed/aligned/159-12.jpg
159-13.jpg,159,13,ok,1,0.9179,218.7 88.3 413.4 359.2,data/processed/aligned/159-13.jpg
159-14.jpg,159,14,ok,1,0.9042,229.7 79.8 420.9 350.8,data/processed/aligned/159-14.jpg
16-01.jpg,16,1,ok,1,0.8465,172.2 96.8 337.0 346.3,data/processed/aligned/16-01.jpg
16-02.jpg,16,2,ok,1,0.8737,211.9 97.4 382.3 342.1,data/processed/aligned/16-02.jpg
16-03.jpg,16,3,ok,1,0.8848,215.1 94.0 389.3 341.5,data/processed/aligned/16-03.jpg
16-04.jpg,16,4,ok,1,0.9007,234.5 100.3 410.5 352.4,data/processed/aligned/16-04.jpg
16-05.jpg,16,5,ok,1,0.8995,219.8 102.5 396.9 355.8,data/processed/aligned/16-05.jpg
16-06.jpg,16,6,ok,1,0.905,234.9 89.9 411.4 347.6,data/processed/aligned/16-06.jpg
16-07.jpg,16,7,ok,1,0.9038,256.4 96.2 428.7 351.3,data/processed/aligned/16-07.jpg
16-08.jpg,16,8,ok,1,0.8897,252.8 98.3 424.1 349.9,data/processed/aligned/16-08.jpg
16-09.jpg,16,9,ok,1,0.8799,268.1 101.1 438.3 352.6,data/processed/aligned/16-09.jpg
16-10.jpg,16,10,ok,1,0.8284,310.7 105.2 480.5 352.1,data/processed/aligned/16-10.jpg
16-11.jpg,16,11,ok,1,0.8769,228.5 112.1 404.3 364.8,data/processed/aligned/16-11.jpg
16-12.jpg,16,12,ok,1,0.8846,225.3 104.3 402.2 366.0,data/processed/aligned/16-12.jpg
16-13.jpg,16,13,ok,1,0.8851,249.5 103.8 422.4 358.1,data/processed/aligned/16-13.jpg
16-14.jpg,16,14,ok,1,0.8907,247.1 103.9 419.5 358.6,data/processed/aligned/16-14.jpg
160-01.jpg,160,1,ok,1,0.7779,182.6 136.7 327.3 376.5,data/processed/aligned/160-01.jpg
160-02.jpg,160,2,ok,1,0.8437,219.3 145.4 380.2 381.5,data/processed/aligned/160-02.jpg
160-03.jpg,160,3,ok,1,0.8818,233.9 116.0 409.2 355.8,data/processed/aligned/160-03.jpg
160-04.jpg,160,4,ok,1,0.8707,237.2 119.0 420.5 360.1,data/processed/aligned/160-04.jpg
160-05.jpg,160,5,ok,1,0.8826,231.1 122.4 419.3 362.3,data/processed/aligned/160-05.jpg
160-06.jpg,160,6,ok,1,0.8934,237.5 131.8 424.1 372.7,data/processed/aligned/160-06.jpg
160-07.jpg,160,7,ok,1,0.8926,220.4 128.9 405.4 372.2,data/processed/aligned/160-07.jpg
160-08.jpg,160,8,ok,1,0.8837,230.2 135.7 410.0 380.0,data/processed/aligned/160-08.jpg
160-09.jpg,160,9,ok,1,0.8576,243.6 125.3 417.0 364.5,data/processed/aligned/160-09.jpg
160-10.jpg,160,10,ok,1,0.7451,277.1 128.7 430.9 352.1,data/processed/aligned/160-10.jpg
160-11.jpg,160,11,ok,1,0.8855,241.3 133.8 433.6 378.9,data/processed/aligned/160-11.jpg
160-12.jpg,160,12,ok,1,0.8988,215.8 124.7 413.5 371.9,data/processed/aligned/160-12.jpg
160-13.jpg,160,13,ok,1,0.8916,237.6 126.3 428.7 369.8,data/processed/aligned/160-13.jpg
160-14.jpg,160,14,ok,1,0.8917,242.6 129.9 433.9 373.7,data/processed/aligned/160-14.jpg
161-01.jpg,161,1,ok,1,0.8406,167.2 75.6 350.0 353.5,data/processed/aligned/161-01.jpg
161-02.jpg,161,2,ok,1,0.8821,217.1 89.4 413.1 370.2,data/processed/aligned/161-02.jpg
161-03.jpg,161,3,ok,1,0.9235,225.8 85.3 427.3 360.5,data/processed/aligned/161-03.jpg
161-04.jpg,161,4,ok,1,0.8997,238.4 80.2 439.0 356.8,data/processed/aligned/161-04.jpg
161-05.jpg,161,5,ok,1,0.9166,253.4 88.1 452.3 365.6,data/processed/aligned/161-05.jpg
161-06.jpg,161,6,ok,1,0.9006,246.7 92.5 438.1 370.2,data/processed/aligned/161-06.jpg
161-07.jpg,161,7,ok,1,0.886,229.8 95.0 427.0 371.0,data/processed/aligned/161-07.jpg
161-08.jpg,161,8,ok,1,0.8811,237.3 84.8 430.3 363.5,data/processed/aligned/161-08.jpg
161-09.jpg,161,9,ok,1,0.8925,246.4 85.6 439.9 366.7,data/processed/aligned/161-09.jpg
161-10.jpg,161,10,ok,1,0.8304,286.2 78.3 471.3 350.1,data/processed/aligned/161-10.jpg
161-11.jpg,161,11,ok,1,0.9108,221.9 85.3 415.6 366.0,data/processed/aligned/161-11.jpg
161-12.jpg,161,12,ok,1,0.9166,226.4 78.5 422.6 359.4,data/processed/aligned/161-12.jpg
161-13.jpg,161,13,ok,1,0.881,209.2 100.8 418.3 375.2,data/processed/aligned/161-13.jpg
161-14.jpg,161,14,ok,1,0.8852,211.0 90.7 413.9 370.1,data/processed/aligned/161-14.jpg
162-01.jpg,162,1,ok,1,0.8352,205.6 73.1 368.4 333.3,data/processed/aligned/162-01.jpg
162-02.jpg,162,2,ok,1,0.8873,211.3 87.5 413.7 360.2,data/processed/aligned/162-02.jpg
162-03.jpg,162,3,ok,1,0.8762,223.0 42.8 418.4 305.5,data/processed/aligned/162-03.jpg
162-04.jpg,162,4,ok,1,0.8737,201.6 51.2 412.8 345.4,data/processed/aligned/162-04.jpg
162-05.jpg,162,5,ok,1,0.8641,175.6 59.5 394.0 352.3,data/processed/aligned/162-05.jpg
162-06.jpg,162,6,ok,1,0.8923,213.4 59.3 431.9 345.1,data/processed/aligned/162-06.jpg
162-07.jpg,162,7,ok,1,0.8956,213.5 42.5 436.6 324.8,data/processed/aligned/162-07.jpg
162-08.jpg,162,8,ok,1,0.8902,211.0 39.7 435.4 326.4,data/processed/aligned/162-08.jpg
162-09.jpg,162,9,ok,1,0.8733,238.4 30.8 454.4 322.4,data/processed/aligned/162-09.jpg
162-10.jpg,162,10,ok,1,0.8597,283.6 34.1 470.3 305.6,data/processed/aligned/162-10.jpg
162-11.jpg,162,11,ok,1,0.89,212.0 64.1 437.1 342.7,data/processed/aligned/162-11.jpg
162-12.jpg,162,12,ok,1,0.8693,203.2 67.0 437.9 347.5,data/processed/aligned/162-12.jpg
162-13.jpg,162,13,ok,1,0.9032,203.6 48.2 426.6 340.0,data/processed/aligned/162-13.jpg
162-14.jpg,162,14,ok,1,0.8534,198.3 56.0 424.5 355.9,data/processed/aligned/162-14.jpg
163-01.jpg,163,1,ok,1,0.7767,195.5 106.9 353.2 330.6,data/processed/aligned/163-01.jpg
163-02.jpg,163,2,ok,1,0.8267,215.6 114.6 394.3 341.5,data/processed/aligned/163-02.jpg
163-03.jpg,163,3,ok,1,0.8666,226.3 111.5 412.6 347.3,data/processed/aligned/163-03.jpg
163-04.jpg,163,4,ok,1,0.8721,215.4 113.1 408.5 353.9,data/processed/aligned/163-04.jpg
163-05.jpg,163,5,ok,1,0.8887,221.0 105.8 416.3 350.9,data/processed/aligned/163-05.jpg
163-06.jpg,163,6,ok,1,0.8666,228.0 119.4 418.7 361.6,data/processed/aligned/163-06.jpg
163-07.jpg,163,7,ok,1,0.8618,220.1 112.7 410.5 357.2,data/processed/aligned/163-07.jpg
163-08.jpg,163,8,ok,1,0.8398,233.7 117.6 420.0 362.0,data/processed/aligned/163-08.jpg
163-09.jpg,163,9,ok,1,0.8183,247.2 119.2 429.3 360.6,data/processed/aligned/163-09.jpg
163-10.jpg,163,10,ok,1,0.7748,321.2 109.1 474.5 340.7,data/processed/aligned/163-10.jpg
163-11.jpg,163,11,ok,1,0.8854,218.5 111.8 410.5 359.8,data/processed/aligned/163-11.jpg
163-12.jpg,163,12,ok,1,0.8827,223.8 114.4 416.5 361.0,data/processed/aligned/163-12.jpg
163-13.jpg,163,13,ok,1,0.8724,241.9 113.0 435.7 360.1,data/processed/aligned/163-13.jpg
163-14.jpg,163,14,ok,1,0.86,242.8 110.7 431.1 356.4,data/processed/aligned/163-14.jpg
164-01.jpg,164,1,ok,1,0.8357,160.5 90.4 329.7 339.2,data/processed/aligned/164-01.jpg
164-02.jpg,164,2,ok,1,0.8806,174.9 94.7 351.0 346.5,data/processed/aligned/164-02.jpg
164-03.jpg,164,3,ok,1,0.8871,198.6 104.0 379.1 356.2,data/processed/aligned/164-03.jpg
164-04.jpg,164,4,ok,1,0.8759,213.5 105.2 399.9 355.5,data/processed/aligned/164-04.jpg
164-05.jpg,164,5,ok,1,0.8945,214.9 102.5 402.5 352.6,data/processed/aligned/164-05.jpg
164-06.jpg,164,6,ok,1,0.8952,231.1 105.1 413.8 359.4,data/processed/aligned/164-06.jpg
164-07.jpg,164,7,ok,1,0.8854,239.3 104.0 420.4 360.7,data/processed/aligned/164-07.jpg
164-08.jpg,164,8,ok,1,0.8764,243.2 101.9 420.0 357.8,data/processed/aligned/164-08.jpg
164-09.jpg,164,9,ok,1,0.8816,261.0 103.8 441.4 360.9,data/processed/aligned/164-09.jpg
164-10.jpg,164,10,ok,1,0.8103,308.7 101.0 471.8 358.5,data/processed/aligned/164-10.jpg
164-11.jpg,164,11,ok,1,0.9087,224.4 101.2 410.7 356.7,data/processed/aligned/164-11.jpg
164-12.jpg,164,12,ok,1,0.9036,259.9 91.9 439.3 344.5,data/processed/aligned/164-12.jpg
164-13.jpg,164,13,ok,1,0.8982,238.9 102.7 422.5 358.5,data/processed/aligned/164-13.jpg
164-14.jpg,164,14,ok,1,0.881,243.0 101.7 422.5 352.4,data/processed/aligned/164-14.jpg
165-01.jpg,165,1,ok,1,0.8523,191.2 95.4 379.0 378.5,data/processed/aligned/165-01.jpg
165-02.jpg,165,2,ok,1,0.8484,220.2 99.1 411.1 385.2,data/processed/aligned/165-02.jpg
165-03.jpg,165,3,ok,1,0.881,229.2 109.3 420.2 393.6,data/processed/aligned/165-03.jpg
165-04.jpg,165,4,ok,1,0.8838,222.9 104.8 417.6 391.5,data/processed/aligned/165-04.jpg
165-05.jpg,165,5,ok,1,0.8696,239.9 106.1 434.0 396.0,data/processed/aligned/165-05.jpg
165-06.jpg,165,6,ok,1,0.8641,240.4 108.7 429.8 403.5,data/processed/aligned/165-06.jpg
165-07.jpg,165,7,ok,1,0.8788,250.1 116.4 444.6 408.5,data/processed/aligned/165-07.jpg
165-08.jpg,165,8,ok,1,0.8333,266.0 115.6 466.0 405.6,data/processed/aligned/165-08.jpg
165-09.jpg,165,9,ok,1,0.8392,264.1 117.2 464.9 402.3,data/processed/aligned/165-09.jpg
165-10.jpg,165,10,ok,1,0.8431,332.2 116.9 504.8 395.5,data/processed/aligned/165-10.jpg
165-11.jpg,165,11,ok,1,0.8866,218.3 98.3 410.1 397.9,data/processed/aligned/165-11.jpg
165-12.jpg,165,12,ok,1,0.8919,232.2 96.9 424.9 400.7,data/processed/aligned/165-12.jpg
165-13.jpg,165,13,ok,1,0.897,218.5 103.9 411.0 403.3,data/processed/aligned/165-13.jpg
165-14.jpg,165,14,ok,1,0.8469,223.9 103.0 417.2 393.6,data/processed/aligned/165-14.jpg
166-01.jpg,166,1,ok,1,0.8375,169.8 76.6 348.7 347.1,data/processed/aligned/166-01.jpg
166-02.jpg,166,2,ok,1,0.858,197.3 101.1 396.2 379.1,data/processed/aligned/166-02.jpg
166-03.jpg,166,3,ok,1,0.8862,210.1 105.2 418.9 381.1,data/processed/aligned/166-03.jpg
166-04.jpg,166,4,ok,1,0.9071,215.8 108.7 426.4 384.1,data/processed/aligned/166-04.jpg
166-05.jpg,166,5,ok,1,0.9095,219.1 122.9 429.1 391.6,data/processed/aligned/166-05.jpg
166-06.jpg,166,6,ok,1,0.8578,226.4 134.6 434.9 403.7,data/processed/aligned/166-06.jpg
166-07.jpg,166,7,ok,1,0.8365,230.9 139.8 436.6 407.0,data/processed/aligned/166-07.jpg
166-08.jpg,166,8,ok,1,0.8414,241.1 140.9 443.0 410.3,data/processed/aligned/166-08.jpg
166-09.jpg,166,9,ok,1,0.8456,242.7 122.5 439.8 391.1,data/processed/aligned/166-09.jpg
166-10.jpg,166,10,ok,1,0.7738,293.8 100.9 464.1 383.4,data/processed/aligned/166-10.jpg
166-11.jpg,166,11,ok,1,0.8849,209.4 130.6 421.3 399.1,data/processed/aligned/166-11.jpg
166-12.jpg,166,12,ok,1,0.8805,213.4 130.6 429.3 409.9,data/processed/aligned/166-12.jpg
166-13.jpg,166,13,ok,1,0.9064,219.4 141.1 431.7 413.0,data/processed/aligned/166-13.jpg
166-14.jpg,166,14,ok,1,0.9122,220.4 146.1 432.8 417.9,data/processed/aligned/166-14.jpg
167-01.jpg,167,1,ok,1,0.7615,191.0 92.8 339.3 332.1,data/processed/aligned/167-01.jpg
167-02.jpg,167,2,ok,1,0.7802,201.2 100.6 346.2 337.2,data/processed/aligned/167-02.jpg
167-03.jpg,167,3,ok,1,0.8687,230.0 96.9 390.5 335.8,data/processed/aligned/167-03.jpg
167-04.jpg,167,4,ok,1,0.8607,226.0 93.8 385.3 335.3,data/processed/aligned/167-04.jpg
167-05.jpg,167,5,ok,1,0.8615,223.5 91.2 385.3 333.1,data/processed/aligned/167-05.jpg
167-06.jpg,167,6,ok,1,0.8711,253.7 98.7 414.9 334.1,data/processed/aligned/167-06.jpg
167-07.jpg,167,7,ok,1,0.8528,258.1 96.7 421.5 332.0,data/processed/aligned/167-07.jpg
167-08.jpg,167,8,ok,1,0.8441,253.1 92.5 413.4 327.8,data/processed/aligned/167-08.jpg
167-09.jpg,167,9,ok,1,0.8314,262.2 101.0 420.4 331.5,data/processed/aligned/167-09.jpg
167-10.jpg,167,10,ok,1,0.7782,298.6 82.5 448.3 312.9,data/processed/aligned/167-10.jpg
167-11.jpg,167,11,ok,1,0.8681,236.6 93.4 398.2 328.7,data/processed/aligned/167-11.jpg
167-12.jpg,167,12,ok,1,0.8882,234.7 89.5 399.2 330.8,data/processed/aligned/167-12.jpg
167-13.jpg,167,13,ok,1,0.8893,233.8 89.0 400.6 329.7,data/processed/aligned/167-13.jpg
167-14.jpg,167,14,ok,1,0.8669,234.2 87.5 399.9 325.6,data/processed/aligned/167-14.jpg
168-01.jpg,168,1,ok,1,0.8591,173.4 91.5 340.8 356.2,data/processed/aligned/168-01.jpg
168-02.jpg,168,2,ok,1,0.8703,177.8 97.0 367.3 366.9,data/processed/aligned/168-02.jpg
168-03.jpg,168,3,ok,1,0.9141,201.6 90.1 396.5 365.1,data/processed/aligned/168-03.jpg
168-04.jpg,168,4,ok,1,0.8871,219.1 68.2 417.2 344.9,data/processed/aligned/168-04.jpg
168-05.jpg,168,5,ok,1,0.9196,219.2 89.0 420.1 366.8,data/processed/aligned/168-05.jpg
168-06.jpg,168,6,ok,1,0.8777,227.5 99.7 429.2 382.1,data/processed/aligned/168-06.jpg
168-07.jpg,168,7,ok,1,0.8676,237.2 92.6 442.5 377.4,data/processed/aligned/168-07.jpg
168-08.jpg,168,8,ok,1,0.8561,248.2 94.9 452.9 381.1,data/processed/aligned/168-08.jpg
168-09.jpg,168,9,ok,1,0.8472,245.7 93.9 448.6 379.8,data/processed/aligned/168-09.jpg
168-10.jpg,168,10,ok,1,0.8378,293.5 88.3 478.3 370.9,data/processed/aligned/168-10.jpg
168-11.jpg,168,11,ok,1,0.8579,220.3 68.4 416.8 347.2,data/processed/aligned/168-11.jpg
168-12.jpg,168,12,ok,1,0.8621,217.5 69.9 417.1 343.3,data/processed/aligned/168-12.jpg
168-13.jpg,168,13,ok,1,0.903,220.1 87.8 410.1 357.7,data/processed/aligned/168-13.jpg
168-14.jpg,168,14,ok,1,0.8901,220.4 92.7 409.2 363.7,data/processed/aligned/168-14.jpg
169-01.jpg,169,1,ok,1,0.8255,152.6 82.0 336.7 347.1,data/processed/aligned/169-01.jpg
169-02.jpg,169,2,ok,1,0.8658,165.2 78.1 356.4 345.7,data/processed/aligned/169-02.jpg
169-03.jpg,169,3,ok,1,0.9107,198.3 84.5 398.9 352.1,data/processed/aligned/169-03.jpg
169-04.jpg,169,4,ok,1,0.9115,197.5 89.8 400.3 354.9,data/processed/aligned/169-04.jpg
169-05.jpg,169,5,ok,1,0.9155,226.4 88.2 431.2 356.5,data/processed/aligned/169-05.jpg
169-06.jpg,169,6,ok,1,0.8885,217.2 75.7 423.3 344.8,data/processed/aligned/169-06.jpg
169-07.jpg,169,7,ok,1,0.8674,234.3 91.4 438.4 364.4,data/processed/aligned/169-07.jpg
169-08.jpg,169,8,ok,1,0.8782,254.5 88.1 452.6 359.7,data/processed/aligned/169-08.jpg
169-09.jpg,169,9,ok,1,0.861,239.5 82.5 437.0 356.1,data/processed/aligned/169-09.jpg
169-10.jpg,169,10,ok,1,0.7991,303.5 89.6 486.8 354.2,data/processed/aligned/169-10.jpg
169-11.jpg,169,11,ok,1,0.9019,220.2 65.4 421.3 335.4,data/processed/aligned/169-11.jpg
169-12.jpg,169,12,ok,1,0.89,241.5 70.5 442.9 346.3,data/processed/aligned/169-12.jpg
169-13.jpg,169,13,ok,1,0.9063,224.3 82.0 425.6 357.0,data/processed/aligned/169-13.jpg
169-14.jpg,169,14,ok,1,0.8972,228.8 85.7 427.0 359.6,data/processed/aligned/169-14.jpg
17-01.jpg,17,1,ok,1,0.8297,176.2 106.4 355.5 395.6,data/processed/aligned/17-01.jpg
17-02.jpg,17,2,ok,1,0.8661,207.4 95.6 398.6 366.2,data/processed/aligned/17-02.jpg
17-03.jpg,17,3,ok,1,0.9004,217.5 93.9 412.3 367.7,data/processed/aligned/17-03.jpg
17-04.jpg,17,4,ok,1,0.8818,219.4 98.9 415.1 376.2,data/processed/aligned/17-04.jpg
17-05.jpg,17,5,ok,1,0.86,242.3 102.1 431.5 374.9,data/processed/aligned/17-05.jpg
17-06.jpg,17,6,ok,1,0.883,239.5 105.8 430.8 383.6,data/processed/aligned/17-06.jpg
17-07.jpg,17,7,ok,1,0.8826,250.9 97.7 440.2 371.5,data/processed/aligned/17-07.jpg
17-08.jpg,17,8,ok,1,0.8792,248.1 97.5 439.2 368.9,data/processed/aligned/17-08.jpg
17-09.jpg,17,9,ok,1,0.85,262.3 115.3 451.9 382.8,data/processed/aligned/17-09.jpg
17-10.jpg,17,10,ok,1,0.7667,308.9 128.7 483.6 393.9,data/processed/aligned/17-10.jpg
17-11.jpg,17,11,ok,1,0.9008,237.7 116.2 429.7 393.4,data/processed/aligned/17-11.jpg
17-12.jpg,17,12,ok,1,0.9022,242.1 110.0 433.2 396.9,data/processed/aligned/17-12.jpg
17-13.jpg,17,13,ok,1,0.8655,225.3 95.8 422.6 382.3,data/processed/aligned/17-13.jpg
17-14.jpg,17,14,ok,1,0.9033,221.9 116.7 417.2 391.3,data/processed/aligned/17-14.jpg
170-01.jpg,170,1,ok,1,0.7694,206.6 76.2 348.3 319.4,data/processed/aligned/170-01.jpg
170-02.jpg,170,2,ok,1,0.7881,233.1 87.2 379.9 324.2,data/processed/aligned/170-02.jpg
170-03.jpg,170,3,ok,1,0.873,235.8 79.7 395.7 321.9,data/processed/aligned/170-03.jpg
170-04.jpg,170,4,ok,1,0.8693,227.1 80.9 391.1 327.2,data/processed/aligned/170-04.jpg
170-05.jpg,170,5,ok,1,0.8761,239.8 80.2 407.8 321.0,data/processed/aligned/170-05.jpg
170-06.jpg,170,6,ok,1,0.877,244.6 81.3 412.8 323.6,data/processed/aligned/170-06.jpg
170-07.jpg,170,7,ok,1,0.878,260.3 79.9 423.3 323.7,data/processed/aligned/170-07.jpg
170-08.jpg,170,8,ok,1,0.8714,270.3 79.3 432.5 324.6,data/processed/aligned/170-08.jpg
170-09.jpg,170,9,ok,1,0.8471,284.2 76.9 439.7 318.2,data/processed/aligned/170-09.jpg
170-10.jpg,170,10,ok,1,0.7841,307.1 72.9 454.5 309.4,data/processed/aligned/170-10.jpg
170-11.jpg,170,11,ok,1,0.8743,239.9 83.4 408.1 326.7,data/processed/aligned/170-11.jpg
170-12.jpg,170,12,ok,1,0.8981,235.0 81.5 405.8 336.3,data/processed/aligned/170-12.jpg
170-13.jpg,170,13,ok,1,0.8911,232.5 82.7 402.2 334.6,data/processed/aligned/170-13.jpg
170-14.jpg,170,14,ok,1,0.8859,233.8 81.0 405.8 331.2,data/processed/aligned/170-14.jpg
171-01.jpg,171,1,ok,1,0.8684,178.3 79.6 365.8 363.7,data/processed/aligned/171-01.jpg
171-02.jpg,171,2,ok,1,0.9019,202.5 84.4 395.2 367.4,data/processed/aligned/171-02.jpg
171-03.jpg,171,3,ok,1,0.9077,225.1 91.5 419.6 366.8,data/processed/aligned/171-03.jpg
171-04.jpg,171,4,ok,1,0.913,232.2 81.7 427.9 360.9,data/processed/aligned/171-04.jpg
171-05.jpg,171,5,ok,1,0.9107,233.5 82.9 432.0 360.2,data/processed/aligned/171-05.jpg
171-06.jpg,171,6,ok,1,0.9023,242.7 78.6 439.4 362.2,data/processed/aligned/171-06.jpg
171-07.jpg,171,7,ok,1,0.9016,245.1 82.0 439.8 361.0,data/processed/aligned/171-07.jpg
171-08.jpg,171,8,ok,1,0.8938,250.9 88.5 442.9 366.6,data/processed/aligned/171-08.jpg
171-09.jpg,171,9,ok,1,0.8696,262.2 88.6 454.6 362.9,data/processed/aligned/171-09.jpg
171-10.jpg,171,10,ok,1,0.7988,296.1 115.0 477.1 366.4,data/processed/aligned/171-10.jpg
171-11.jpg,171,11,ok,1,0.9049,222.6 89.7 424.6 377.2,data/processed/aligned/171-11.jpg
171-12.jpg,171,12,ok,1,0.8819,217.5 91.0 421.3 386.8,data/processed/aligned/171-12.jpg
171-13.jpg,171,13,ok,1,0.9073,224.7 85.5 426.8 377.6,data/processed/aligned/171-13.jpg
171-14.jpg,171,14,ok,1,0.9191,227.1 80.3 425.4 363.0,data/processed/aligned/171-14.jpg
172-01.jpg,172,1,ok,1,0.7497,193.3 76.4 353.0 347.3,data/processed/aligned/172-01.jpg
172-02.jpg,172,2,ok,1,0.8639,196.5 77.3 366.9 353.3,data/processed/aligned/172-02.jpg
172-03.jpg,172,3,ok,1,0.9056,184.5 75.3 381.0 362.6,data/processed/aligned/172-03.jpg
172-04.jpg,172,4,ok,1,0.9129,182.5 79.6 389.2 369.9,data/processed/aligned/172-04.jpg
172-05.jpg,172,5,ok,1,0.8971,194.6 85.1 406.5 379.0,data/processed/aligned/172-05.jpg
172-06.jpg,172,6,ok,1,0.901,201.5 76.8 420.4 372.5,data/processed/aligned/172-06.jpg
172-07.jpg,172,7,ok,1,0.8949,201.1 79.1 414.6 366.8,data/processed/aligned/172-07.jpg
172-08.jpg,172,8,ok,1,0.8657,196.1 75.9 410.0 379.0,data/processed/aligned/172-08.jpg
172-09.jpg,172,9,ok,1,0.8803,217.4 64.1 421.5 366.0,data/processed/aligned/172-09.jpg
172-10.jpg,172,10,ok,1,0.8332,257.5 74.2 438.5 369.7,data/processed/aligned/172-10.jpg
172-11.jpg,172,11,ok,1,0.909,222.8 74.0 436.1 365.8,data/processed/aligned/172-11.jpg
172-12.jpg,172,12,ok,1,0.8962,204.1 70.0 425.1 380.0,data/processed/aligned/172-12.jpg
172-13.jpg,172,13,ok,1,0.8888,202.4 65.9 419.0 371.7,data/processed/aligned/172-13.jpg
172-14.jpg,172,14,ok,1,0.8711,194.3 77.5 409.0 372.5,data/processed/aligned/172-14.jpg
173-01.jpg,173,1,ok,1,0.744,192.5 105.1 344.1 325.6,data/processed/aligned/173-01.jpg
173-02.jpg,173,2,ok,1,0.8351,220.4 103.2 385.6 329.8,data/processed/aligned/173-02.jpg
173-03.jpg,173,3,ok,1,0.851,197.4 91.4 369.5 324.2,data/processed/aligned/173-03.jpg
173-04.jpg,173,4,ok,1,0.8697,221.0 96.0 396.2 330.9,data/processed/aligned/173-04.jpg
173-05.jpg,173,5,ok,1,0.8736,243.4 105.5 415.6 336.4,data/processed/aligned/173-05.jpg
173-06.jpg,173,6,ok,1,0.8705,266.9 108.8 434.3 342.3,data/processed/aligned/173-06.jpg
173-07.jpg,173,7,ok,1,0.842,278.1 102.7 435.1 334.5,data/processed/aligned/173-07.jpg
173-08.jpg,173,8,ok,1,0.8444,278.7 113.9 457.7 339.5,data/processed/aligned/173-08.jpg
173-09.jpg,173,9,ok,1,0.8379,286.5 110.9 460.5 336.5,data/processed/aligned/173-09.jpg
173-10.jpg,173,10,ok,1,0.6952,320.4 103.3 470.1 324.1,data/processed/aligned/173-10.jpg
173-11.jpg,173,11,ok,1,0.8798,234.2 106.4 415.7 338.4,data/processed/aligned/173-11.jpg
173-12.jpg,173,12,ok,1,0.8822,233.6 104.3 414.5 337.0,data/processed/aligned/173-12.jpg
173-13.jpg,173,13,ok,1,0.8833,218.4 110.6 401.5 341.5,data/processed/aligned/173-13.jpg
173-14.jpg,173,14,ok,1,0.8594,223.8 103.9 402.3 339.0,data/processed/aligned/173-14.jpg
174-01.jpg,174,1,ok,1,0.8847,198.1 66.5 375.2 329.2,data/processed/aligned/174-01.jpg
174-02.jpg,174,2,ok,1,0.8584,216.8 71.6 402.3 336.3,data/processed/aligned/174-02.jpg
174-03.jpg,174,3,ok,1,0.8721,222.0 72.8 410.9 342.0,data/processed/aligned/174-03.jpg
174-04.jpg,174,4,ok,1,0.8859,230.2 68.1 423.4 340.6,data/processed/aligned/174-04.jpg
174-05.jpg,174,5,ok,1,0.9024,220.1 74.0 417.5 351.0,data/processed/aligned/174-05.jpg
174-06.jpg,174,6,ok,1,0.907,202.4 83.0 400.4 360.6,data/processed/aligned/174-06.jpg
174-07.jpg,174,7,ok,1,0.8793,225.1 71.8 413.6 342.9,data/processed/aligned/174-07.jpg
174-08.jpg,174,8,ok,1,0.8543,239.6 73.7 424.0 344.0,data/processed/aligned/174-08.jpg
174-09.jpg,174,9,ok,1,0.8774,239.3 85.1 424.6 352.4,data/processed/aligned/174-09.jpg
174-10.jpg,174,10,ok,1,0.825,262.5 72.6 446.3 341.0,data/processed/aligned/174-10.jpg
174-11.jpg,174,11,ok,1,0.8932,222.7 69.7 419.3 347.7,data/processed/aligned/174-11.jpg
174-12.jpg,174,12,ok,1,0.9186,215.9 80.8 416.8 365.2,data/processed/aligned/174-12.jpg
174-13.jpg,174,13,ok,1,0.9183,247.7 80.5 448.4 361.8,data/processed/aligned/174-13.jpg
174-14.jpg,174,14,ok,1,0.9121,228.2 75.5 427.5 360.8,data/processed/aligned/174-14.jpg
175-01.jpg,175,1,ok,1,0.852,176.0 68.3 358.6 333.7,data/processed/aligned/175-01.jpg
175-02.jpg,175,2,ok,1,0.8466,184.4 79.6 362.0 345.6,data/processed/aligned/175-02.jpg
175-03.jpg,175,3,ok,1,0.8657,210.5 78.5 375.7 337.3,data/processed/aligned/175-03.jpg
175-04.jpg,175,4,ok,1,0.8864,214.1 84.9 376.3 342.8,data/processed/aligned/175-04.jpg
175-05.jpg,175,5,ok,1,0.864,220.4 84.6 379.2 339.8,data/processed/aligned/175-05.jpg
175-06.jpg,175,6,ok,1,0.8951,240.8 82.5 403.5 340.5,data/processed/aligned/175-06.jpg
175-07.jpg,175,7,ok,1,0.8894,249.6 85.4 415.4 347.4,data/processed/aligned/175-07.jpg
175-08.jpg,175,8,ok,1,0.8891,256.4 90.1 420.3 351.9,data/processed/aligned/175-08.jpg
175-09.jpg,175,9,ok,1,0.8909,271.5 87.8 432.2 352.4,data/processed/aligned/175-09.jpg
175-10.jpg,175,10,ok,1,0.8,297.7 84.0 453.3 340.4,data/processed/aligned/175-10.jpg
175-11.jpg,175,11,ok,1,0.9066,245.2 96.4 409.1 355.0,data/processed/aligned/175-11.jpg
175-12.jpg,175,12,ok,1,0.9063,245.3 94.6 413.7 360.0,data/processed/aligned/175-12.jpg
175-13.jpg,175,13,ok,1,0.903,245.0 93.9 407.8 353.6,data/processed/aligned/175-13.jpg
175-14.jpg,175,14,ok,1,0.8931,236.3 95.4 399.0 354.4,data/processed/aligned/175-14.jpg
176-01.jpg,176,1,ok,1,0.8078,207.6 86.9 368.5 336.5,data/processed/aligned/176-01.jpg
176-02.jpg,176,2,ok,1,0.8731,223.7 89.7 399.9 342.4,data/processed/aligned/176-02.jpg
176-03.jpg,176,3,ok,1,0.9102,233.0 93.2 414.7 351.0,data/processed/aligned/176-03.jpg
176-04.jpg,176,4,ok,1,0.9027,235.5 93.3 419.9 348.7,data/processed/aligned/176-04.jpg
176-05.jpg,176,5,ok,1,0.9062,247.6 89.1 432.7 345.2,data/processed/aligned/176-05.jpg
176-06.jpg,176,6,ok,1,0.9057,227.7 94.3 412.2 346.5,data/processed/aligned/176-06.jpg
176-07.jpg,176,7,ok,1,0.8756,242.1 88.2 431.1 345.4,data/processed/aligned/176-07.jpg
176-08.jpg,176,8,ok,1,0.8566,241.8 83.9 429.5 339.1,data/processed/aligned/176-08.jpg
176-09.jpg,176,9,ok,1,0.8721,259.3 88.7 447.5 344.2,data/processed/aligned/176-09.jpg
176-10.jpg,176,10,ok,1,0.835,296.8 96.4 465.5 349.4,data/processed/aligned/176-10.jpg
176-11.jpg,176,11,ok,1,0.9058,238.9 98.0 427.1 352.5,data/processed/aligned/176-11.jpg
176-12.jpg,176,12,ok,1,0.9021,227.6 104.4 421.1 361.6,data/processed/aligned/176-12.jpg
176-13.jpg,176,13,ok,1,0.9068,244.0 94.7 433.1 354.8,data/processed/aligned/176-13.jpg
176-14.jpg,176,14,ok,1,0.9012,244.6 97.8 433.5 357.0,data/processed/aligned/176-14.jpg
177-01.jpg,177,1,ok,1,0.8114,200.4 104.3 355.4 369.3,data/processed/aligned/177-01.jpg
177-02.jpg,177,2,ok,1,0.8819,224.0 101.7 401.2 368.8,data/processed/aligned/177-02.jpg
177-03.jpg,177,3,ok,1,0.8923,204.3 104.6 387.1 365.3,data/processed/aligned/177-03.jpg
177-04.jpg,177,4,ok,1,0.8974,214.4 98.9 397.5 355.3,data/processed/aligned/177-04.jpg
177-05.jpg,177,5,ok,1,0.913,222.8 97.8 404.9 354.7,data/processed/aligned/177-05.jpg
177-06.jpg,177,6,ok,1,0.9028,225.9 97.9 409.9 352.6,data/processed/aligned/177-06.jpg
177-07.jpg,177,7,ok,1,0.8927,234.2 98.1 416.4 352.1,data/processed/aligned/177-07.jpg
177-08.jpg,177,8,ok,1,0.8914,235.2 97.3 417.1 352.6,data/processed/aligned/177-08.jpg
177-09.jpg,177,9,ok,1,0.8843,259.7 105.6 437.0 359.7,data/processed/aligned/177-09.jpg
177-10.jpg,177,10,ok,1,0.8424,297.3 100.1 456.4 358.8,data/processed/aligned/177-10.jpg
177-11.jpg,177,11,ok,1,0.912,228.6 99.7 415.7 357.0,data/processed/aligned/177-11.jpg
177-12.jpg,177,12,ok,1,0.9037,242.2 98.2 433.3 362.0,data/processed/aligned/177-12.jpg
177-13.jpg,177,13,ok,1,0.902,233.3 101.1 426.1 364.5,data/processed/aligned/177-13.jpg
177-14.jpg,177,14,ok,1,0.8899,231.1 104.4 421.3 367.7,data/processed/aligned/177-14.jpg
178-01.jpg,178,1,ok,1,0.7926,193.4 60.0 352.5 340.7,data/processed/aligned/178-01.jpg
178-02.jpg,178,2,ok,1,0.892,195.5 55.6 377.1 336.0,data/processed/aligned/178-02.jpg
178-03.jpg,178,3,ok,1,0.8953,209.0 49.8 400.8 336.7,data/processed/aligned/178-03.jpg
178-04.jpg,178,4,ok,1,0.9145,213.6 50.6 412.0 331.7,data/processed/aligned/178-04.jpg
178-05.jpg,178,5,ok,1,0.9174,227.0 52.2 426.3 332.6,data/processed/aligned/178-05.jpg
178-06.jpg,178,6,ok,1,0.9082,227.3 52.6 423.5 336.9,data/processed/aligned/178-06.jpg
178-07.jpg,178,7,ok,1,0.8957,223.6 40.8 424.9 328.7,data/processed/aligned/178-07.jpg
178-08.jpg,178,8,ok,1,0.8758,226.7 39.0 426.8 327.2,data/processed/aligned/178-08.jpg
178-09.jpg,178,9,ok,1,0.8407,238.5 34.4 435.3 321.8,data/processed/aligned/178-09.jpg
178-10.jpg,178,10,ok,1,0.8361,288.3 39.3 467.7 319.2,data/processed/aligned/178-10.jpg
178-11.jpg,178,11,ok,1,0.9056,225.5 43.6 421.2 324.2,data/processed/aligned/178-11.jpg
178-12.jpg,178,12,ok,1,0.9178,229.0 43.9 425.7 330.5,data/processed/aligned/178-12.jpg
178-13.jpg,178,13,ok,1,0.9112,227.8 51.0 422.2 329.6,data/processed/aligned/178-13.jpg
178-14.jpg,178,14,ok,1,0.9099,224.8 50.2 419.7 330.6,data/processed/aligned/178-14.jpg
179-01.jpg,179,1,ok,1,0.8505,194.3 68.5 377.0 334.7,data/processed/aligned/179-01.jpg
179-02.jpg,179,2,ok,1,0.8267,197.9 71.4 407.1 344.5,data/processed/aligned/179-02.jpg
179-03.jpg,179,3,ok,1,0.8893,209.1 71.6 430.8 355.0,data/processed/aligned/179-03.jpg
179-04.jpg,179,4,ok,1,0.8939,205.0 71.3 430.0 356.1,data/processed/aligned/179-04.jpg
179-05.jpg,179,5,ok,1,0.8872,217.3 72.2 443.7 355.3,data/processed/aligned/179-05.jpg
179-06.jpg,179,6,ok,1,0.839,220.0 68.1 449.7 353.1,data/processed/aligned/179-06.jpg
179-07.jpg,179,7,ok,1,0.8706,213.3 69.3 439.6 357.3,data/processed/aligned/179-07.jpg
179-08.jpg,179,8,ok,1,0.8397,203.1 67.3 422.7 348.9,data/processed/aligned/179-08.jpg
179-09.jpg,179,9,ok,1,0.881,245.2 80.6 457.3 356.8,data/processed/aligned/179-09.jpg
179-10.jpg,179,10,ok,1,0.8053,276.7 83.9 454.6 343.5,data/processed/aligned/179-10.jpg
179-11.jpg,179,11,ok,1,0.8862,215.3 76.6 441.2 350.8,data/processed/aligned/179-11.jpg
179-12.jpg,179,12,ok,1,0.8611,213.3 66.2 442.1 350.1,data/processed/aligned/179-12.jpg
179-13.jpg,179,13,ok,1,0.9014,208.5 78.9 434.0 354.9,data/processed/aligned/179-13.jpg
179-14.jpg,179,14,ok,1,0.9057,209.4 82.2 435.3 361.0,data/processed/aligned/179-14.jpg
18-01.jpg,18,1,ok,1,0.8169,182.0 102.0 367.0 365.4,data/processed/aligned/18-01.jpg
18-02.jpg,18,2,ok,1,0.8744,220.6 111.6 409.1 377.6,data/processed/aligned/18-02.jpg
18-03.jpg,18,3,ok,1,0.9172,227.6 115.9 422.6 389.5,data/processed/aligned/18-03.jpg
18-04.jpg,18,4,ok,1,0.9162,232.6 113.8 423.7 389.5,data/processed/aligned/18-04.jpg
18-05.jpg,18,5,ok,1,0.8955,239.8 111.8 436.2 383.5,data/processed/aligned/18-05.jpg
18-06.jpg,18,6,ok,1,0.9084,248.1 111.6 445.4 388.7,data/processed/aligned/18-06.jpg
18-07.jpg,18,7,ok,1,0.9022,254.7 113.1 454.6 391.3,data/processed/aligned/18-07.jpg
18-08.jpg,18,8,ok,1,0.8514,265.7 107.4 466.6 379.8,data/processed/aligned/18-08.jpg
18-09.jpg,18,9,ok,1,0.8573,264.8 111.2 459.5 383.5,data/processed/aligned/18-09.jpg
18-10.jpg,18,10,ok,1,0.8613,316.4 118.9 504.0 390.8,data/processed/aligned/18-10.jpg
18-11.jpg,18,11,ok,1,0.8798,235.8 105.3 434.9 383.7,data/processed/aligned/18-11.jpg
18-12.jpg,18,12,ok,1,0.8898,236.4 102.7 435.6 394.3,data/processed/aligned/18-12.jpg
18-13.jpg,18,13,ok,1,0.9016,224.2 93.9 424.2 375.3,data/processed/aligned/18-13.jpg
18-14.jpg,18,14,ok,1,0.8814,210.9 99.5 408.1 373.6,data/processed/aligned/18-14.jpg
180-01.jpg,180,1,ok,1,0.8183,163.4 85.3 321.7 353.4,data/processed/aligned/180-01.jpg
180-02.jpg,180,2,ok,1,0.8782,169.4 92.1 339.1 358.6,data/processed/aligned/180-02.jpg
180-03.jpg,180,3,ok,1,0.885,187.5 95.6 366.3 362.2,data/processed/aligned/180-03.jpg
180-04.jpg,180,4,ok,1,0.8698,195.6 104.7 382.6 374.3,data/processed/aligned/180-04.jpg
180-05.jpg,180,5,ok,1,0.8714,209.4 101.2 397.9 368.8,data/processed/aligned/180-05.jpg
180-06.jpg,180,6,ok,1,0.9043,233.9 97.8 419.0 363.0,data/processed/aligned/180-06.jpg
180-07.jpg,180,7,ok,1,0.9084,246.8 88.7 436.6 360.8,data/processed/aligned/180-07.jpg
180-08.jpg,180,8,ok,1,0.8993,223.9 97.3 413.1 366.5,data/processed/aligned/180-08.jpg
180-09.jpg,180,9,ok,1,0.8855,230.8 96.3 417.2 363.5,data/processed/aligned/180-09.jpg
180-10.jpg,180,10,ok,1,0.8185,282.0 95.9 449.8 352.0,data/processed/aligned/180-10.jpg
180-11.jpg,180,11,ok,1,0.9024,236.2 94.9 423.8 368.3,data/processed/aligned/180-11.jpg
180-12.jpg,180,12,ok,1,0.8683,209.3 99.4 398.2 381.4,data/processed/aligned/180-12.jpg
180-13.jpg,180,13,ok,1,0.9083,225.6 82.7 412.6 354.5,data/processed/aligned/180-13.jpg
180-14.jpg,180,14,ok,1,0.9093,216.0 86.7 403.9 359.5,data/processed/aligned/180-14.jpg
181-01.jpg,181,1,ok,1,0.8225,176.2 73.9 358.6 335.4,data/processed/aligned/181-01.jpg
181-02.jpg,181,2,ok,1,0.8387,196.3 71.1 388.8 344.3,data/processed/aligned/181-02.jpg
181-03.jpg,181,3,ok,1,0.8758,214.0 69.2 410.4 337.2,data/processed/aligned/181-03.jpg
181-04.jpg,181,4,ok,1,0.8772,221.5 72.2 414.1 339.3,data/processed/aligned/181-04.jpg
181-05.jpg,181,5,ok,1,0.8749,234.2 70.2 423.4 338.5,data/processed/aligned/181-05.jpg
181-06.jpg,181,6,ok,1,0.8667,235.1 72.9 425.7 338.9,data/processed/aligned/181-06.jpg
181-07.jpg,181,7,ok,1,0.846,241.2 71.9 430.1 339.1,data/processed/aligned/181-07.jpg
181-08.jpg,181,8,ok,1,0.8778,246.8 66.8 434.6 335.9,data/processed/aligned/181-08.jpg
181-09.jpg,181,9,ok,1,0.8894,251.9 61.4 440.0 328.5,data/processed/aligned/181-09.jpg
181-10.jpg,181,10,ok,1,0.8451,288.0 62.1 472.8 321.0,data/processed/aligned/181-10.jpg
181-11.jpg,181,11,ok,1,0.8857,226.2 76.3 420.5 342.8,data/processed/aligned/181-11.jpg
181-12.jpg,181,12,ok,1,0.8864,240.4 79.3 433.1 353.4,data/processed/aligned/181-12.jpg
181-13.jpg,181,13,ok,1,0.8609,234.9 73.6 426.9 340.3,data/processed/aligned/181-13.jpg
181-14.jpg,181,14,ok,1,0.8749,243.7 69.7 434.3 337.2,data/processed/aligned/181-14.jpg
182-01.jpg,182,1,ok,1,0.8662,190.2 90.0 386.2 362.9,data/processed/aligned/182-01.jpg
182-02.jpg,182,2,ok,1,0.8488,208.5 92.7 407.1 370.9,data/processed/aligned/182-02.jpg
182-03.jpg,182,3,ok,1,0.8777,225.4 93.3 431.0 373.9,data/processed/aligned/182-03.jpg
182-04.jpg,182,4,ok,1,0.86,211.0 90.1 420.2 379.3,data/processed/aligned/182-04.jpg
182-05.jpg,182,5,ok,1,0.8301,226.7 93.4 442.5 389.0,data/processed/aligned/182-05.jpg
182-06.jpg,182,6,ok,1,0.8557,228.3 107.4 436.7 392.1,data/processed/aligned/182-06.jpg
182-07.jpg,182,7,ok,1,0.8054,234.0 91.3 436.1 380.5,data/processed/aligned/182-07.jpg
182-08.jpg,182,8,ok,1,0.7986,254.5 97.3 452.5 377.1,data/processed/aligned/182-08.jpg
182-09.jpg,182,9,ok,1,0.826,261.5 89.5 455.5 373.8,data/processed/aligned/182-09.jpg
182-10.jpg,182,10,ok,1,0.792,269.1 76.8 457.2 371.7,data/processed/aligned/182-10.jpg
182-11.jpg,182,11,ok,1,0.8773,211.8 89.8 423.4 377.9,data/processed/aligned/182-11.jpg
182-12.jpg,182,12,ok,1,0.872,210.7 94.7 419.7 379.6,data/processed/aligned/182-12.jpg
182-13.jpg,182,13,ok,1,0.8479,195.8 104.9 416.1 390.5,data/processed/aligned/182-13.jpg
182-14.jpg,182,14,ok,1,0.8266,211.7 86.1 424.4 386.9,data/processed/aligned/182-14.jpg
183-01.jpg,183,1,ok,1,0.8312,155.3 66.3 322.2 334.4,data/processed/aligned/183-01.jpg
183-02.jpg,183,2,ok,1,0.8482,183.3 82.2 371.2 348.6,data/processed/aligned/183-02.jpg
183-03.jpg,183,3,ok,1,0.8953,196.6 76.6 391.5 348.2,data/processed/aligned/183-03.jpg
183-04.jpg,183,4,ok,1,0.8515,204.2 72.9 397.6 341.0,data/processed/aligned/183-04.jpg
183-05.jpg,183,5,ok,1,0.8762,200.7 69.6 399.0 338.5,data/processed/aligned/183-05.jpg
183-06.jpg,183,6,ok,1,0.903,213.0 46.0 419.0 329.4,data/processed/aligned/183-06.jpg
183-07.jpg,183,7,ok,1,0.8867,227.0 45.3 426.3 318.0,data/processed/aligned/183-07.jpg
183-08.jpg,183,8,ok,1,0.8792,235.5 46.1 429.9 316.6,data/processed/aligned/183-08.jpg
183-09.jpg,183,9,ok,1,0.8773,249.8 47.2 445.5 313.4,data/processed/aligned/183-09.jpg
183-10.jpg,183,10,ok,1,0.7975,292.5 47.3 476.1 308.0,data/processed/aligned/183-10.jpg
183-11.jpg,183,11,ok,1,0.9142,216.2 52.3 421.1 331.8,data/processed/aligned/183-11.jpg
183-12.jpg,183,12,ok,1,0.8961,213.9 58.6 419.6 343.6,data/processed/aligned/183-12.jpg
183-13.jpg,183,13,ok,1,0.8939,229.3 42.9 439.7 327.0,data/processed/aligned/183-13.jpg
183-14.jpg,183,14,ok,1,0.9072,216.4 51.2 426.4 332.7,data/processed/aligned/183-14.jpg
184-01.jpg,184,1,ok,1,0.8227,208.0 116.2 365.3 368.3,data/processed/aligned/184-01.jpg
184-02.jpg,184,2,ok,1,0.8518,219.0 115.7 393.7 369.0,data/processed/aligned/184-02.jpg
184-03.jpg,184,3,ok,1,0.8548,210.8 110.4 394.5 364.9,data/processed/aligned/184-03.jpg
184-04.jpg,184,4,ok,1,0.8631,213.0 111.5 398.7 368.1,data/processed/aligned/184-04.jpg
184-05.jpg,184,5,ok,1,0.8897,224.0 108.4 412.6 365.5,data/processed/aligned/184-05.jpg
184-06.jpg,184,6,ok,1,0.8679,227.7 110.8 416.1 369.9,data/processed/aligned/184-06.jpg
184-07.jpg,184,7,ok,1,0.8671,246.9 121.2 428.6 376.8,data/processed/aligned/184-07.jpg
184-08.jpg,184,8,ok,1,0.8442,245.0 106.9 429.1 371.7,data/processed/aligned/184-08.jpg
184-09.jpg,184,9,ok,1,0.8603,252.2 108.4 432.2 370.8,data/processed/aligned/184-09.jpg
184-10.jpg,184,10,ok,1,0.7954,272.1 114.4 430.1 369.5,data/processed/aligned/184-10.jpg
184-11.jpg,184,11,ok,1,0.8815,230.2 111.2 419.8 373.1,data/processed/aligned/184-11.jpg
184-12.jpg,184,12,ok,1,0.897,227.0 110.8 419.6 378.8,data/processed/aligned/184-12.jpg
184-13.jpg,184,13,ok,1,0.8859,230.6 115.7 420.4 374.2,data/processed/aligned/184-13.jpg
184-14.jpg,184,14,ok,1,0.873,232.4 126.6 417.0 374.5,data/processed/aligned/184-14.jpg
185-01.jpg,185,1,ok,1,0.8643,175.6 88.5 347.8 355.4,data/processed/aligned/185-01.jpg
185-02.jpg,185,2,ok,1,0.8887,207.8 83.6 390.5 352.2,data/processed/aligned/185-02.jpg
185-03.jpg,185,3,ok,1,0.9167,224.6 90.3 411.8 357.1,data/processed/aligned/185-03.jpg
185-04.jpg,185,4,ok,1,0.9172,227.0 89.9 416.2 357.2,data/processed/aligned/185-04.jpg
185-05.jpg,185,5,ok,1,0.9185,234.5 87.1 424.4 357.1,data/processed/aligned/185-05.jpg
185-06.jpg,185,6,ok,1,0.9093,248.7 86.1 435.0 351.8,data/processed/aligned/185-06.jpg
185-07.jpg,185,7,ok,1,0.8845,239.4 87.5 422.7 355.4,data/processed/aligned/185-07.jpg
185-08.jpg,185,8,ok,1,0.8809,237.9 89.7 420.0 355.9,data/processed/aligned/185-08.jpg
185-09.jpg,185,9,ok,1,0.8794,255.0 86.5 434.2 345.2,data/processed/aligned/185-09.jpg
185-10.jpg,185,10,ok,1,0.8548,289.0 90.6 458.8 358.9,data/processed/aligned/185-10.jpg
185-11.jpg,185,11,ok,1,0.9121,222.4 89.2 410.7 359.2,data/processed/aligned/185-11.jpg
185-12.jpg,185,12,ok,1,0.9053,217.0 93.3 406.5 367.6,data/processed/aligned/185-12.jpg
185-13.jpg,185,13,ok,1,0.9092,222.6 81.6 411.9 348.2,data/processed/aligned/185-13.jpg
185-14.jpg,185,14,ok,1,0.9032,225.3 83.8 414.6 350.0,data/processed/aligned/185-14.jpg
186-01.jpg,186,1,ok,1,0.8634,187.7 116.8 377.8 385.3,data/processed/aligned/186-01.jpg
186-02.jpg,186,2,ok,1,0.8869,199.4 115.6 395.3 382.8,data/processed/aligned/186-02.jpg
186-03.jpg,186,3,ok,1,0.9043,210.0 110.3 414.1 391.0,data/processed/aligned/186-03.jpg
186-04.jpg,186,4,ok,1,0.9046,208.2 118.6 414.6 398.5,data/processed/aligned/186-04.jpg
186-05.jpg,186,5,ok,1,0.9121,191.1 121.6 399.7 399.2,data/processed/aligned/186-05.jpg
186-06.jpg,186,6,ok,1,0.9036,215.9 123.0 426.3 399.0,data/processed/aligned/186-06.jpg
186-07.jpg,186,7,ok,1,0.8716,220.5 120.9 430.4 403.8,data/processed/aligned/186-07.jpg
186-08.jpg,186,8,ok,1,0.8622,240.1 123.1 444.5 403.0,data/processed/aligned/186-08.jpg
186-09.jpg,186,9,ok,1,0.8415,251.5 124.7 455.0 400.8,data/processed/aligned/186-09.jpg
186-10.jpg,186,10,ok,1,0.8174,286.4 132.1 479.6 394.6,data/processed/aligned/186-10.jpg
186-11.jpg,186,11,ok,1,0.8816,218.2 135.1 427.8 413.9,data/processed/aligned/186-11.jpg
186-12.jpg,186,12,ok,1,0.8787,222.8 134.4 432.5 415.8,data/processed/aligned/186-12.jpg
186-13.jpg,186,13,ok,1,0.8821,220.7 139.2 431.1 414.4,data/processed/aligned/186-13.jpg
186-14.jpg,186,14,ok,1,0.868,221.2 146.9 431.0 407.0,data/processed/aligned/186-14.jpg
187-01.jpg,187,1,ok,1,0.8664,150.1 115.4 362.7 405.0,data/processed/aligned/187-01.jpg
187-02.jpg,187,2,ok,1,0.886,180.5 113.5 400.1 408.0,data/processed/aligned/187-02.jpg
187-03.jpg,187,3,ok,1,0.8945,200.3 108.1 430.2 402.9,data/processed/aligned/187-03.jpg
187-04.jpg,187,4,ok,1,0.8848,190.6 104.8 425.5 403.7,data/processed/aligned/187-04.jpg
187-05.jpg,187,5,ok,1,0.9078,203.8 114.3 436.4 411.0,data/processed/aligned/187-05.jpg
187-06.jpg,187,6,ok,1,0.8668,222.3 114.7 449.7 412.4,data/processed/aligned/187-06.jpg
187-07.jpg,187,7,ok,1,0.8779,236.2 115.1 458.9 414.2,data/processed/aligned/187-07.jpg
187-08.jpg,187,8,ok,1,0.8435,254.9 117.6 470.0 411.0,data/processed/aligned/187-08.jpg
187-09.jpg,187,9,ok,1,0.8548,257.5 108.3 472.1 397.5,data/processed/aligned/187-09.jpg
187-10.jpg,187,10,ok,1,0.8489,288.7 115.1 491.1 394.3,data/processed/aligned/187-10.jpg
187-11.jpg,187,11,ok,1,0.9139,205.0 108.0 430.4 396.8,data/processed/aligned/187-11.jpg
187-12.jpg,187,12,ok,1,0.8966,207.1 98.8 433.0 391.0,data/processed/aligned/187-12.jpg
187-13.jpg,187,13,ok,1,0.9038,203.1 108.4 432.2 404.6,data/processed/aligned/187-13.jpg
187-14.jpg,187,14,ok,1,0.8795,207.7 114.4 435.7 412.0,data/processed/aligned/187-14.jpg
188-01.jpg,188,1,ok,1,0.8214,177.3 103.2 364.9 391.0,data/processed/aligned/188-01.jpg
188-02.jpg,188,2,ok,1,0.8383,205.7 99.2 404.6 399.4,data/processed/aligned/188-02.jpg
188-03.jpg,188,3,ok,1,0.8746,213.1 95.8 418.4 392.7,data/processed/aligned/188-03.jpg
188-04.jpg,188,4,ok,1,0.9043,219.4 99.0 425.7 394.0,data/processed/aligned/188-04.jpg
188-05.jpg,188,5,ok,1,0.865,237.9 90.7 443.5 381.1,data/processed/aligned/188-05.jpg
188-06.jpg,188,6,ok,1,0.8941,249.4 104.2 455.4 400.3,data/processed/aligned/188-06.jpg
188-07.jpg,188,7,ok,1,0.8583,242.9 93.2 443.0 390.4,data/processed/aligned/188-07.jpg
188-08.jpg,188,8,ok,1,0.8629,250.3 92.1 453.7 393.8,data/processed/aligned/188-08.jpg
188-09.jpg,188,9,ok,1,0.8517,261.8 92.9 457.3 391.9,data/processed/aligned/188-09.jpg
188-10.jpg,188,10,ok,1,0.8191,290.7 95.9 480.5 385.9,data/processed/aligned/188-10.jpg
188-11.jpg,188,11,ok,1,0.8716,219.1 92.4 424.6 392.0,data/processed/aligned/188-11.jpg
188-12.jpg,188,12,ok,1,0.9048,216.4 101.5 424.6 399.2,data/processed/aligned/188-12.jpg
188-13.jpg,188,13,ok,1,0.88,211.6 93.5 422.4 394.2,data/processed/aligned/188-13.jpg
188-14.jpg,188,14,ok,1,0.8626,211.1 94.8 422.1 395.8,data/processed/aligned/188-14.jpg
189-01.jpg,189,1,ok,1,0.7649,156.7 98.1 312.0 336.6,data/processed/aligned/189-01.jpg
189-02.jpg,189,2,ok,1,0.8324,189.2 105.4 356.4 343.7,data/processed/aligned/189-02.jpg
189-03.jpg,189,3,ok,1,0.8938,196.9 102.2 375.3 346.9,data/processed/aligned/189-03.jpg
189-04.jpg,189,4,ok,1,0.8881,204.7 106.6 382.8 350.4,data/processed/aligned/189-04.jpg
189-05.jpg,189,5,ok,1,0.897,228.2 102.0 410.1 349.5,data/processed/aligned/189-05.jpg
189-06.jpg,189,6,ok,1,0.8979,241.4 96.7 419.6 344.7,data/processed/aligned/189-06.jpg
189-07.jpg,189,7,ok,1,0.8839,263.0 97.8 437.6 343.1,data/processed/aligned/189-07.jpg
189-08.jpg,189,8,ok,1,0.8509,275.3 109.6 445.5 359.9,data/processed/aligned/189-08.jpg
189-09.jpg,189,9,ok,1,0.851,274.4 103.1 433.5 352.0,data/processed/aligned/189-09.jpg
189-10.jpg,189,10,ok,1,0.774,304.7 91.8 461.8 331.9,data/processed/aligned/189-10.jpg
189-11.jpg,189,11,ok,1,0.8796,242.1 110.3 420.6 352.5,data/processed/aligned/189-11.jpg
189-12.jpg,189,12,ok,1,0.8805,207.4 107.5 390.1 357.2,data/processed/aligned/189-12.jpg
189-13.jpg,189,13,ok,1,0.8758,223.5 112.6 406.2 351.9,data/processed/aligned/189-13.jpg
189-14.jpg,189,14,ok,1,0.8424,229.3 121.8 407.8 350.0,data/processed/aligned/189-14.jpg
19-01.jpg,19,1,ok,1,0.7775,187.9 124.8 355.8 361.2,data/processed/aligned/19-01.jpg
19-02.jpg,19,2,ok,1,0.8445,196.3 114.3 374.1 357.4,data/processed/aligned/19-02.jpg
19-03.jpg,19,3,ok,1,0.8575,184.0 108.9 366.9 358.8,data/processed/aligned/19-03.jpg
19-04.jpg,19,4,ok,1,0.8649,194.0 111.3 376.6 360.1,data/processed/aligned/19-04.jpg
19-05.jpg,19,5,ok,1,0.8593,195.4 111.4 384.8 367.7,data/processed/aligned/19-05.jpg
19-06.jpg,19,6,ok,1,0.8772,222.3 126.7 410.9 374.5,data/processed/aligned/19-06.jpg
19-07.jpg,19,7,ok,1,0.8466,223.6 118.1 411.3 367.0,data/processed/aligned/19-07.jpg
19-08.jpg,19,8,ok,1,0.8205,241.5 120.5 424.9 363.4,data/processed/aligned/19-08.jpg
19-09.jpg,19,9,ok,1,0.8259,247.1 132.5 430.5 366.2,data/processed/aligned/19-09.jpg
19-10.jpg,19,10,ok,1,0.7647,290.5 142.7 453.7 371.9,data/processed/aligned/19-10.jpg
19-11.jpg,19,11,ok,1,0.88,222.8 115.7 415.5 370.7,data/processed/aligned/19-11.jpg
19-12.jpg,19,12,ok,1,0.893,225.1 117.8 416.3 375.9,data/processed/aligned/19-12.jpg
19-13.jpg,19,13,ok,1,0.87,229.4 111.3 423.3 367.8,data/processed/aligned/19-13.jpg
19-14.jpg,19,14,ok,1,0.892,230.6 116.0 422.3 375.6,data/processed/aligned/19-14.jpg
190-01.jpg,190,1,ok,1,0.8808,161.7 63.5 336.4 327.2,data/processed/aligned/190-01.jpg
190-02.jpg,190,2,ok,1,0.8895,199.6 68.2 374.1 334.6,data/processed/aligned/190-02.jpg
190-03.jpg,190,3,ok,1,0.869,223.8 69.6 394.4 335.2,data/processed/aligned/190-03.jpg
190-04.jpg,190,4,ok,1,0.849,222.9 73.9 395.3 341.8,data/processed/aligned/190-04.jpg
190-05.jpg,190,5,ok,1,0.8913,223.1 74.5 399.3 347.4,data/processed/aligned/190-05.jpg
190-06.jpg,190,6,ok,1,0.8787,241.4 78.2 418.2 345.1,data/processed/aligned/190-06.jpg
190-07.jpg,190,7,ok,1,0.8692,252.8 71.7 432.2 334.2,data/processed/aligned/190-07.jpg
190-08.jpg,190,8,ok,1,0.8725,252.8 69.2 432.4 332.9,data/processed/aligned/190-08.jpg
190-09.jpg,190,9,ok,1,0.8813,262.2 66.4 439.6 323.2,data/processed/aligned/190-09.jpg
190-10.jpg,190,10,ok,1,0.8344,277.5 66.1 455.6 321.4,data/processed/aligned/190-10.jpg
190-11.jpg,190,11,ok,1,0.8719,229.2 68.6 411.5 344.9,data/processed/aligned/190-11.jpg
190-12.jpg,190,12,ok,1,0.8932,224.1 64.5 406.7 341.5,data/processed/aligned/190-12.jpg
190-13.jpg,190,13,ok,1,0.8892,228.3 67.8 409.3 339.2,data/processed/aligned/190-13.jpg
190-14.jpg,190,14,ok,1,0.8674,230.8 87.3 410.1 342.7,data/processed/aligned/190-14.jpg
191-01.jpg,191,1,ok,1,0.8223,159.2 62.3 342.0 347.5,data/processed/aligned/191-01.jpg
191-02.jpg,191,2,ok,1,0.8246,199.1 63.5 397.9 348.5,data/processed/aligned/191-02.jpg
191-03.jpg,191,3,ok,1,0.8848,176.7 63.2 392.7 372.0,data/processed/aligned/191-03.jpg
191-04.jpg,191,4,ok,1,0.8904,182.2 63.7 394.7 365.4,data/processed/aligned/191-04.jpg
191-05.jpg,191,5,ok,1,0.8796,207.5 61.2 421.5 365.3,data/processed/aligned/191-05.jpg
191-06.jpg,191,6,ok,1,0.8651,218.2 59.3 428.2 357.2,data/processed/aligned/191-06.jpg
191-07.jpg,191,7,ok,1,0.8824,233.9 65.7 442.6 371.2,data/processed/aligned/191-07.jpg
191-08.jpg,191,8,ok,1,0.871,255.4 60.9 462.3 365.9,data/processed/aligned/191-08.jpg
191-09.jpg,191,9,ok,1,0.8676,276.9 65.8 477.6 366.1,data/processed/aligned/191-09.jpg
191-10.jpg,191,10,ok,1,0.7958,303.0 66.8 492.9 357.9,data/processed/aligned/191-10.jpg
191-11.jpg,191,11,ok,1,0.8957,225.2 66.8 435.8 379.2,data/processed/aligned/191-11.jpg
191-12.jpg,191,12,ok,1,0.8923,225.4 69.1 436.0 383.5,data/processed/aligned/191-12.jpg
191-13.jpg,191,13,ok,1,0.8407,225.3 58.0 438.2 354.5,data/processed/aligned/191-13.jpg
191-14.jpg,191,14,ok,1,0.8757,216.6 62.4 432.0 371.5,data/processed/aligned/191-14.jpg
192-01.jpg,192,1,ok,1,0.8718,177.3 85.3 362.4 358.5,data/processed/aligned/192-01.jpg
192-02.jpg,192,2,ok,1,0.8734,213.7 85.4 400.1 356.2,data/processed/aligned/192-02.jpg
192-03.jpg,192,3,ok,1,0.909,223.5 82.2 416.2 360.1,data/processed/aligned/192-03.jpg
192-04.jpg,192,4,ok,1,0.9015,224.9 89.3 421.0 370.5,data/processed/aligned/192-04.jpg
192-05.jpg,192,5,ok,1,0.9077,244.4 84.3 443.2 364.1,data/processed/aligned/192-05.jpg
192-06.jpg,192,6,ok,1,0.8747,230.3 67.2 423.7 340.6,data/processed/aligned/192-06.jpg
192-07.jpg,192,7,ok,1,0.8623,242.5 64.6 433.5 344.9,data/processed/aligned/192-07.jpg
192-08.jpg,192,8,ok,1,0.8801,253.0 64.4 444.1 343.5,data/processed/aligned/192-08.jpg
192-09.jpg,192,9,ok,1,0.848,279.6 70.6 470.8 350.2,data/processed/aligned/192-09.jpg
192-10.jpg,192,10,ok,1,0.8197,299.9 77.2 487.0 352.3,data/processed/aligned/192-10.jpg
192-11.jpg,192,11,ok,1,0.8981,217.7 71.1 415.6 354.2,data/processed/aligned/192-11.jpg
192-12.jpg,192,12,ok,1,0.9114,216.0 72.6 414.8 360.4,data/processed/aligned/192-12.jpg
192-13.jpg,192,13,ok,1,0.8853,218.8 70.0 415.6 352.3,data/processed/aligned/192-13.jpg
192-14.jpg,192,14,ok,1,0.8623,221.6 64.1 417.4 346.0,data/processed/aligned/192-14.jpg
193-01.jpg,193,1,ok,1,0.8334,173.1 108.7 363.4 366.5,data/processed/aligned/193-01.jpg
193-02.jpg,193,2,ok,1,0.8474,215.9 113.4 406.1 370.9,data/processed/aligned/193-02.jpg
193-03.jpg,193,3,ok,1,0.8572,239.4 117.0 434.8 376.3,data/processed/aligned/193-03.jpg
193-04.jpg,193,4,ok,1,0.9043,234.1 119.9 431.3 385.2,data/processed/aligned/193-04.jpg
193-05.jpg,193,5,ok,1,0.9089,244.6 117.9 443.0 382.2,data/processed/aligned/193-05.jpg
193-06.jpg,193,6,ok,1,0.8874,233.0 113.2 432.3 375.1,data/processed/aligned/193-06.jpg
193-07.jpg,193,7,ok,1,0.8741,253.7 108.1 452.0 357.9,data/processed/aligned/193-07.jpg
193-08.jpg,193,8,ok,1,0.8489,238.3 104.8 431.5 359.6,data/processed/aligned/193-08.jpg
193-09.jpg,193,9,ok,1,0.8577,249.5 110.2 442.7 362.5,data/processed/aligned/193-09.jpg
193-10.jpg,193,10,ok,1,0.822,292.8 112.8 483.4 376.4,data/processed/aligned/193-10.jpg
193-11.jpg,193,11,ok,1,0.9085,220.4 115.4 417.5 379.8,data/processed/aligned/193-11.jpg
193-12.jpg,193,12,ok,1,0.894,219.2 105.9 417.5 380.5,data/processed/aligned/193-12.jpg
193-13.jpg,193,13,ok,1,0.8958,217.8 109.6 419.8 378.3,data/processed/aligned/193-13.jpg
193-14.jpg,193,14,ok,1,0.8951,228.5 97.4 426.9 351.9,data/processed/aligned/193-14.jpg
194-01.jpg,194,1,ok,1,0.8213,172.2 113.2 349.1 367.6,data/processed/aligned/194-01.jpg
194-02.jpg,194,2,ok,1,0.8596,199.2 110.8 384.6 364.4,data/processed/aligned/194-02.jpg
194-03.jpg,194,3,ok,1,0.876,222.4 109.3 414.1 362.0,data/processed/aligned/194-03.jpg
194-04.jpg,194,4,ok,1,0.8876,202.8 102.3 394.4 356.5,data/processed/aligned/194-04.jpg
194-05.jpg,194,5,ok,1,0.9001,216.8 101.0 411.0 350.1,data/processed/aligned/194-05.jpg
194-06.jpg,194,6,ok,1,0.8851,214.0 101.3 401.8 353.0,data/processed/aligned/194-06.jpg
194-07.jpg,194,7,ok,1,0.8729,227.3 105.8 415.5 348.9,data/processed/aligned/194-07.jpg
194-08.jpg,194,8,ok,1,0.8658,238.4 103.9 426.8 352.0,data/processed/aligned/194-08.jpg
194-09.jpg,194,9,ok,1,0.8444,242.5 103.0 429.9 352.0,data/processed/aligned/194-09.jpg
194-10.jpg,194,10,ok,1,0.815,296.8 110.0 472.2 348.4,data/processed/aligned/194-10.jpg
194-11.jpg,194,11,ok,1,0.8915,214.0 102.5 403.8 351.3,data/processed/aligned/194-11.jpg
194-12.jpg,194,12,ok,1,0.8659,207.6 105.9 399.9 362.1,data/processed/aligned/194-12.jpg
194-13.jpg,194,13,ok,1,0.8649,215.5 116.6 404.4 356.3,data/processed/aligned/194-13.jpg
194-14.jpg,194,14,ok,1,0.863,217.2 115.8 404.8 356.3,data/processed/aligned/194-14.jpg
195-01.jpg,195,1,ok,1,0.7508,174.2 137.3 318.6 398.3,data/processed/aligned/195-01.jpg
195-02.jpg,195,2,ok,1,0.8264,206.0 137.5 377.8 399.3,data/processed/aligned/195-02.jpg
195-03.jpg,195,3,ok,1,0.8744,238.4 135.0 417.7 394.2,data/processed/aligned/195-03.jpg
195-04.jpg,195,4,ok,1,0.8743,233.2 135.7 401.6 381.2,data/processed/aligned/195-04.jpg
195-05.jpg,195,5,ok,1,0.8919,241.6 132.7 411.7 378.3,data/processed/aligned/195-05.jpg
195-06.jpg,195,6,ok,1,0.8969,253.9 126.8 423.3 377.5,data/processed/aligned/195-06.jpg
195-07.jpg,195,7,ok,1,0.894,262.0 127.5 430.2 378.5,data/processed/aligned/195-07.jpg
195-08.jpg,195,8,ok,1,0.8883,265.1 130.8 433.2 382.5,data/processed/aligned/195-08.jpg
195-09.jpg,195,9,ok,1,0.8624,275.2 125.4 437.3 372.1,data/processed/aligned/195-09.jpg
195-10.jpg,195,10,ok,1,0.8213,308.8 129.5 472.8 383.0,data/processed/aligned/195-10.jpg
195-11.jpg,195,11,ok,1,0.9118,222.8 126.8 400.9 381.1,data/processed/aligned/195-11.jpg
195-12.jpg,195,12,ok,1,0.9204,230.2 129.6 407.4 388.4,data/processed/aligned/195-12.jpg
195-13.jpg,195,13,ok,1,0.9127,228.4 134.4 400.9 384.9,data/processed/aligned/195-13.jpg
195-14.jpg,195,14,ok,1,0.8969,229.4 135.2 402.3 381.8,data/processed/aligned/195-14.jpg
196-01.jpg,196,1,ok,1,0.8465,170.1 43.6 350.6 314.0,data/processed/aligned/196-01.jpg
196-02.jpg,196,2,ok,1,0.8874,184.1 53.0 372.5 327.4,data/processed/aligned/196-02.jpg
196-03.jpg,196,3,ok,1,0.905,223.6 44.1 412.2 319.9,data/processed/aligned/196-03.jpg
196-04.jpg,196,4,ok,1,0.8938,226.7 38.7 419.5 319.9,data/processed/aligned/196-04.jpg
196-05.jpg,196,5,ok,1,0.8871,234.4 37.8 425.6 319.8,data/processed/aligned/196-05.jpg
196-06.jpg,196,6,ok,1,0.9097,203.5 57.1 393.6 329.0,data/processed/aligned/196-06.jpg
196-07.jpg,196,7,ok,1,0.9004,232.4 53.6 422.2 335.7,data/processed/aligned/196-07.jpg
196-08.jpg,196,8,ok,1,0.8914,244.7 55.8 434.3 331.4,data/processed/aligned/196-08.jpg
196-09.jpg,196,9,ok,1,0.8774,257.8 53.9 444.6 320.8,data/processed/aligned/196-09.jpg
196-10.jpg,196,10,ok,1,0.8525,284.1 49.2 464.2 319.4,data/processed/aligned/196-10.jpg
196-11.jpg,196,11,ok,1,0.9057,213.1 56.1 406.2 334.9,data/processed/aligned/196-11.jpg
196-12.jpg,196,12,ok,1,0.8766,204.1 55.0 401.7 349.0,data/processed/aligned/196-12.jpg
196-13.jpg,196,13,ok,1,0.8755,239.1 56.4 433.4 343.7,data/processed/aligned/196-13.jpg
196-14.jpg,196,14,ok,1,0.8954,239.7 58.4 421.4 325.9,data/processed/aligned/196-14.jpg
197-01.jpg,197,1,ok,1,0.835,184.5 87.7 343.0 353.2,data/processed/aligned/197-01.jpg
197-02.jpg,197,2,ok,1,0.8717,203.7 96.6 365.8 363.2,data/processed/aligned/197-02.jpg
197-03.jpg,197,3,ok,1,0.8584,222.4 100.4 391.1 369.7,data/processed/aligned/197-03.jpg
197-04.jpg,197,4,ok,1,0.8822,225.1 101.5 398.3 372.9,data/processed/aligned/197-04.jpg
197-05.jpg,197,5,ok,1,0.8698,243.3 103.0 428.5 379.8,data/processed/aligned/197-05.jpg
197-06.jpg,197,6,ok,1,0.9068,257.4 110.0 446.5 385.5,data/processed/aligned/197-06.jpg
197-07.jpg,197,7,ok,1,0.8628,276.9 109.0 460.7 384.7,data/processed/aligned/197-07.jpg
197-08.jpg,197,8,ok,1,0.8481,275.2 109.8 453.8 386.2,data/processed/aligned/197-08.jpg
197-09.jpg,197,9,ok,1,0.8618,294.4 110.2 464.8 381.9,data/processed/aligned/197-09.jpg
197-10.jpg,197,10,ok,1,0.7496,321.7 106.5 469.9 358.3,data/processed/aligned/197-10.jpg
197-11.jpg,197,11,ok,1,0.8812,222.2 103.0 410.2 373.9,data/processed/aligned/197-11.jpg
197-12.jpg,197,12,ok,1,0.9158,221.5 105.2 415.6 389.4,data/processed/aligned/197-12.jpg
197-13.jpg,197,13,ok,1,0.8841,199.9 101.2 386.4 370.8,data/processed/aligned/197-13.jpg
197-14.jpg,197,14,ok,1,0.849,225.7 106.9 410.0 370.5,data/processed/aligned/197-14.jpg
198-01.jpg,198,1,ok,1,0.7881,172.9 87.8 330.5 336.2,data/processed/aligned/198-01.jpg
198-02.jpg,198,2,ok,1,0.8899,198.3 93.2 371.2 348.6,data/processed/aligned/198-02.jpg
198-03.jpg,198,3,ok,1,0.9013,199.1 93.7 375.7 350.7,data/processed/aligned/198-03.jpg
198-04.jpg,198,4,ok,1,0.9025,200.3 96.1 378.2 350.8,data/processed/aligned/198-04.jpg
198-05.jpg,198,5,ok,1,0.9,209.8 89.9 395.5 346.7,data/processed/aligned/198-05.jpg
198-06.jpg,198,6,ok,1,0.9055,223.1 99.7 406.9 352.0,data/processed/aligned/198-06.jpg
198-07.jpg,198,7,ok,1,0.8984,219.3 94.9 403.2 348.0,data/processed/aligned/198-07.jpg
198-08.jpg,198,8,ok,1,0.8959,251.1 99.3 434.3 355.1,data/processed/aligned/198-08.jpg
198-09.jpg,198,9,ok,1,0.8697,241.5 94.4 423.2 354.1,data/processed/aligned/198-09.jpg
198-10.jpg,198,10,ok,1,0.8455,287.0 100.8 456.9 357.4,data/processed/aligned/198-10.jpg
198-11.jpg,198,11,ok,1,0.9033,230.2 96.8 419.0 346.2,data/processed/aligned/198-11.jpg
198-12.jpg,198,12,ok,1,0.8967,235.8 105.0 426.6 362.1,data/processed/aligned/198-12.jpg
198-13.jpg,198,13,ok,1,0.9092,229.6 102.6 418.2 356.5,data/processed/aligned/198-13.jpg
198-14.jpg,198,14,ok,1,0.8838,239.1 107.6 425.5 357.9,data/processed/aligned/198-14.jpg
199-01.jpg,199,1,ok,1,0.8235,175.3 75.1 339.2 334.8,data/processed/aligned/199-01.jpg
199-02.jpg,199,2,ok,1,0.8767,200.6 69.9 374.7 335.4,data/processed/aligned/199-02.jpg
199-03.jpg,199,3,ok,1,0.8723,205.2 71.8 387.1 345.9,data/processed/aligned/199-03.jpg
199-04.jpg,199,4,ok,1,0.8621,206.6 70.3 390.7 344.2,data/processed/aligned/199-04.jpg
199-05.jpg,199,5,ok,1,0.8806,209.7 73.5 399.5 353.0,data/processed/aligned/199-05.jpg
199-06.jpg,199,6,ok,1,0.9064,236.4 76.3 422.2 355.3,data/processed/aligned/199-06.jpg
199-07.jpg,199,7,ok,1,0.9041,255.3 81.7 440.0 350.2,data/processed/aligned/199-07.jpg
199-08.jpg,199,8,ok,1,0.8796,255.9 73.5 440.4 344.3,data/processed/aligned/199-08.jpg
199-09.jpg,199,9,ok,1,0.8837,267.0 78.8 447.3 349.4,data/processed/aligned/199-09.jpg
199-10.jpg,199,10,ok,1,0.8018,291.3 75.2 451.4 340.5,data/processed/aligned/199-10.jpg
199-11.jpg,199,11,ok,1,0.9117,226.4 77.4 414.7 354.5,data/processed/aligned/199-11.jpg
199-12.jpg,199,12,ok,1,0.9171,227.8 74.5 415.9 353.1,data/processed/aligned/199-12.jpg
199-13.jpg,199,13,ok,2,0.9062,216.1 74.3 408.8 355.3,data/processed/aligned/199-13.jpg
199-14.jpg,199,14,ok,2,0.8993,225.7 75.2 417.7 353.2,data/processed/aligned/199-14.jpg
2-01.jpg,2,1,ok,1,0.8237,176.8 65.4 351.9 345.9,data/processed/aligned/2-01.jpg
2-02.jpg,2,2,ok,1,0.8676,197.1 66.6 371.3 344.3,data/processed/aligned/2-02.jpg
2-03.jpg,2,3,ok,1,0.8926,197.8 67.4 378.2 342.9,data/processed/aligned/2-03.jpg
2-04.jpg,2,4,ok,1,0.8844,210.2 65.4 389.9 341.5,data/processed/aligned/2-04.jpg
2-05.jpg,2,5,ok,1,0.8799,213.8 63.0 395.0 339.6,data/processed/aligned/2-05.jpg
2-06.jpg,2,6,ok,1,0.89,223.5 67.1 408.6 345.6,data/processed/aligned/2-06.jpg
2-07.jpg,2,7,ok,1,0.8657,244.8 67.1 432.4 351.7,data/processed/aligned/2-07.jpg
2-08.jpg,2,8,ok,1,0.8618,249.5 63.8 438.0 350.6,data/processed/aligned/2-08.jpg
2-09.jpg,2,9,ok,1,0.87,269.9 65.4 447.9 345.3,data/processed/aligned/2-09.jpg
2-10.jpg,2,10,ok,1,0.8231,280.0 60.1 448.6 338.0,data/processed/aligned/2-10.jpg
2-11.jpg,2,11,ok,1,0.8913,219.9 64.5 407.7 349.9,data/processed/aligned/2-11.jpg
2-12.jpg,2,12,ok,1,0.8984,223.7 64.2 408.5 347.1,data/processed/aligned/2-12.jpg
2-13.jpg,2,13,ok,1,0.9057,222.6 63.4 408.6 343.3,data/processed/aligned/2-13.jpg
2-14.jpg,2,14,ok,1,0.8829,226.0 68.5 410.8 345.9,data/processed/aligned/2-14.jpg
20-01.jpg,20,1,ok,1,0.8285,168.5 80.1 368.7 387.2,data/processed/aligned/20-01.jpg
20-02.jpg,20,2,ok,1,0.8717,203.0 85.5 396.8 370.6,data/processed/aligned/20-02.jpg
20-03.jpg,20,3,ok,1,0.8833,203.1 85.6 398.5 373.9,data/processed/aligned/20-03.jpg
20-04.jpg,20,4,ok,1,0.8751,207.9 85.2 409.6 380.2,data/processed/aligned/20-04.jpg
20-05.jpg,20,5,ok,1,0.8841,217.3 88.4 422.2 384.9,data/processed/aligned/20-05.jpg
20-06.jpg,20,6,ok,1,0.8768,213.7 89.3 416.3 386.6,data/processed/aligned/20-06.jpg
20-07.jpg,20,7,ok,1,0.8918,222.4 87.9 421.7 380.9,data/processed/aligned/20-07.jpg
20-08.jpg,20,8,ok,1,0.8462,234.7 93.1 429.9 384.9,data/processed/aligned/20-08.jpg
20-09.jpg,20,9,ok,1,0.8548,248.7 91.5 448.7 388.1,data/processed/aligned/20-09.jpg
20-10.jpg,20,10,ok,1,0.8021,272.6 94.8 468.1 391.2,data/processed/aligned/20-10.jpg
20-11.jpg,20,11,ok,1,0.8737,217.8 91.1 424.0 388.7,data/processed/aligned/20-11.jpg
20-12.jpg,20,12,ok,1,0.8982,215.1 90.1 421.4 395.1,data/processed/aligned/20-12.jpg
20-13.jpg,20,13,ok,1,0.8758,219.9 90.2 426.1 389.0,data/processed/aligned/20-13.jpg
20-14.jpg,20,14,ok,1,0.8922,217.9 91.8 425.1 394.9,data/processed/aligned/20-14.jpg
200-01.jpg,200,1,ok,1,0.8127,187.5 91.7 362.3 332.9,data/processed/aligned/200-01.jpg
200-02.jpg,200,2,ok,1,0.8686,214.4 99.4 394.4 346.0,data/processed/aligned/200-02.jpg
200-03.jpg,200,3,ok,1,0.8903,224.0 103.8 410.9 356.8,data/processed/aligned/200-03.jpg
200-04.jpg,200,4,ok,1,0.8654,214.7 110.6 403.6 363.0,data/processed/aligned/200-04.jpg
200-05.jpg,200,5,ok,1,0.8721,212.8 111.2 404.0 368.6,data/processed/aligned/200-05.jpg
200-06.jpg,200,6,ok,1,0.8885,229.1 113.6 416.1 368.6,data/processed/aligned/200-06.jpg
200-07.jpg,200,7,ok,1,0.8892,226.9 114.9 413.3 370.2,data/processed/aligned/200-07.jpg
200-08.jpg,200,8,ok,1,0.8586,240.0 112.6 423.8 368.9,data/processed/aligned/200-08.jpg
200-09.jpg,200,9,ok,1,0.8618,249.7 110.1 438.2 371.7,data/processed/aligned/200-09.jpg
200-10.jpg,200,10,ok,1,0.8699,288.7 101.3 468.1 356.9,data/processed/aligned/200-10.jpg
200-11.jpg,200,11,ok,1,0.877,223.1 111.4 410.8 367.1,data/processed/aligned/200-11.jpg
200-12.jpg,200,12,ok,1,0.8915,226.0 105.7 415.4 373.0,data/processed/aligned/200-12.jpg
200-13.jpg,200,13,ok,1,0.8949,230.4 108.8 417.4 363.8,data/processed/aligned/200-13.jpg
200-14.jpg,200,14,ok,1,0.8828,232.6 108.4 419.5 365.8,data/processed/aligned/200-14.jpg
21-01.jpg,21,1,ok,1,0.855,223.2 88.9 401.7 339.0,data/processed/aligned/21-01.jpg
21-02.jpg,21,2,ok,1,0.8823,221.7 92.9 402.2 341.8,data/processed/aligned/21-02.jpg
21-03.jpg,21,3,ok,1,0.9039,227.4 91.4 411.1 349.2,data/processed/aligned/21-03.jpg
21-04.jpg,21,4,ok,1,0.9036,226.8 96.2 409.6 352.8,data/processed/aligned/21-04.jpg
21-05.jpg,21,5,ok,1,0.9092,229.3 92.8 414.4 355.7,data/processed/aligned/21-05.jpg
21-06.jpg,21,6,ok,1,0.9037,234.4 94.0 418.5 355.1,data/processed/aligned/21-06.jpg
21-07.jpg,21,7,ok,1,0.886,234.2 91.9 417.4 347.0,data/processed/aligned/21-07.jpg
21-08.jpg,21,8,ok,1,0.8739,224.7 88.5 408.9 338.6,data/processed/aligned/21-08.jpg
21-09.jpg,21,9,ok,1,0.8379,242.7 89.2 421.0 336.1,data/processed/aligned/21-09.jpg
21-10.jpg,21,10,ok,1,0.8113,251.7 85.6 438.9 337.7,data/processed/aligned/21-10.jpg
21-11.jpg,21,11,ok,1,0.9119,220.2 97.7 402.5 357.4,data/processed/aligned/21-11.jpg
21-12.jpg,21,12,ok,1,0.9017,228.4 100.2 414.2 367.0,data/processed/aligned/21-12.jpg
21-13.jpg,21,13,ok,1,0.9002,224.0 97.2 414.0 370.1,data/processed/aligned/21-13.jpg
21-14.jpg,21,14,ok,1,0.892,224.1 97.4 415.3 372.2,data/processed/aligned/21-14.jpg
22-01.jpg,22,1,ok,1,0.8738,170.5 76.7 356.3 361.5,data/processed/aligned/22-01.jpg
22-02.jpg,22,2,ok,1,0.894,199.8 90.0 385.7 376.9,data/processed/aligned/22-02.jpg
22-03.jpg,22,3,ok,1,0.9078,229.9 77.2 417.6 365.9,data/processed/aligned/22-03.jpg
22-04.jpg,22,4,ok,1,0.9082,227.5 81.5 419.4 373.1,data/processed/aligned/22-04.jpg
22-05.jpg,22,5,ok,1,0.8888,230.0 63.7 437.3 377.9,data/processed/aligned/22-05.jpg
22-06.jpg,22,6,ok,1,0.8805,270.2 71.8 474.3 386.2,data/processed/aligned/22-06.jpg
22-07.jpg,22,7,ok,1,0.8839,272.0 74.5 473.2 377.0,data/processed/aligned/22-07.jpg
22-08.jpg,22,8,ok,1,0.8843,275.4 72.0 476.9 377.5,data/processed/aligned/22-08.jpg
22-09.jpg,22,9,ok,1,0.8636,305.3 79.4 507.9 380.7,data/processed/aligned/22-09.jpg
22-10.jpg,22,10,ok,1,0.8209,302.9 75.8 496.4 372.1,data/processed/aligned/22-10.jpg
22-11.jpg,22,11,ok,1,0.9111,229.3 71.3 423.8 368.8,data/processed/aligned/22-11.jpg
22-12.jpg,22,12,ok,1,0.8971,227.1 61.0 422.7 359.4,data/processed/aligned/22-12.jpg
22-13.jpg,22,13,ok,1,0.9131,225.8 70.4 425.1 368.5,data/processed/aligned/22-13.jpg
22-14.jpg,22,14,ok,1,0.9022,215.2 65.0 414.2 364.0,data/processed/aligned/22-14.jpg
23-01.jpg,23,1,ok,1,0.8524,205.7 49.4 397.5 337.4,data/processed/aligned/23-01.jpg
23-02.jpg,23,2,ok,1,0.8495,232.6 55.1 428.5 353.6,data/processed/aligned/23-02.jpg
23-03.jpg,23,3,ok,1,0.8348,235.5 58.1 435.7 362.7,data/processed/aligned/23-03.jpg
23-04.jpg,23,4,ok,1,0.8638,233.5 64.1 435.8 366.2,data/processed/aligned/23-04.jpg
23-05.jpg,23,5,ok,1,0.9036,254.4 74.9 456.1 380.6,data/processed/aligned/23-05.jpg
23-06.jpg,23,6,ok,1,0.9036,250.5 79.8 454.5 376.9,data/processed/aligned/23-06.jpg
23-07.jpg,23,7,ok,1,0.8905,243.8 82.7 446.1 376.0,data/processed/aligned/23-07.jpg
23-08.jpg,23,8,ok,1,0.8697,261.5 77.6 459.8 363.1,data/processed/aligned/23-08.jpg
23-09.jpg,23,9,ok,1,0.8748,257.5 82.4 455.5 365.0,data/processed/aligned/23-09.jpg
23-10.jpg,23,10,ok,1,0.833,288.4 78.1 479.6 349.3,data/processed/aligned/23-10.jpg
23-11.jpg,23,11,ok,1,0.8976,221.5 64.3 423.7 362.1,data/processed/aligned/23-11.jpg
23-12.jpg,23,12,ok,1,0.9144,225.2 76.9 426.4 379.0,data/processed/aligned/23-12.jpg
23-13.jpg,23,13,ok,1,0.8919,225.9 60.4 427.4 362.9,data/processed/aligned/23-13.jpg
23-14.jpg,23,14,ok,1,0.8705,231.6 58.5 433.8 363.8,data/processed/aligned/23-14.jpg
24-01.jpg,24,1,ok,1,0.86,191.9 86.2 380.7 357.0,data/processed/aligned/24-01.jpg
24-02.jpg,24,2,ok,1,0.8544,207.7 89.4 403.2 368.3,data/processed/aligned/24-02.jpg
24-03.jpg,24,3,ok,1,0.8899,215.2 92.1 415.5 368.1,data/processed/aligned/24-03.jpg
24-04.jpg,24,4,ok,1,0.882,221.6 94.5 420.2 375.7,data/processed/aligned/24-04.jpg
24-05.jpg,24,5,ok,1,0.8774,216.3 96.3 415.0 383.0,data/processed/aligned/24-05.jpg
24-06.jpg,24,6,ok,1,0.866,226.6 96.9 429.9 382.2,data/processed/aligned/24-06.jpg
24-07.jpg,24,7,ok,1,0.8457,239.7 98.5 440.4 383.3,data/processed/aligned/24-07.jpg
24-08.jpg,24,8,ok,1,0.854,252.6 95.4 454.2 386.2,data/processed/aligned/24-08.jpg
24-09.jpg,24,9,ok,1,0.8293,280.6 99.7 477.1 382.8,data/processed/aligned/24-09.jpg
24-10.jpg,24,10,ok,1,0.8408,329.4 81.8 516.6 360.6,data/processed/aligned/24-10.jpg
24-11.jpg,24,11,ok,1,0.91,224.7 90.8 428.7 364.8,data/processed/aligned/24-11.jpg
24-12.jpg,24,12,ok,1,0.866,227.7 95.7 432.1 381.6,data/processed/aligned/24-12.jpg
24-13.jpg,24,13,ok,1,0.8626,229.4 96.6 432.6 381.3,data/processed/aligned/24-13.jpg
24-14.jpg,24,14,ok,1,0.879,223.7 92.2 432.9 377.8,data/processed/aligned/24-14.jpg
25-01.jpg,25,1,ok,1,0.8675,146.0 96.1 334.2 355.2,data/processed/aligned/25-01.jpg
25-02.jpg,25,2,ok,1,0.8921,180.8 100.9 378.3 360.0,data/processed/aligned/25-02.jpg
25-03.jpg,25,3,ok,1,0.8896,185.4 100.9 387.5 368.0,data/processed/aligned/25-03.jpg
25-04.jpg,25,4,ok,1,0.8997,195.6 97.9 398.2 365.6,data/processed/aligned/25-04.jpg
25-05.jpg,25,5,ok,1,0.871,234.8 98.6 443.5 371.9,data/processed/aligned/25-05.jpg
25-06.jpg,25,6,ok,1,0.8598,221.3 100.7 427.5 377.8,data/processed/aligned/25-06.jpg
25-07.jpg,25,7,ok,1,0.855,245.9 103.9 451.9 376.8,data/processed/aligned/25-07.jpg
25-08.jpg,25,8,ok,1,0.859,226.9 103.2 425.9 372.2,data/processed/aligned/25-08.jpg
25-09.jpg,25,9,ok,1,0.8649,239.5 109.5 440.7 379.9,data/processed/aligned/25-09.jpg
25-10.jpg,25,10,ok,1,0.8039,298.4 106.9 488.2 376.0,data/processed/aligned/25-10.jpg
25-11.jpg,25,11,ok,1,0.9,240.1 119.4 446.7 383.4,data/processed/aligned/25-11.jpg
25-12.jpg,25,12,ok,1,0.8732,220.4 102.4 425.4 377.5,data/processed/aligned/25-12.jpg
25-13.jpg,25,13,ok,1,0.8792,217.9 104.5 423.8 371.6,data/processed/aligned/25-13.jpg
25-14.jpg,25,14,ok,1,0.88,220.5 101.8 423.6 370.6,data/processed/aligned/25-14.jpg
26-01.jpg,26,1,ok,1,0.8226,201.0 89.0 364.2 327.9,data/processed/aligned/26-01.jpg
26-02.jpg,26,2,ok,1,0.8619,218.1 89.5 398.6 331.1,data/processed/aligned/26-02.jpg
26-03.jpg,26,3,ok,1,0.8872,227.0 95.4 408.3 337.9,data/processed/aligned/26-03.jpg
26-04.jpg,26,4,ok,1,0.8797,228.7 90.4 409.7 333.6,data/processed/aligned/26-04.jpg
26-05.jpg,26,5,ok,1,0.8514,242.2 86.7 427.9 328.2,data/processed/aligned/26-05.jpg
26-06.jpg,26,6,ok,1,0.8761,257.8 83.3 444.1 331.1,data/processed/aligned/26-06.jpg
26-07.jpg,26,7,ok,1,0.882,254.7 84.2 439.6 334.3,data/processed/aligned/26-07.jpg
26-08.jpg,26,8,ok,1,0.8835,261.5 91.3 442.6 337.8,data/processed/aligned/26-08.jpg
26-09.jpg,26,9,ok,1,0.8551,272.3 88.1 447.8 333.7,data/processed/aligned/26-09.jpg
26-10.jpg,26,10,ok,1,0.808,302.4 87.1 463.7 329.6,data/processed/aligned/26-10.jpg
26-11.jpg,26,11,ok,1,0.8778,234.5 85.8 418.7 330.3,data/processed/aligned/26-11.jpg
26-12.jpg,26,12,ok,1,0.9069,236.1 90.4 420.1 343.2,data/processed/aligned/26-12.jpg
26-13.jpg,26,13,ok,1,0.8899,219.3 90.4 406.7 338.8,data/processed/aligned/26-13.jpg
26-14.jpg,26,14,ok,1,0.8704,233.0 87.3 416.9 333.4,data/processed/aligned/26-14.jpg
27-01.jpg,27,1,ok,1,0.8451,150.5 90.6 337.0 370.2,data/processed/aligned/27-01.jpg
27-02.jpg,27,2,ok,1,0.8547,180.4 98.6 375.7 372.9,data/processed/aligned/27-02.jpg
27-03.jpg,27,3,ok,1,0.8674,198.3 96.4 398.5 376.5,data/processed/aligned/27-03.jpg
27-04.jpg,27,4,ok,1,0.8475,201.7 98.6 402.8 378.5,data/processed/aligned/27-04.jpg
27-05.jpg,27,5,ok,1,0.9154,223.6 86.5 429.8 368.6,data/processed/aligned/27-05.jpg
27-06.jpg,27,6,ok,1,0.8802,228.2 95.5 436.4 375.8,data/processed/aligned/27-06.jpg
27-07.jpg,27,7,ok,1,0.878,247.1 96.2 454.2 378.6,data/processed/aligned/27-07.jpg
27-08.jpg,27,8,ok,1,0.8655,255.6 98.0 461.0 378.2,data/processed/aligned/27-08.jpg
27-09.jpg,27,9,ok,1,0.8638,282.4 108.7 485.7 387.7,data/processed/aligned/27-09.jpg
27-10.jpg,27,10,ok,1,0.8018,321.3 103.2 509.2 381.3,data/processed/aligned/27-10.jpg
27-11.jpg,27,11,ok,1,0.9084,209.1 89.5 419.1 368.3,data/processed/aligned/27-11.jpg
27-12.jpg,27,12,ok,1,0.8806,207.7 96.7 418.0 379.2,data/processed/aligned/27-12.jpg
27-13.jpg,27,13,ok,1,0.9154,217.3 87.2 426.2 367.9,data/processed/aligned/27-13.jpg
27-14.jpg,27,14,ok,1,0.898,217.9 81.9 429.7 363.0,data/processed/aligned/27-14.jpg
28-01.jpg,28,1,ok,1,0.8498,166.7 100.1 335.7 355.8,data/processed/aligned/28-01.jpg
28-02.jpg,28,2,ok,1,0.8876,167.5 91.2 342.6 354.5,data/processed/aligned/28-02.jpg
28-03.jpg,28,3,ok,1,0.8859,179.2 96.8 367.8 359.8,data/processed/aligned/28-03.jpg
28-04.jpg,28,4,ok,1,0.8989,178.7 95.9 374.4 361.0,data/processed/aligned/28-04.jpg
28-05.jpg,28,5,ok,1,0.9175,214.1 90.0 413.1 356.5,data/processed/aligned/28-05.jpg
28-06.jpg,28,6,ok,1,0.9053,217.4 87.1 414.7 367.3,data/processed/aligned/28-06.jpg
28-07.jpg,28,7,ok,1,0.8845,220.4 94.7 404.6 372.4,data/processed/aligned/28-07.jpg
28-08.jpg,28,8,ok,1,0.8949,229.8 88.7 406.7 365.9,data/processed/aligned/28-08.jpg
28-09.jpg,28,9,ok,1,0.8269,247.0 92.9 419.7 373.1,data/processed/aligned/28-09.jpg
28-10.jpg,28,10,ok,1,0.8391,273.2 91.6 438.3 363.7,data/processed/aligned/28-10.jpg
28-11.jpg,28,11,ok,1,0.857,230.5 103.6 434.0 374.3,data/processed/aligned/28-11.jpg
28-12.jpg,28,12,ok,1,0.8715,212.0 100.8 414.8 376.0,data/processed/aligned/28-12.jpg
28-13.jpg,28,13,ok,1,0.8602,230.5 102.3 432.6 374.9,data/processed/aligned/28-13.jpg
28-14.jpg,28,14,ok,1,0.8555,241.4 102.0 437.9 366.4,data/processed/aligned/28-14.jpg
29-01.jpg,29,1,ok,1,0.869,162.5 90.8 358.5 368.4,data/processed/aligned/29-01.jpg
29-02.jpg,29,2,ok,1,0.8744,180.5 86.7 386.2 374.3,data/processed/aligned/29-02.jpg
29-03.jpg,29,3,ok,1,0.8733,196.6 86.7 407.1 376.7,data/processed/aligned/29-03.jpg
29-04.jpg,29,4,ok,1,0.8704,196.0 90.3 407.1 377.8,data/processed/aligned/29-04.jpg
29-05.jpg,29,5,ok,1,0.9106,211.9 84.4 421.9 367.9,data/processed/aligned/29-05.jpg
29-06.jpg,29,6,ok,1,0.8807,228.3 89.8 439.4 368.7,data/processed/aligned/29-06.jpg
29-07.jpg,29,7,ok,1,0.8881,217.3 89.7 430.1 372.3,data/processed/aligned/29-07.jpg
29-08.jpg,29,8,ok,1,0.8728,225.1 92.3 435.7 371.1,data/processed/aligned/29-08.jpg
29-09.jpg,29,9,ok,1,0.8493,256.0 96.4 459.6 374.6,data/processed/aligned/29-09.jpg
29-10.jpg,29,10,ok,1,0.8241,304.2 100.1 500.2 357.3,data/processed/aligned/29-10.jpg
29-11.jpg,29,11,ok,1,0.8998,217.5 88.1 428.1 370.6,data/processed/aligned/29-11.jpg
29-12.jpg,29,12,ok,1,0.9149,214.7 86.0 426.1 366.3,data/processed/aligned/29-12.jpg
29-13.jpg,29,13,ok,1,0.9067,223.0 86.3 434.0 364.3,data/processed/aligned/29-13.jpg
29-14.jpg,29,14,ok,1,0.8955,228.7 80.9 438.0 358.7,data/processed/aligned/29-14.jpg
3-01.jpg,3,1,ok,1,0.8652,162.1 109.5 358.0 418.1,data/processed/aligned/3-01.jpg
3-02.jpg,3,2,ok,1,0.8844,192.2 113.1 400.3 413.7,data/processed/aligned/3-02.jpg
3-03.jpg,3,3,ok,1,0.8711,195.8 116.5 407.6 417.6,data/processed/aligned/3-03.jpg
3-04.jpg,3,4,ok,1,0.8731,198.6 108.5 412.9 414.5,data/processed/aligned/3-04.jpg
3-05.jpg,3,5,ok,1,0.9055,211.3 109.5 428.2 416.2,data/processed/aligned/3-05.jpg
3-06.jpg,3,6,ok,1,0.8802,223.5 111.7 440.6 415.7,data/processed/aligned/3-06.jpg
3-07.jpg,3,7,ok,1,0.8779,217.7 91.4 437.8 397.1,data/processed/aligned/3-07.jpg
3-08.jpg,3,8,ok,1,0.8649,228.5 91.8 449.8 398.6,data/processed/aligned/3-08.jpg
3-09.jpg,3,9,ok,1,0.8761,242.9 97.5 464.3 404.5,data/processed/aligned/3-09.jpg
3-10.jpg,3,10,ok,1,0.8675,278.2 114.7 480.9 411.8,data/processed/aligned/3-10.jpg
3-11.jpg,3,11,ok,1,0.8719,222.6 87.7 441.2 384.2,data/processed/aligned/3-11.jpg
3-12.jpg,3,12,ok,1,0.901,219.1 94.3 437.5 398.6,data/processed/aligned/3-12.jpg
3-13.jpg,3,13,ok,1,0.8999,219.6 92.1 441.7 400.6,data/processed/aligned/3-13.jpg
3-14.jpg,3,14,ok,1,0.8981,222.2 93.6 440.8 401.6,data/processed/aligned/3-14.jpg
30-01.jpg,30,1,ok,1,0.8074,204.6 86.0 395.0 395.9,data/processed/aligned/30-01.jpg
30-02.jpg,30,2,ok,1,0.8451,194.5 88.1 395.5 390.9,data/processed/aligned/30-02.jpg
30-03.jpg,30,3,ok,1,0.8441,207.6 91.3 416.7 384.7,data/processed/aligned/30-03.jpg
30-04.jpg,30,4,ok,1,0.8423,225.3 86.1 434.7 390.5,data/processed/aligned/30-04.jpg
30-05.jpg,30,5,ok,1,0.8599,215.3 90.5 433.6 388.3,data/processed/aligned/30-05.jpg
30-06.jpg,30,6,ok,1,0.8576,232.5 86.8 454.5 391.8,data/processed/aligned/30-06.jpg
30-07.jpg,30,7,ok,1,0.8654,246.0 83.0 465.9 392.0,data/processed/aligned/30-07.jpg
30-08.jpg,30,8,ok,1,0.8735,243.5 84.3 460.6 390.4,data/processed/aligned/30-08.jpg
30-09.jpg,30,9,ok,1,0.8747,242.3 79.8 461.2 391.0,data/processed/aligned/30-09.jpg
30-10.jpg,30,10,ok,1,0.8425,274.1 83.7 475.4 396.1,data/processed/aligned/30-10.jpg
30-11.jpg,30,11,ok,1,0.8763,211.7 87.9 433.7 388.3,data/processed/aligned/30-11.jpg
30-12.jpg,30,12,ok,1,0.8724,206.9 86.0 432.0 394.2,data/processed/aligned/30-12.jpg
30-13.jpg,30,13,ok,1,0.869,210.7 88.8 435.5 389.8,data/processed/aligned/30-13.jpg
30-14.jpg,30,14,ok,1,0.872,213.3 87.8 437.1 389.8,data/processed/aligned/30-14.jpg
31-01.jpg,31,1,ok,1,0.8358,172.7 110.2 356.5 406.5,data/processed/aligned/31-01.jpg
31-02.jpg,31,2,ok,1,0.8442,199.1 114.1 404.1 413.4,data/processed/aligned/31-02.jpg
31-03.jpg,31,3,ok,1,0.8751,222.3 92.3 433.5 404.0,data/processed/aligned/31-03.jpg
31-04.jpg,31,4,ok,1,0.8925,222.5 97.9 433.4 404.4,data/processed/aligned/31-04.jpg
31-05.jpg,31,5,ok,1,0.8605,211.7 125.3 421.6 419.2,data/processed/aligned/31-05.jpg
31-06.jpg,31,6,ok,1,0.8578,233.2 97.2 447.2 401.3,data/processed/aligned/31-06.jpg
31-07.jpg,31,7,ok,1,0.848,241.5 119.2 454.8 412.6,data/processed/aligned/31-07.jpg
31-08.jpg,31,8,ok,1,0.8133,245.4 117.4 459.4 414.3,data/processed/aligned/31-08.jpg
31-09.jpg,31,9,ok,1,0.8364,264.0 116.8 474.4 412.6,data/processed/aligned/31-09.jpg
31-10.jpg,31,10,ok,1,0.8227,313.7 110.1 498.7 404.3,data/processed/aligned/31-10.jpg
31-11.jpg,31,11,ok,1,0.857,206.8 125.3 414.1 422.2,data/processed/aligned/31-11.jpg
31-12.jpg,31,12,ok,1,0.8664,208.7 120.5 416.2 417.1,data/processed/aligned/31-12.jpg
31-13.jpg,31,13,ok,1,0.8722,208.3 120.7 415.2 414.5,data/processed/aligned/31-13.jpg
31-14.jpg,31,14,ok,1,0.8606,208.0 119.3 410.9 416.1,data/processed/aligned/31-14.jpg
32-01.jpg,32,1,ok,1,0.8365,172.6 99.9 360.1 389.5,data/processed/aligned/32-01.jpg
32-02.jpg,32,2,ok,1,0.8772,210.8 108.3 398.9 396.6,data/processed/aligned/32-02.jpg
32-03.jpg,32,3,ok,1,0.9078,225.3 100.9 415.8 395.0,data/processed/aligned/32-03.jpg
32-04.jpg,32,4,ok,1,0.8716,217.7 97.5 409.8 381.8,data/processed/aligned/32-04.jpg
32-05.jpg,32,5,ok,1,0.8845,228.6 98.9 420.7 383.8,data/processed/aligned/32-05.jpg
32-06.jpg,32,6,ok,1,0.8889,225.8 97.4 416.5 385.9,data/processed/aligned/32-06.jpg
32-07.jpg,32,7,ok,1,0.8817,247.3 98.3 439.6 390.6,data/processed/aligned/32-07.jpg
32-08.jpg,32,8,ok,1,0.8352,242.1 95.2 432.7 383.0,data/processed/aligned/32-08.jpg
32-09.jpg,32,9,ok,1,0.8532,249.6 95.7 439.5 386.0,data/processed/aligned/32-09.jpg
32-10.jpg,32,10,ok,1,0.8511,289.4 93.7 469.5 380.0,data/processed/aligned/32-10.jpg
32-11.jpg,32,11,ok,1,0.8905,227.5 92.8 421.4 382.8,data/processed/aligned/32-11.jpg
32-12.jpg,32,12,ok,1,0.8882,222.8 91.5 416.6 388.2,data/processed/aligned/32-12.jpg
32-13.jpg,32,13,ok,1,0.9018,225.4 98.3 417.2 392.2,data/processed/aligned/32-13.jpg
32-14.jpg,32,14,ok,1,0.9077,225.8 99.7 418.0 394.0,data/processed/aligned/32-14.jpg
33-01.jpg,33,1,ok,1,0.8509,168.5 95.6 361.8 398.3,data/processed/aligned/33-01.jpg
33-02.jpg,33,2,ok,1,0.8573,205.1 98.4 406.0 404.4,data/processed/aligned/33-02.jpg
33-03.jpg,33,3,ok,1,0.8763,206.7 107.6 421.0 419.4,data/processed/aligned/33-03.jpg
33-04.jpg,33,4,ok,1,0.8661,198.2 108.7 408.0 420.3,data/processed/aligned/33-04.jpg
33-05.jpg,33,5,ok,1,0.8696,207.9 115.6 423.4 424.2,data/processed/aligned/33-05.jpg
33-06.jpg,33,6,ok,1,0.8751,220.5 110.2 436.2 422.1,data/processed/aligned/33-06.jpg
33-07.jpg,33,7,ok,1,0.882,221.4 101.4 430.3 419.8,data/processed/aligned/33-07.jpg
33-08.jpg,33,8,ok,1,0.8632,230.7 98.5 434.9 414.1,data/processed/aligned/33-08.jpg
33-09.jpg,33,9,ok,1,0.8722,259.3 99.9 461.7 415.0,data/processed/aligned/33-09.jpg
33-10.jpg,33,10,ok,1,0.8061,296.4 88.9 487.9 395.5,data/processed/aligned/33-10.jpg
33-11.jpg,33,11,ok,1,0.913,214.1 101.7 427.5 407.4,data/processed/aligned/33-11.jpg
33-12.jpg,33,12,ok,1,0.904,207.3 105.6 421.5 414.9,data/processed/aligned/33-12.jpg
33-13.jpg,33,13,ok,1,0.9072,214.3 94.1 427.0 404.0,data/processed/aligned/33-13.jpg
33-14.jpg,33,14,ok,1,0.9054,209.7 98.6 422.2 405.5,data/processed/aligned/33-14.jpg
34-01.jpg,34,1,ok,1,0.7741,172.4 83.6 370.6 384.9,data/processed/aligned/34-01.jpg
34-02.jpg,34,2,ok,1,0.8687,214.6 68.7 402.6 374.7,data/processed/aligned/34-02.jpg
34-03.jpg,34,3,ok,1,0.8821,202.0 71.9 394.2 387.8,data/processed/aligned/34-03.jpg
34-04.jpg,34,4,ok,1,0.8935,201.9 73.3 395.1 385.0,data/processed/aligned/34-04.jpg
34-05.jpg,34,5,ok,1,0.8852,232.2 77.8 424.0 388.4,data/processed/aligned/34-05.jpg
34-06.jpg,34,6,ok,1,0.8744,238.4 81.9 425.4 385.2,data/processed/aligned/34-06.jpg
34-07.jpg,34,7,ok,1,0.8608,252.0 59.3 441.2 355.2,data/processed/aligned/34-07.jpg
34-08.jpg,34,8,ok,1,0.8801,259.1 70.0 449.3 368.5,data/processed/aligned/34-08.jpg
34-09.jpg,34,9,ok,1,0.8529,272.0 77.2 461.8 367.5,data/processed/aligned/34-09.jpg
34-10.jpg,34,10,ok,1,0.8288,289.9 81.6 486.1 361.0,data/processed/aligned/34-10.jpg
34-11.jpg,34,11,ok,1,0.9013,220.3 76.6 407.4 378.1,data/processed/aligned/34-11.jpg
34-12.jpg,34,12,ok,1,0.8981,222.8 79.2 408.9 383.8,data/processed/aligned/34-12.jpg
34-13.jpg,34,13,ok,1,0.8748,230.8 57.2 420.7 363.8,data/processed/aligned/34-13.jpg
34-14.jpg,34,14,ok,1,0.8726,212.3 58.0 402.7 370.3,data/processed/aligned/34-14.jpg
35-01.jpg,35,1,ok,1,0.8311,140.2 107.6 344.6 402.1,data/processed/aligned/35-01.jpg
35-02.jpg,35,2,ok,1,0.8597,176.4 98.0 388.1 392.7,data/processed/aligned/35-02.jpg
35-03.jpg,35,3,ok,1,0.872,177.0 98.8 394.3 391.4,data/processed/aligned/35-03.jpg
35-04.jpg,35,4,ok,1,0.9052,187.4 111.4 405.0 404.8,data/processed/aligned/35-04.jpg
35-05.jpg,35,5,ok,1,0.9014,203.7 100.0 423.1 397.4,data/processed/aligned/35-05.jpg
35-06.jpg,35,6,ok,1,0.9036,211.7 103.3 430.1 396.3,data/processed/aligned/35-06.jpg
35-07.jpg,35,7,ok,1,0.8912,214.5 111.1 433.8 409.2,data/processed/aligned/35-07.jpg
35-08.jpg,35,8,ok,1,0.8708,231.2 117.3 449.6 411.8,data/processed/aligned/35-08.jpg
35-09.jpg,35,9,ok,1,0.816,249.2 126.1 463.2 419.4,data/processed/aligned/35-09.jpg
35-10.jpg,35,10,ok,1,0.7894,295.4 122.9 501.6 417.4,data/processed/aligned/35-10.jpg
35-11.jpg,35,11,ok,1,0.8945,199.9 102.3 422.8 401.5,data/processed/aligned/35-11.jpg
35-12.jpg,35,12,ok,1,0.903,213.5 97.4 430.7 394.7,data/processed/aligned/35-12.jpg
35-13.jpg,35,13,ok,1,0.8849,213.7 97.4 427.8 385.8,data/processed/aligned/35-13.jpg
35-14.jpg,35,14,ok,1,0.8952,218.8 100.4 433.7 390.0,data/processed/aligned/35-14.jpg
36-01.jpg,36,1,ok,1,0.8571,167.7 118.2 345.6 373.6,data/processed/aligned/36-01.jpg
36-02.jpg,36,2,ok,1,0.8537,202.8 111.2 383.8 366.9,data/processed/aligned/36-02.jpg
36-03.jpg,36,3,ok,1,0.859,218.6 115.2 401.9 368.8,data/processed/aligned/36-03.jpg
36-04.jpg,36,4,ok,1,0.871,218.2 113.7 404.2 369.1,data/processed/aligned/36-04.jpg
36-05.jpg,36,5,ok,1,0.8872,233.7 116.8 420.9 367.2,data/processed/aligned/36-05.jpg
36-06.jpg,36,6,ok,1,0.88,236.6 108.5 422.3 365.0,data/processed/aligned/36-06.jpg
36-07.jpg,36,7,ok,1,0.8598,249.3 115.6 433.5 367.0,data/processed/aligned/36-07.jpg
36-08.jpg,36,8,ok,1,0.8582,257.6 118.2 440.4 370.1,data/processed/aligned/36-08.jpg
36-09.jpg,36,9,ok,1,0.8575,283.8 122.7 465.5 372.7,data/processed/aligned/36-09.jpg
36-10.jpg,36,10,ok,1,0.7709,321.3 117.4 485.1 366.2,data/processed/aligned/36-10.jpg
36-11.jpg,36,11,ok,1,0.9007,228.5 104.0 410.8 353.4,data/processed/aligned/36-11.jpg
36-12.jpg,36,12,ok,1,0.889,228.8 109.4 415.0 366.6,data/processed/aligned/36-12.jpg
36-13.jpg,36,13,ok,1,0.8943,228.5 108.7 413.9 358.7,data/processed/aligned/36-13.jpg
36-14.jpg,36,14,ok,1,0.8789,235.4 104.7 418.2 355.7,data/processed/aligned/36-14.jpg
37-01.jpg,37,1,ok,1,0.7658,214.1 71.7 369.4 295.5,data/processed/aligned/37-01.jpg
37-02.jpg,37,2,ok,1,0.8485,227.5 76.9 391.8 311.5,data/processed/aligned/37-02.jpg
37-03.jpg,37,3,ok,1,0.8718,227.2 77.0 396.7 314.3,data/processed/aligned/37-03.jpg
37-04.jpg,37,4,ok,1,0.8751,230.3 80.4 399.7 316.9,data/processed/aligned/37-04.jpg
37-05.jpg,37,5,ok,1,0.883,243.5 78.7 414.3 319.2,data/processed/aligned/37-05.jpg
37-06.jpg,37,6,ok,1,0.887,255.5 82.7 428.5 320.7,data/processed/aligned/37-06.jpg
37-07.jpg,37,7,ok,1,0.8659,262.6 84.9 437.4 321.7,data/processed/aligned/37-07.jpg
37-08.jpg,37,8,ok,1,0.8541,269.5 83.5 445.4 322.2,data/processed/aligned/37-08.jpg
37-09.jpg,37,9,ok,1,0.8407,273.8 83.4 445.1 315.6,data/processed/aligned/37-09.jpg
37-10.jpg,37,10,ok,1,0.7835,304.6 78.6 463.6 304.5,data/processed/aligned/37-10.jpg
37-11.jpg,37,11,ok,1,0.8812,235.4 82.5 413.1 329.1,data/processed/aligned/37-11.jpg
37-12.jpg,37,12,ok,1,0.8869,237.9 80.8 415.4 327.7,data/processed/aligned/37-12.jpg
37-13.jpg,37,13,ok,1,0.8821,235.2 80.4 413.6 322.0,data/processed/aligned/37-13.jpg
37-14.jpg,37,14,no_face,0,,,
38-01.jpg,38,1,ok,1,0.7555,140.7 140.5 334.1 402.4,data/processed/aligned/38-01.jpg
38-02.jpg,38,2,ok,1,0.8355,184.0 134.0 391.2 408.2,data/processed/aligned/38-02.jpg
38-03.jpg,38,3,ok,1,0.836,201.1 136.3 411.0 402.3,data/processed/aligned/38-03.jpg
38-04.jpg,38,4,ok,1,0.8609,207.3 137.6 420.1 404.8,data/processed/aligned/38-04.jpg
38-05.jpg,38,5,ok,1,0.8683,217.8 135.3 435.2 402.7,data/processed/aligned/38-05.jpg
38-06.jpg,38,6,ok,1,0.884,235.7 122.8 449.1 395.2,data/processed/aligned/38-06.jpg
38-07.jpg,38,7,ok,1,0.8367,253.2 136.0 460.8 401.8,data/processed/aligned/38-07.jpg
38-08.jpg,38,8,ok,1,0.8321,260.6 133.0 468.6 400.5,data/processed/aligned/38-08.jpg
38-09.jpg,38,9,ok,1,0.8323,272.4 143.0 479.1 408.8,data/processed/aligned/38-09.jpg
38-10.jpg,38,10,ok,1,0.7822,316.6 135.0 505.2 407.0,data/processed/aligned/38-10.jpg
38-11.jpg,38,11,ok,1,0.8667,222.3 140.5 446.4 419.1,data/processed/aligned/38-11.jpg
38-12.jpg,38,12,ok,1,0.8535,224.6 134.3 449.3 402.8,data/processed/aligned/38-12.jpg
38-13.jpg,38,13,ok,1,0.8334,219.6 134.6 442.8 412.7,data/processed/aligned/38-13.jpg
38-14.jpg,38,14,no_face,0,,,
39-01.jpg,39,1,ok,1,0.7,202.5 95.9 341.0 335.5,data/processed/aligned/39-01.jpg
39-02.jpg,39,2,ok,1,0.8486,203.6 103.8 362.9 338.5,data/processed/aligned/39-02.jpg
39-03.jpg,39,3,ok,1,0.8812,208.0 98.5 377.1 339.3,data/processed/aligned/39-03.jpg
39-04.jpg,39,4,ok,1,0.8827,209.5 101.6 381.0 341.7,data/processed/aligned/39-04.jpg
39-05.jpg,39,5,ok,1,0.8735,233.2 90.0 402.5 322.1,data/processed/aligned/39-05.jpg
39-06.jpg,39,6,ok,1,0.8824,226.7 103.5 399.0 336.3,data/processed/aligned/39-06.jpg
39-07.jpg,39,7,ok,1,0.8765,244.7 101.0 418.1 336.8,data/processed/aligned/39-07.jpg
39-08.jpg,39,8,ok,1,0.8693,252.6 100.1 428.9 335.3,data/processed/aligned/39-08.jpg
39-09.jpg,39,9,ok,1,0.868,259.5 101.8 433.3 338.8,data/processed/aligned/39-09.jpg
39-10.jpg,39,10,ok,1,0.7415,304.2 92.9 453.3 321.9,data/processed/aligned/39-10.jpg
39-11.jpg,39,11,ok,1,0.8744,232.2 102.1 404.8 332.2,data/processed/aligned/39-11.jpg
39-12.jpg,39,12,ok,1,0.8938,231.2 98.6 406.8 337.5,data/processed/aligned/39-12.jpg
39-13.jpg,39,13,ok,1,0.859,257.5 93.4 427.4 320.7,data/processed/aligned/39-13.jpg
39-14.jpg,39,14,ok,1,0.8541,246.2 92.5 415.2 323.9,data/processed/aligned/39-14.jpg
4-01.jpg,4,1,ok,1,0.8325,179.1 53.1 366.8 348.2,data/processed/aligned/4-01.jpg
4-02.jpg,4,2,ok,1,0.832,218.9 62.4 412.5 354.9,data/processed/aligned/4-02.jpg
4-03.jpg,4,3,ok,1,0.8214,206.5 62.7 406.4 357.7,data/processed/aligned/4-03.jpg
4-04.jpg,4,4,ok,1,0.8453,202.3 58.0 401.8 359.3,data/processed/aligned/4-04.jpg
4-05.jpg,4,5,ok,1,0.895,229.6 62.4 430.0 363.1,data/processed/aligned/4-05.jpg
4-06.jpg,4,6,ok,1,0.8709,225.8 57.6 422.7 356.1,data/processed/aligned/4-06.jpg
4-07.jpg,4,7,ok,1,0.8692,247.4 60.7 442.6 358.9,data/processed/aligned/4-07.jpg
4-08.jpg,4,8,ok,1,0.8681,258.5 59.8 455.2 360.6,data/processed/aligned/4-08.jpg
4-09.jpg,4,9,ok,1,0.8504,266.1 67.7 459.4 364.3,data/processed/aligned/4-09.jpg
4-10.jpg,4,10,ok,1,0.784,304.5 59.8 487.8 360.9,data/processed/aligned/4-10.jpg
4-11.jpg,4,11,ok,1,0.8792,220.8 59.2 421.5 356.5,data/processed/aligned/4-11.jpg
4-12.jpg,4,12,ok,1,0.8856,219.0 60.5 419.6 358.2,data/processed/aligned/4-12.jpg
4-13.jpg,4,13,ok,1,0.8802,218.2 60.0 419.4 355.5,data/processed/aligned/4-13.jpg
4-14.jpg,4,14,ok,1,0.8867,223.5 56.1 421.9 346.9,data/processed/aligned/4-14.jpg
40-01.jpg,40,1,ok,1,0.797,143.4 129.1 308.3 371.4,data/processed/aligned/40-01.jpg
40-02.jpg,40,2,ok,1,0.8405,194.0 112.9 375.8 374.8,data/processed/aligned/40-02.jpg
40-03.jpg,40,3,ok,1,0.8393,208.7 111.3 394.5 374.5,data/processed/aligned/40-03.jpg
40-04.jpg,40,4,ok,1,0.8604,224.1 107.3 411.4 374.3,data/processed/aligned/40-04.jpg
40-05.jpg,40,5,ok,1,0.8902,237.9 98.6 425.2 363.0,data/processed/aligned/40-05.jpg
40-06.jpg,40,6,ok,1,0.8866,236.3 110.4 424.2 376.6,data/processed/aligned/40-06.jpg
40-07.jpg,40,7,ok,1,0.854,257.2 116.0 446.4 373.4,data/processed/aligned/40-07.jpg
40-08.jpg,40,8,ok,1,0.8065,273.1 116.1 458.3 370.8,data/processed/aligned/40-08.jpg
40-09.jpg,40,9,ok,1,0.8177,296.7 119.1 479.4 369.4,data/processed/aligned/40-09.jpg
40-10.jpg,40,10,ok,1,0.7686,309.6 125.1 475.2 368.3,data/processed/aligned/40-10.jpg
40-11.jpg,40,11,ok,1,0.894,228.2 117.2 416.9 380.0,data/processed/aligned/40-11.jpg
40-12.jpg,40,12,ok,1,0.908,224.7 114.6 412.0 383.6,data/processed/aligned/40-12.jpg
40-13.jpg,40,13,ok,1,0.8961,237.1 128.9 422.8 380.5,data/processed/aligned/40-13.jpg
40-14.jpg,40,14,ok,1,0.8783,235.0 110.4 421.8 373.5,data/processed/aligned/40-14.jpg
41-01.jpg,41,1,ok,1,0.8717,181.1 84.4 353.5 356.0,data/processed/aligned/41-01.jpg
41-02.jpg,41,2,ok,1,0.8724,213.5 90.1 404.6 353.4,data/processed/aligned/41-02.jpg
41-03.jpg,41,3,ok,1,0.898,195.0 100.5 388.9 366.0,data/processed/aligned/41-03.jpg
41-04.jpg,41,4,ok,1,0.9068,197.7 97.3 392.5 360.5,data/processed/aligned/41-04.jpg
41-05.jpg,41,5,ok,1,0.8885,204.2 81.5 407.3 351.9,data/processed/aligned/41-05.jpg
41-06.jpg,41,6,ok,1,0.8957,242.7 90.7 435.3 356.1,data/processed/aligned/41-06.jpg
41-07.jpg,41,7,ok,1,0.8833,269.3 90.0 468.5 361.2,data/processed/aligned/41-07.jpg
41-08.jpg,41,8,ok,1,0.8968,254.2 82.7 448.0 349.1,data/processed/aligned/41-08.jpg
41-09.jpg,41,9,ok,1,0.8955,255.2 85.2 447.7 350.9,data/processed/aligned/41-09.jpg
41-10.jpg,41,10,ok,1,0.8232,305.7 96.9 483.8 354.3,data/processed/aligned/41-10.jpg
41-11.jpg,41,11,ok,1,0.9131,227.6 91.6 421.1 354.6,data/processed/aligned/41-11.jpg
41-12.jpg,41,12,ok,1,0.9032,246.0 72.2 439.4 346.0,data/processed/aligned/41-12.jpg
41-13.jpg,41,13,ok,1,0.9116,227.6 75.3 425.2 349.9,data/processed/aligned/41-13.jpg
41-14.jpg,41,14,ok,1,0.9148,220.0 81.1 417.6 351.7,data/processed/aligned/41-14.jpg
42-01.jpg,42,1,ok,1,0.8289,140.9 127.8 326.6 405.8,data/processed/aligned/42-01.jpg
42-02.jpg,42,2,ok,1,0.8844,182.5 98.3 387.7 391.4,data/processed/aligned/42-02.jpg
42-03.jpg,42,3,ok,1,0.8902,197.3 108.5 408.7 408.0,data/processed/aligned/42-03.jpg
42-04.jpg,42,4,ok,1,0.8934,190.9 115.3 402.7 412.2,data/processed/aligned/42-04.jpg
42-05.jpg,42,5,ok,1,0.9118,208.4 104.8 425.2 410.0,data/processed/aligned/42-05.jpg
42-06.jpg,42,6,ok,1,0.8207,228.3 120.1 444.4 425.2,data/processed/aligned/42-06.jpg
42-07.jpg,42,7,ok,1,0.8905,236.7 111.7 452.7 412.3,data/processed/aligned/42-07.jpg
42-08.jpg,42,8,ok,1,0.8769,249.1 114.7 463.8 414.1,data/processed/aligned/42-08.jpg
42-09.jpg,42,9,ok,1,0.8197,257.6 118.4 467.6 415.0,data/processed/aligned/42-09.jpg
42-10.jpg,42,10,ok,1,0.8228,333.5 122.4 513.7 405.7,data/processed/aligned/42-10.jpg
42-11.jpg,42,11,ok,1,0.8644,212.3 116.5 431.3 428.4,data/processed/aligned/42-11.jpg
42-12.jpg,42,12,ok,1,0.872,209.0 117.1 432.2 427.8,data/processed/aligned/42-12.jpg
42-13.jpg,42,13,ok,1,0.8789,215.0 119.7 427.4 419.1,data/processed/aligned/42-13.jpg
42-14.jpg,42,14,ok,1,0.9055,219.1 117.6 429.7 410.3,data/processed/aligned/42-14.jpg
43-01.jpg,43,1,ok,1,0.8394,167.8 97.3 328.8 342.1,data/processed/aligned/43-01.jpg
43-02.jpg,43,2,ok,1,0.8614,186.2 96.1 356.3 335.4,data/processed/aligned/43-02.jpg
43-03.jpg,43,3,ok,1,0.883,197.2 98.9 368.1 341.6,data/processed/aligned/43-03.jpg
43-04.jpg,43,4,ok,1,0.8852,231.8 96.5 402.7 335.2,data/processed/aligned/43-04.jpg
43-05.jpg,43,5,ok,1,0.8892,252.0 107.1 428.5 338.6,data/processed/aligned/43-05.jpg
43-06.jpg,43,6,ok,1,0.8887,249.7 109.8 429.8 346.2,data/processed/aligned/43-06.jpg
43-07.jpg,43,7,ok,1,0.8794,253.4 102.0 425.5 342.2,data/processed/aligned/43-07.jpg
43-08.jpg,43,8,ok,1,0.8814,258.7 100.7 433.8 341.4,data/processed/aligned/43-08.jpg
43-09.jpg,43,9,ok,1,0.8398,276.5 97.2 447.3 333.4,data/processed/aligned/43-09.jpg
43-10.jpg,43,10,ok,1,0.7726,304.1 99.7 465.1 328.6,data/processed/aligned/43-10.jpg
43-11.jpg,43,11,ok,1,0.8747,237.6 94.6 416.5 330.0,data/processed/aligned/43-11.jpg
43-12.jpg,43,12,ok,1,0.8898,234.9 91.0 414.0 331.9,data/processed/aligned/43-12.jpg
43-13.jpg,43,13,ok,1,0.8626,239.4 89.3 418.2 325.7,data/processed/aligned/43-13.jpg
43-14.jpg,43,14,ok,1,0.8757,239.6 93.1 417.4 329.6,data/processed/aligned/43-14.jpg
44-01.jpg,44,1,ok,1,0.8449,182.7 91.9 360.2 369.6,data/processed/aligned/44-01.jpg
44-02.jpg,44,2,ok,1,0.856,192.6 98.8 375.7 375.0,data/processed/aligned/44-02.jpg
44-03.jpg,44,3,ok,1,0.8612,208.9 96.5 395.3 371.2,data/processed/aligned/44-03.jpg
44-04.jpg,44,4,ok,1,0.8826,222.0 97.0 410.5 373.1,data/processed/aligned/44-04.jpg
44-05.jpg,44,5,ok,1,0.8885,233.8 94.4 424.0 378.2,data/processed/aligned/44-05.jpg
44-06.jpg,44,6,ok,1,0.9012,223.8 90.0 414.5 372.8,data/processed/aligned/44-06.jpg
44-07.jpg,44,7,ok,1,0.9044,236.6 79.9 423.6 362.5,data/processed/aligned/44-07.jpg
44-08.jpg,44,8,ok,1,0.8677,242.4 88.4 429.2 376.4,data/processed/aligned/44-08.jpg
44-09.jpg,44,9,ok,1,0.8905,263.1 84.9 452.0 359.4,data/processed/aligned/44-09.jpg
44-10.jpg,44,10,ok,1,0.8559,301.9 93.5 481.8 355.3,data/processed/aligned/44-10.jpg
44-11.jpg,44,11,ok,1,0.9119,228.2 86.7 417.5 362.9,data/processed/aligned/44-11.jpg
44-12.jpg,44,12,ok,1,0.904,237.0 92.2 423.2 371.1,data/processed/aligned/44-12.jpg
44-13.jpg,44,13,ok,1,0.9038,217.6 82.7 403.9 353.3,data/processed/aligned/44-13.jpg
44-14.jpg,44,14,ok,1,0.882,205.2 96.0 392.4 378.4,data/processed/aligned/44-14.jpg
45-01.jpg,45,1,ok,1,0.8746,172.2 117.0 348.4 387.9,data/processed/aligned/45-01.jpg
45-02.jpg,45,2,ok,1,0.8833,222.2 116.5 411.5 383.9,data/processed/aligned/45-02.jpg
45-03.jpg,45,3,ok,1,0.8876,243.8 117.1 434.8 385.1,data/processed/aligned/45-03.jpg
45-04.jpg,45,4,ok,1,0.9144,221.0 118.1 417.3 387.0,data/processed/aligned/45-04.jpg
45-05.jpg,45,5,ok,1,0.9119,227.7 113.9 424.9 379.8,data/processed/aligned/45-05.jpg
45-06.jpg,45,6,ok,1,0.9,238.3 113.5 431.7 387.3,data/processed/aligned/45-06.jpg
45-07.jpg,45,7,ok,1,0.892,247.8 108.3 438.6 384.1,data/processed/aligned/45-07.jpg
45-08.jpg,45,8,ok,1,0.891,256.7 116.1 445.5 387.1,data/processed/aligned/45-08.jpg
45-09.jpg,45,9,ok,1,0.8615,276.4 116.2 462.1 389.0,data/processed/aligned/45-09.jpg
45-10.jpg,45,10,ok,1,0.846,318.8 115.4 488.2 385.3,data/processed/aligned/45-10.jpg
45-11.jpg,45,11,ok,1,0.9138,228.3 114.5 423.9 382.1,data/processed/aligned/45-11.jpg
45-12.jpg,45,12,ok,1,0.9202,224.6 107.5 421.8 389.0,data/processed/aligned/45-12.jpg
45-13.jpg,45,13,ok,1,0.9166,225.5 119.4 423.9 388.1,data/processed/aligned/45-13.jpg
45-14.jpg,45,14,ok,1,0.9153,225.3 125.6 422.6 390.3,data/processed/aligned/45-14.jpg
46-01.jpg,46,1,ok,1,0.8142,144.3 98.8 294.1 359.9,data/processed/aligned/46-01.jpg
46-02.jpg,46,2,ok,1,0.8983,190.7 91.1 372.6 359.7,data/processed/aligned/46-02.jpg
46-03.jpg,46,3,ok,1,0.9011,217.9 90.9 411.5 366.1,data/processed/aligned/46-03.jpg
46-04.jpg,46,4,ok,1,0.8904,216.3 96.4 411.8 371.0,data/processed/aligned/46-04.jpg
46-05.jpg,46,5,ok,1,0.9113,226.8 89.6 424.9 369.5,data/processed/aligned/46-05.jpg
46-06.jpg,46,6,ok,1,0.9001,259.7 86.3 459.0 376.2,data/processed/aligned/46-06.jpg
46-07.jpg,46,7,ok,1,0.8346,262.1 95.5 463.4 379.1,data/processed/aligned/46-07.jpg
46-08.jpg,46,8,ok,1,0.8175,261.8 99.6 460.6 380.9,data/processed/aligned/46-08.jpg
46-09.jpg,46,9,ok,1,0.8565,276.9 94.7 470.8 373.5,data/processed/aligned/46-09.jpg
46-10.jpg,46,10,ok,1,0.8363,317.0 95.1 500.2 366.2,data/processed/aligned/46-10.jpg
46-11.jpg,46,11,ok,1,0.8893,221.1 93.8 419.0 382.2,data/processed/aligned/46-11.jpg
46-12.jpg,46,12,ok,1,0.8884,223.7 93.9 420.1 388.0,data/processed/aligned/46-12.jpg
46-13.jpg,46,13,ok,1,0.9066,230.5 103.3 427.2 388.5,data/processed/aligned/46-13.jpg
46-14.jpg,46,14,ok,1,0.8149,232.7 115.5 434.3 381.4,data/processed/aligned/46-14.jpg
47-01.jpg,47,1,ok,1,0.8816,165.8 81.2 347.2 351.1,data/processed/aligned/47-01.jpg
47-02.jpg,47,2,ok,1,0.8866,183.6 85.0 374.4 355.3,data/processed/aligned/47-02.jpg
47-03.jpg,47,3,ok,1,0.9166,193.9 84.8 387.6 357.9,data/processed/aligned/47-03.jpg
47-04.jpg,47,4,ok,1,0.9181,202.9 86.5 397.6 358.5,data/processed/aligned/47-04.jpg
47-05.jpg,47,5,ok,1,0.9001,207.2 91.8 404.6 361.3,data/processed/aligned/47-05.jpg
47-06.jpg,47,6,ok,1,0.9169,228.8 89.3 419.6 365.2,data/processed/aligned/47-06.jpg
47-07.jpg,47,7,ok,1,0.8946,241.6 91.3 434.8 367.3,data/processed/aligned/47-07.jpg
47-08.jpg,47,8,ok,1,0.9034,247.0 91.6 440.4 367.6,data/processed/aligned/47-08.jpg
47-09.jpg,47,9,ok,1,0.8886,276.2 92.1 464.2 362.3,data/processed/aligned/47-09.jpg
47-10.jpg,47,10,ok,1,0.8653,301.5 93.4 483.2 357.9,data/processed/aligned/47-10.jpg
47-11.jpg,47,11,ok,1,0.9166,225.4 87.6 416.8 365.4,data/processed/aligned/47-11.jpg
47-12.jpg,47,12,ok,1,0.9126,228.4 88.4 422.4 375.0,data/processed/aligned/47-12.jpg
47-13.jpg,47,13,ok,1,0.9169,221.7 87.0 414.1 363.1,data/processed/aligned/47-13.jpg
47-14.jpg,47,14,ok,1,0.8724,221.5 87.8 414.5 361.3,data/processed/aligned/47-14.jpg
48-01.jpg,48,1,ok,1,0.8428,147.5 82.6 338.6 376.1,data/processed/aligned/48-01.jpg
48-02.jpg,48,2,ok,1,0.8856,185.9 82.2 380.5 373.7,data/processed/aligned/48-02.jpg
48-03.jpg,48,3,ok,1,0.8748,206.0 66.3 408.3 361.6,data/processed/aligned/48-03.jpg
48-04.jpg,48,4,ok,1,0.8882,205.2 65.2 409.5 362.8,data/processed/aligned/48-04.jpg
48-05.jpg,48,5,ok,1,0.908,198.1 66.6 406.9 365.6,data/processed/aligned/48-05.jpg
48-06.jpg,48,6,ok,1,0.9212,220.4 71.3 429.0 365.1,data/processed/aligned/48-06.jpg
48-07.jpg,48,7,ok,1,0.8692,227.6 63.2 434.6 354.7,data/processed/aligned/48-07.jpg
48-08.jpg,48,8,ok,1,0.862,236.6 63.9 440.6 355.6,data/processed/aligned/48-08.jpg
48-09.jpg,48,9,ok,1,0.8455,256.5 64.9 453.1 351.9,data/processed/aligned/48-09.jpg
48-10.jpg,48,10,ok,1,0.8176,299.1 64.6 488.3 360.0,data/processed/aligned/48-10.jpg
48-11.jpg,48,11,ok,1,0.883,199.9 64.8 413.5 359.0,data/processed/aligned/48-11.jpg
48-12.jpg,48,12,ok,1,0.8868,201.0 57.8 414.5 365.3,data/processed/aligned/48-12.jpg
48-13.jpg,48,13,ok,1,0.8944,202.5 61.9 417.8 364.0,data/processed/aligned/48-13.jpg
48-14.jpg,48,14,ok,1,0.798,208.7 86.8 419.7 360.2,data/processed/aligned/48-14.jpg
49-01.jpg,49,1,ok,1,0.8619,167.2 76.8 347.4 349.8,data/processed/aligned/49-01.jpg
49-02.jpg,49,2,ok,1,0.8802,198.1 76.7 377.4 351.7,data/processed/aligned/49-02.jpg
49-03.jpg,49,3,ok,1,0.8926,198.4 80.6 382.6 353.4,data/processed/aligned/49-03.jpg
49-04.jpg,49,4,ok,1,0.8806,204.8 75.5 389.2 349.9,data/processed/aligned/49-04.jpg
49-05.jpg,49,5,ok,1,0.8967,216.1 78.3 402.1 359.4,data/processed/aligned/49-05.jpg
49-06.jpg,49,6,ok,1,0.9103,222.6 82.5 409.5 368.4,data/processed/aligned/49-06.jpg
49-07.jpg,49,7,ok,1,0.8594,245.3 71.3 430.0 352.1,data/processed/aligned/49-07.jpg
49-08.jpg,49,8,ok,1,0.8687,248.3 72.0 432.4 352.3,data/processed/aligned/49-08.jpg
49-09.jpg,49,9,ok,1,0.8544,269.4 72.5 454.5 352.4,data/processed/aligned/49-09.jpg
49-10.jpg,49,10,ok,1,0.8272,297.5 72.7 482.2 338.0,data/processed/aligned/49-10.jpg
49-11.jpg,49,11,ok,1,0.8929,227.9 70.5 413.5 356.8,data/processed/aligned/49-11.jpg
49-12.jpg,49,12,ok,1,0.9099,233.1 78.3 417.0 358.0,data/processed/aligned/49-12.jpg
49-13.jpg,49,13,ok,1,0.9053,228.2 76.7 417.7 361.9,data/processed/aligned/49-13.jpg
49-14.jpg,49,14,ok,1,0.6289,229.7 102.8 422.1 384.4,data/processed/aligned/49-14.jpg
5-01.jpg,5,1,ok,1,0.7964,132.7 84.1 357.1 402.4,data/processed/aligned/5-01.jpg
5-02.jpg,5,2,ok,1,0.8193,188.8 85.2 418.3 394.6,data/processed/aligned/5-02.jpg
5-03.jpg,5,3,ok,1,0.8714,203.1 95.6 433.8 403.6,data/processed/aligned/5-03.jpg
5-04.jpg,5,4,ok,1,0.8778,210.6 87.7 443.8 400.2,data/processed/aligned/5-04.jpg
5-05.jpg,5,5,ok,1,0.8663,204.2 74.9 427.7 406.1,data/processed/aligned/5-05.jpg
5-06.jpg,5,6,ok,1,0.8111,224.1 79.5 446.0 398.9,data/processed/aligned/5-06.jpg
5-07.jpg,5,7,ok,1,0.8379,234.3 80.3 460.3 395.8,data/processed/aligned/5-07.jpg
5-08.jpg,5,8,ok,1,0.8424,231.7 86.8 464.3 413.0,data/processed/aligned/5-08.jpg
5-09.jpg,5,9,ok,1,0.8234,253.3 91.7 483.8 416.3,data/processed/aligned/5-09.jpg
5-10.jpg,5,10,ok,1,0.789,292.8 83.5 496.2 406.6,data/processed/aligned/5-10.jpg
5-11.jpg,5,11,ok,1,0.896,217.2 87.3 439.8 406.7,data/processed/aligned/5-11.jpg
5-12.jpg,5,12,ok,1,0.9014,212.0 82.3 435.7 408.4,data/processed/aligned/5-12.jpg
5-13.jpg,5,13,ok,1,0.9018,211.3 81.8 434.9 418.2,data/processed/aligned/5-13.jpg
5-14.jpg,5,14,ok,1,0.8958,211.6 84.0 435.1 413.8,data/processed/aligned/5-14.jpg
50-01.jpg,50,1,ok,1,0.879,167.6 90.4 353.1 363.2,data/processed/aligned/50-01.jpg
50-02.jpg,50,2,ok,1,0.8762,193.2 101.1 385.5 368.8,data/processed/aligned/50-02.jpg
50-03.jpg,50,3,ok,1,0.8581,202.9 102.5 401.7 384.1,data/processed/aligned/50-03.jpg
50-04.jpg,50,4,ok,1,0.8571,209.5 101.3 412.1 376.8,data/processed/aligned/50-04.jpg
50-05.jpg,50,5,ok,1,0.8962,223.0 95.6 429.1 371.0,data/processed/aligned/50-05.jpg
50-06.jpg,50,6,ok,1,0.8496,239.0 102.9 442.1 377.7,data/processed/aligned/50-06.jpg
50-07.jpg,50,7,ok,1,0.8689,245.1 100.3 445.6 374.7,data/processed/aligned/50-07.jpg
50-08.jpg,50,8,ok,1,0.8289,265.0 102.2 461.6 376.9,data/processed/aligned/50-08.jpg
50-09.jpg,50,9,ok,1,0.8508,259.1 101.8 454.2 379.9,data/processed/aligned/50-09.jpg
50-10.jpg,50,10,ok,1,0.8434,311.0 107.5 502.3 385.3,data/processed/aligned/50-10.jpg
50-11.jpg,50,11,ok,1,0.8691,221.5 102.4 424.8 377.3,data/processed/aligned/50-11.jpg
50-12.jpg,50,12,ok,1,0.8807,218.5 96.1 423.8 377.9,data/processed/aligned/50-12.jpg
50-13.jpg,50,13,ok,1,0.8781,215.4 100.5 421.4 385.0,data/processed/aligned/50-13.jpg
50-14.jpg,50,14,no_face,0,,,
51-01.jpg,51,1,ok,1,0.86,186.5 67.9 356.7 330.1,data/processed/aligned/51-01.jpg
51-02.jpg,51,2,ok,1,0.9066,203.5 64.6 378.6 322.5,data/processed/aligned/51-02.jpg
51-03.jpg,51,3,ok,1,0.881,222.5 75.7 397.1 335.6,data/processed/aligned/51-03.jpg
51-04.jpg,51,4,ok,1,0.8936,230.0 52.0 407.2 307.2,data/processed/aligned/51-04.jpg
51-05.jpg,51,5,ok,1,0.9002,237.8 60.6 411.1 316.5,data/processed/aligned/51-05.jpg
51-06.jpg,51,6,ok,1,0.8822,251.9 66.2 421.5 324.7,data/processed/aligned/51-06.jpg
51-07.jpg,51,7,ok,1,0.8925,264.7 72.2 434.8 327.5,data/processed/aligned/51-07.jpg
51-08.jpg,51,8,ok,1,0.8855,260.8 70.0 427.4 327.2,data/processed/aligned/51-08.jpg
51-09.jpg,51,9,ok,1,0.8757,270.9 69.0 432.5 324.8,data/processed/aligned/51-09.jpg
51-10.jpg,51,10,ok,1,0.8153,314.8 72.5 465.0 328.7,data/processed/aligned/51-10.jpg
51-11.jpg,51,11,ok,1,0.9035,240.6 66.4 414.6 320.0,data/processed/aligned/51-11.jpg
51-12.jpg,51,12,ok,1,0.9051,250.5 57.6 425.5 323.4,data/processed/aligned/51-12.jpg
51-13.jpg,51,13,ok,1,0.8735,239.2 78.5 405.4 331.7,data/processed/aligned/51-13.jpg
51-14.jpg,51,14,ok,1,0.89,233.7 75.2 405.1 328.3,data/processed/aligned/51-14.jpg
52-01.jpg,52,1,ok,1,0.7776,152.8 134.9 346.2 408.5,data/processed/aligned/52-01.jpg
52-02.jpg,52,2,ok,1,0.8065,186.1 142.9 384.1 404.2,data/processed/aligned/52-02.jpg
52-03.jpg,52,3,ok,1,0.8696,200.4 149.1 399.1 412.1,data/processed/aligned/52-03.jpg
52-04.jpg,52,4,ok,1,0.8756,212.8 161.6 417.4 416.3,data/processed/aligned/52-04.jpg
52-05.jpg,52,5,ok,1,0.8734,218.0 142.4 425.8 408.7,data/processed/aligned/52-05.jpg
52-06.jpg,52,6,ok,1,0.8509,238.1 151.1 445.1 421.0,data/processed/aligned/52-06.jpg
52-07.jpg,52,7,ok,1,0.8533,244.4 150.8 446.8 417.2,data/processed/aligned/52-07.jpg
52-08.jpg,52,8,ok,1,0.8631,254.6 147.2 457.3 417.1,data/processed/aligned/52-08.jpg
52-09.jpg,52,9,ok,1,0.8338,291.8 155.9 493.8 420.7,data/processed/aligned/52-09.jpg
52-10.jpg,52,10,ok,1,0.799,308.6 139.5 500.8 403.8,data/processed/aligned/52-10.jpg
52-11.jpg,52,11,ok,1,0.8789,216.9 138.1 428.3 414.9,data/processed/aligned/52-11.jpg
52-12.jpg,52,12,ok,1,0.8847,213.8 130.4 422.2 411.5,data/processed/aligned/52-12.jpg
52-13.jpg,52,13,ok,1,0.8635,221.9 135.5 434.1 414.1,data/processed/aligned/52-13.jpg
52-14.jpg,52,14,ok,1,0.8437,218.1 136.9 430.1 414.0,data/processed/aligned/52-14.jpg
53-01.jpg,53,1,ok,1,0.8281,188.3 105.1 355.3 352.5,data/processed/aligned/53-01.jpg
53-02.jpg,53,2,ok,1,0.8402,209.8 111.0 387.6 363.9,data/processed/aligned/53-02.jpg
53-03.jpg,53,3,ok,1,0.8011,214.4 111.8 395.7 367.1,data/processed/aligned/53-03.jpg
53-04.jpg,53,4,ok,1,0.8603,218.2 110.4 403.8 365.2,data/processed/aligned/53-04.jpg
53-05.jpg,53,5,ok,1,0.8831,222.6 102.6 405.8 360.2,data/processed/aligned/53-05.jpg
53-06.jpg,53,6,ok,1,0.8787,222.0 109.7 406.0 362.9,data/processed/aligned/53-06.jpg
53-07.jpg,53,7,ok,1,0.8432,244.2 109.8 425.9 363.9,data/processed/aligned/53-07.jpg
53-08.jpg,53,8,ok,1,0.8697,256.0 105.3 437.3 356.5,data/processed/aligned/53-08.jpg
53-09.jpg,53,9,ok,1,0.8228,252.2 113.6 433.6 368.5,data/processed/aligned/53-09.jpg
53-10.jpg,53,10,ok,1,0.7894,307.3 112.7 470.0 362.4,data/processed/aligned/53-10.jpg
53-11.jpg,53,11,ok,1,0.8711,232.3 112.0 411.6 361.1,data/processed/aligned/53-11.jpg
53-12.jpg,53,12,ok,1,0.8721,239.0 108.9 421.4 361.9,data/processed/aligned/53-12.jpg
53-13.jpg,53,13,ok,1,0.8799,222.4 106.3 401.7 359.1,data/processed/aligned/53-13.jpg
53-14.jpg,53,14,ok,1,0.8782,231.3 103.2 409.1 357.7,data/processed/aligned/53-14.jpg
54-01.jpg,54,1,ok,1,0.8198,127.6 106.2 323.5 376.7,data/processed/aligned/54-01.jpg
54-02.jpg,54,2,ok,1,0.8509,155.0 104.8 364.6 378.6,data/processed/aligned/54-02.jpg
54-03.jpg,54,3,ok,1,0.9031,179.7 112.1 403.6 384.2,data/processed/aligned/54-03.jpg
54-04.jpg,54,4,ok,1,0.8662,192.3 102.2 413.8 369.1,data/processed/aligned/54-04.jpg
54-05.jpg,54,5,ok,1,0.8623,222.6 100.4 442.3 379.6,data/processed/aligned/54-05.jpg
54-06.jpg,54,6,ok,1,0.8779,240.4 99.6 462.3 374.4,data/processed/aligned/54-06.jpg
54-07.jpg,54,7,ok,1,0.8112,254.7 102.4 474.6 378.4,data/processed/aligned/54-07.jpg
54-08.jpg,54,8,ok,1,0.8732,270.5 96.4 482.4 367.3,data/processed/aligned/54-08.jpg
54-09.jpg,54,9,ok,1,0.818,279.7 109.4 486.3 374.1,data/processed/aligned/54-09.jpg
54-10.jpg,54,10,ok,1,0.8342,321.7 102.1 515.0 362.6,data/processed/aligned/54-10.jpg
54-11.jpg,54,11,ok,1,0.9115,212.6 90.2 424.3 353.3,data/processed/aligned/54-11.jpg
54-12.jpg,54,12,ok,1,0.889,233.6 69.5 445.5 357.0,data/processed/aligned/54-12.jpg
54-13.jpg,54,13,ok,1,0.915,222.3 86.1 435.5 364.9,data/processed/aligned/54-13.jpg
54-14.jpg,54,14,ok,1,0.9056,222.3 81.6 430.1 352.7,data/processed/aligned/54-14.jpg
55-01.jpg,55,1,ok,1,0.8742,203.6 98.7 374.2 356.7,data/processed/aligned/55-01.jpg
55-02.jpg,55,2,ok,1,0.8766,215.7 94.6 399.1 356.5,data/processed/aligned/55-02.jpg
55-03.jpg,55,3,ok,1,0.9056,231.5 81.9 418.8 351.2,data/processed/aligned/55-03.jpg
55-04.jpg,55,4,ok,1,0.9112,224.6 89.8 412.4 359.6,data/processed/aligned/55-04.jpg
55-05.jpg,55,5,ok,1,0.8964,238.9 81.8 431.6 352.2,data/processed/aligned/55-05.jpg
55-06.jpg,55,6,ok,1,0.9115,258.0 86.8 449.3 357.2,data/processed/aligned/55-06.jpg
55-07.jpg,55,7,ok,1,0.8921,265.8 91.1 456.1 353.9,data/processed/aligned/55-07.jpg
55-08.jpg,55,8,ok,1,0.8884,263.7 93.1 453.1 354.2,data/processed/aligned/55-08.jpg
55-09.jpg,55,9,ok,1,0.8857,281.6 92.2 464.5 352.8,data/processed/aligned/55-09.jpg
55-10.jpg,55,10,ok,1,0.8339,316.2 95.3 485.4 358.8,data/processed/aligned/55-10.jpg
55-11.jpg,55,11,ok,1,0.9107,228.8 86.6 419.8 353.4,data/processed/aligned/55-11.jpg
55-12.jpg,55,12,ok,1,0.8932,240.1 82.9 431.2 354.9,data/processed/aligned/55-12.jpg
55-13.jpg,55,13,ok,1,0.8951,236.9 87.0 429.2 361.3,data/processed/aligned/55-13.jpg
55-14.jpg,55,14,ok,1,0.8767,243.5 87.2 434.1 354.9,data/processed/aligned/55-14.jpg
56-01.jpg,56,1,ok,1,0.8613,169.9 114.2 351.8 379.3,data/processed/aligned/56-01.jpg
56-02.jpg,56,2,ok,1,0.8698,218.6 105.2 403.3 368.6,data/processed/aligned/56-02.jpg
56-03.jpg,56,3,ok,1,0.9037,233.2 101.5 417.2 361.4,data/processed/aligned/56-03.jpg
56-04.jpg,56,4,ok,1,0.8804,233.4 106.4 418.3 369.1,data/processed/aligned/56-04.jpg
56-05.jpg,56,5,ok,1,0.8872,237.1 111.8 424.7 374.2,data/processed/aligned/56-05.jpg
56-06.jpg,56,6,ok,1,0.8784,240.0 111.3 419.1 370.9,data/processed/aligned/56-06.jpg
56-07.jpg,56,7,ok,1,0.8584,249.3 116.4 428.9 370.3,data/processed/aligned/56-07.jpg
56-08.jpg,56,8,ok,1,0.8201,243.0 112.7 421.7 366.4,data/processed/aligned/56-08.jpg
56-09.jpg,56,9,ok,1,0.8563,249.0 108.0 426.2 358.7,data/processed/aligned/56-09.jpg
56-10.jpg,56,10,ok,1,0.8259,300.7 111.3 475.9 361.2,data/processed/aligned/56-10.jpg
56-11.jpg,56,11,ok,1,0.8849,233.2 107.8 412.8 361.8,data/processed/aligned/56-11.jpg
56-12.jpg,56,12,ok,1,0.8883,233.5 105.8 412.4 362.6,data/processed/aligned/56-12.jpg
56-13.jpg,56,13,ok,1,0.879,232.2 107.8 412.1 364.1,data/processed/aligned/56-13.jpg
56-14.jpg,56,14,ok,1,0.8758,236.0 104.5 412.6 358.4,data/processed/aligned/56-14.jpg
57-01.jpg,57,1,ok,1,0.8574,160.1 74.3 344.0 336.9,data/processed/aligned/57-01.jpg
57-02.jpg,57,2,ok,1,0.8571,177.2 80.4 367.5 349.2,data/processed/aligned/57-02.jpg
57-03.jpg,57,3,ok,1,0.8714,199.5 70.9 387.1 341.8,data/processed/aligned/57-03.jpg
57-04.jpg,57,4,ok,1,0.9126,201.3 81.0 392.7 351.3,data/processed/aligned/57-04.jpg
57-05.jpg,57,5,ok,1,0.8756,211.2 72.4 399.7 343.0,data/processed/aligned/57-05.jpg
57-06.jpg,57,6,ok,1,0.9114,223.9 87.0 409.6 352.6,data/processed/aligned/57-06.jpg
57-07.jpg,57,7,ok,1,0.8794,222.4 82.8 407.2 339.1,data/processed/aligned/57-07.jpg
57-08.jpg,57,8,ok,1,0.8636,241.9 84.8 424.8 346.2,data/processed/aligned/57-08.jpg
57-09.jpg,57,9,ok,1,0.8604,244.2 88.8 429.5 352.6,data/processed/aligned/57-09.jpg
57-10.jpg,57,10,ok,1,0.7855,300.5 104.1 475.5 344.7,data/processed/aligned/57-10.jpg
57-11.jpg,57,11,ok,1,0.9214,230.2 81.4 422.5 356.8,data/processed/aligned/57-11.jpg
57-12.jpg,57,12,ok,1,0.923,230.0 82.3 423.2 366.3,data/processed/aligned/57-12.jpg
57-13.jpg,57,13,ok,1,0.9155,232.4 79.3 424.2 353.4,data/processed/aligned/57-13.jpg
57-14.jpg,57,14,ok,1,0.8963,233.4 79.4 423.0 351.7,data/processed/aligned/57-14.jpg
58-01.jpg,58,1,ok,1,0.8927,168.6 89.4 353.6 353.6,data/processed/aligned/58-01.jpg
58-02.jpg,58,2,ok,1,0.8916,181.9 85.3 375.0 351.0,data/processed/aligned/58-02.jpg
58-03.jpg,58,3,ok,1,0.9182,211.4 87.0 416.8 357.9,data/processed/aligned/58-03.jpg
58-04.jpg,58,4,ok,1,0.8818,224.8 77.2 419.0 336.6,data/processed/aligned/58-04.jpg
58-05.jpg,58,5,ok,1,0.8958,226.6 77.9 426.5 342.5,data/processed/aligned/58-05.jpg
58-06.jpg,58,6,ok,1,0.9167,216.4 90.7 422.0 362.3,data/processed/aligned/58-06.jpg
58-07.jpg,58,7,ok,1,0.8835,257.0 78.2 455.6 341.3,data/processed/aligned/58-07.jpg
58-08.jpg,58,8,ok,1,0.9018,253.8 88.2 451.1 355.4,data/processed/aligned/58-08.jpg
58-09.jpg,58,9,ok,1,0.8823,263.2 87.3 453.7 351.3,data/processed/aligned/58-09.jpg
58-10.jpg,58,10,ok,1,0.848,298.6 95.0 476.0 348.5,data/processed/aligned/58-10.jpg
58-11.jpg,58,11,ok,1,0.898,232.0 61.8 437.9 328.9,data/processed/aligned/58-11.jpg
58-12.jpg,58,12,ok,1,0.9002,228.5 67.7 432.2 336.3,data/processed/aligned/58-12.jpg
58-13.jpg,58,13,ok,1,0.8942,220.5 77.1 425.4 344.1,data/processed/aligned/58-13.jpg
58-14.jpg,58,14,ok,1,0.8927,217.6 81.6 421.5 347.6,data/processed/aligned/58-14.jpg
59-01.jpg,59,1,ok,1,0.826,173.2 81.4 380.1 383.2,data/processed/aligned/59-01.jpg
59-02.jpg,59,2,ok,1,0.8367,213.6 89.5 418.6 385.7,data/processed/aligned/59-02.jpg
59-03.jpg,59,3,ok,1,0.8486,201.0 97.0 416.3 403.0,data/processed/aligned/59-03.jpg
59-04.jpg,59,4,ok,1,0.8527,201.4 95.4 418.2 404.3,data/processed/aligned/59-04.jpg
59-05.jpg,59,5,ok,1,0.8427,228.6 85.0 440.7 401.3,data/processed/aligned/59-05.jpg
59-06.jpg,59,6,ok,1,0.8557,233.2 101.7 445.0 415.9,data/processed/aligned/59-06.jpg
59-07.jpg,59,7,ok,1,0.878,246.5 94.9 456.6 414.2,data/processed/aligned/59-07.jpg
59-08.jpg,59,8,ok,1,0.8304,254.0 82.2 464.7 400.0,data/processed/aligned/59-08.jpg
59-09.jpg,59,9,ok,1,0.8382,284.6 84.6 489.7 389.1,data/processed/aligned/59-09.jpg
59-10.jpg,59,10,ok,1,0.8479,301.4 79.5 504.3 379.1,data/processed/aligned/59-10.jpg
59-11.jpg,59,11,ok,1,0.8474,229.9 89.0 441.6 405.2,data/processed/aligned/59-11.jpg
59-12.jpg,59,12,ok,1,0.8651,234.2 89.1 442.2 409.3,data/processed/aligned/59-12.jpg
59-13.jpg,59,13,ok,1,0.8844,214.4 88.9 427.0 410.7,data/processed/aligned/59-13.jpg
59-14.jpg,59,14,ok,1,0.8607,217.6 83.6 428.9 407.7,data/processed/aligned/59-14.jpg
6-01.jpg,6,1,ok,1,0.8368,155.3 37.6 346.7 331.5,data/processed/aligned/6-01.jpg
6-02.jpg,6,2,ok,1,0.8636,196.6 39.1 392.9 328.0,data/processed/aligned/6-02.jpg
6-03.jpg,6,3,ok,1,0.8868,213.8 42.7 421.5 334.0,data/processed/aligned/6-03.jpg
6-04.jpg,6,4,ok,1,0.8732,227.4 60.1 431.7 344.0,data/processed/aligned/6-04.jpg
6-05.jpg,6,5,ok,1,0.8489,230.1 62.2 441.1 347.5,data/processed/aligned/6-05.jpg
6-06.jpg,6,6,ok,1,0.8695,237.7 61.2 444.7 346.9,data/processed/aligned/6-06.jpg
6-07.jpg,6,7,ok,1,0.8685,242.1 59.8 448.4 347.7,data/processed/aligned/6-07.jpg
6-08.jpg,6,8,ok,1,0.8667,252.8 60.3 455.4 352.7,data/processed/aligned/6-08.jpg
6-09.jpg,6,9,ok,1,0.8538,281.0 68.2 474.4 349.1,data/processed/aligned/6-09.jpg
6-10.jpg,6,10,ok,1,0.8024,306.1 71.1 493.6 358.3,data/processed/aligned/6-10.jpg
6-11.jpg,6,11,ok,1,0.907,223.5 80.9 427.5 349.2,data/processed/aligned/6-11.jpg
6-12.jpg,6,12,ok,1,0.9116,220.6 82.4 426.8 366.9,data/processed/aligned/6-12.jpg
6-13.jpg,6,13,ok,1,0.9123,218.6 81.9 425.7 363.6,data/processed/aligned/6-13.jpg
6-14.jpg,6,14,ok,1,0.9052,222.3 78.2 425.6 372.3,data/processed/aligned/6-14.jpg
60-01.jpg,60,1,ok,1,0.7882,207.3 105.4 359.6 333.3,data/processed/aligned/60-01.jpg
60-02.jpg,60,2,ok,1,0.8377,226.5 109.2 392.0 338.1,data/processed/aligned/60-02.jpg
60-03.jpg,60,3,ok,1,0.8566,234.4 109.0 399.3 339.7,data/processed/aligned/60-03.jpg
60-04.jpg,60,4,ok,1,0.8641,235.0 111.7 402.9 341.0,data/processed/aligned/60-04.jpg
60-05.jpg,60,5,ok,1,0.8767,242.5 102.5 411.1 337.8,data/processed/aligned/60-05.jpg
60-06.jpg,60,6,ok,1,0.8564,240.9 114.8 406.1 346.6,data/processed/aligned/60-06.jpg
60-07.jpg,60,7,ok,1,0.8648,240.4 105.9 412.0 342.8,data/processed/aligned/60-07.jpg
60-08.jpg,60,8,ok,1,0.8584,243.7 111.7 413.1 343.5,data/processed/aligned/60-08.jpg
60-09.jpg,60,9,ok,1,0.836,248.2 110.2 421.1 344.8,data/processed/aligned/60-09.jpg
60-10.jpg,60,10,ok,1,0.8225,291.4 96.9 458.5 332.9,data/processed/aligned/60-10.jpg
60-11.jpg,60,11,ok,1,0.8581,230.9 108.1 398.7 341.1,data/processed/aligned/60-11.jpg
60-12.jpg,60,12,ok,1,0.8923,219.4 102.7 395.9 345.3,data/processed/aligned/60-12.jpg
60-13.jpg,60,13,ok,1,0.873,228.5 110.5 399.1 341.4,data/processed/aligned/60-13.jpg
60-14.jpg,60,14,ok,1,0.846,230.0 117.1 395.5 346.1,data/processed/aligned/60-14.jpg
61-01.jpg,61,1,ok,1,0.801,138.7 83.8 338.3 369.9,data/processed/aligned/61-01.jpg
61-02.jpg,61,2,ok,1,0.8644,184.5 69.5 392.2 364.4,data/processed/aligned/61-02.jpg
61-03.jpg,61,3,ok,1,0.8806,204.8 71.8 422.0 379.9,data/processed/aligned/61-03.jpg
61-04.jpg,61,4,ok,1,0.8855,208.5 71.2 430.7 385.0,data/processed/aligned/61-04.jpg
61-05.jpg,61,5,ok,1,0.8887,223.5 65.2 445.5 376.7,data/processed/aligned/61-05.jpg
61-06.jpg,61,6,ok,1,0.8952,230.4 72.7 453.7 380.0,data/processed/aligned/61-06.jpg
61-07.jpg,61,7,ok,1,0.8909,242.2 71.9 462.2 381.7,data/processed/aligned/61-07.jpg
61-08.jpg,61,8,ok,1,0.8812,243.1 77.9 459.8 382.0,data/processed/aligned/61-08.jpg
61-09.jpg,61,9,ok,1,0.8478,262.4 85.4 474.1 380.7,data/processed/aligned/61-09.jpg
61-10.jpg,61,10,ok,1,0.7959,310.9 107.4 507.7 379.1,data/processed/aligned/61-10.jpg
61-11.jpg,61,11,ok,1,0.9004,212.0 59.7 438.4 375.4,data/processed/aligned/61-11.jpg
61-12.jpg,61,12,ok,1,0.9035,209.5 57.6 435.7 372.8,data/processed/aligned/61-12.jpg
61-13.jpg,61,13,ok,1,0.8766,215.5 55.7 442.3 366.3,data/processed/aligned/61-13.jpg
61-14.jpg,61,14,ok,1,0.8276,219.3 62.7 440.9 351.9,data/processed/aligned/61-14.jpg
62-01.jpg,62,1,ok,1,0.8783,199.7 84.5 392.1 352.4,data/processed/aligned/62-01.jpg
62-02.jpg,62,2,ok,1,0.9147,228.4 80.8 427.0 352.2,data/processed/aligned/62-02.jpg
62-03.jpg,62,3,ok,1,0.8981,208.8 81.7 410.0 352.6,data/processed/aligned/62-03.jpg
62-04.jpg,62,4,ok,1,0.8947,201.0 80.0 401.5 349.1,data/processed/aligned/62-04.jpg
62-05.jpg,62,5,ok,1,0.8867,225.2 71.1 426.0 343.2,data/processed/aligned/62-05.jpg
62-06.jpg,62,6,ok,1,0.9016,230.9 78.1 431.5 349.2,data/processed/aligned/62-06.jpg
62-07.jpg,62,7,ok,1,0.894,245.5 80.1 445.3 351.1,data/processed/aligned/62-07.jpg
62-08.jpg,62,8,ok,1,0.8649,253.2 70.8 453.4 342.3,data/processed/aligned/62-08.jpg
62-09.jpg,62,9,ok,1,0.8621,256.0 77.9 452.3 347.4,data/processed/aligned/62-09.jpg
62-10.jpg,62,10,ok,1,0.8107,292.2 80.3 474.6 344.4,data/processed/aligned/62-10.jpg
62-11.jpg,62,11,ok,1,0.9134,218.8 85.7 419.9 359.7,data/processed/aligned/62-11.jpg
62-12.jpg,62,12,ok,1,0.9219,224.0 82.2 423.8 364.2,data/processed/aligned/62-12.jpg
62-13.jpg,62,13,ok,1,0.8993,238.7 84.4 436.9 359.7,data/processed/aligned/62-13.jpg
62-14.jpg,62,14,ok,1,0.9106,226.2 81.9 426.9 362.0,data/processed/aligned/62-14.jpg
63-01.jpg,63,1,ok,1,0.8321,155.8 83.0 330.4 345.8,data/processed/aligned/63-01.jpg
63-02.jpg,63,2,ok,1,0.841,183.5 82.2 367.9 341.2,data/processed/aligned/63-02.jpg
63-03.jpg,63,3,ok,1,0.8696,206.3 71.5 398.2 334.3,data/processed/aligned/63-03.jpg
63-04.jpg,63,4,ok,1,0.8658,212.2 75.7 408.8 337.8,data/processed/aligned/63-04.jpg
63-05.jpg,63,5,ok,1,0.9041,234.9 63.4 430.7 323.9,data/processed/aligned/63-05.jpg
63-06.jpg,63,6,ok,1,0.9036,256.5 69.4 449.1 332.0,data/processed/aligned/63-06.jpg
63-07.jpg,63,7,ok,1,0.8894,268.8 67.6 454.4 327.6,data/processed/aligned/63-07.jpg
63-08.jpg,63,8,ok,1,0.8927,248.2 66.4 435.4 328.9,data/processed/aligned/63-08.jpg
63-09.jpg,63,9,ok,1,0.8878,259.2 69.1 444.2 329.4,data/processed/aligned/63-09.jpg
63-10.jpg,63,10,ok,1,0.8287,304.4 70.8 476.6 328.8,data/processed/aligned/63-10.jpg
63-11.jpg,63,11,ok,1,0.9116,219.8 64.0 413.7 323.0,data/processed/aligned/63-11.jpg
63-12.jpg,63,12,ok,1,0.9107,226.1 64.2 421.1 331.8,data/processed/aligned/63-12.jpg
63-13.jpg,63,13,ok,1,0.9079,217.3 61.6 414.7 319.3,data/processed/aligned/63-13.jpg
63-14.jpg,63,14,no_face,0,,,
64-01.jpg,64,1,ok,1,0.8563,199.2 95.4 359.9 344.3,data/processed/aligned/64-01.jpg
64-02.jpg,64,2,ok,1,0.8578,234.4 85.6 399.6 333.0,data/processed/aligned/64-02.jpg
64-03.jpg,64,3,ok,1,0.8799,246.9 84.8 416.1 341.0,data/processed/aligned/64-03.jpg
64-04.jpg,64,4,ok,1,0.8764,253.5 88.1 420.7 346.8,data/processed/aligned/64-04.jpg
64-05.jpg,64,5,ok,1,0.8641,217.9 81.8 390.6 336.7,data/processed/aligned/64-05.jpg
64-06.jpg,64,6,ok,1,0.8949,250.4 89.7 423.8 352.2,data/processed/aligned/64-06.jpg
64-07.jpg,64,7,ok,1,0.8947,257.3 88.5 430.3 346.3,data/processed/aligned/64-07.jpg
64-08.jpg,64,8,ok,1,0.862,250.7 84.6 421.4 344.0,data/processed/aligned/64-08.jpg
64-09.jpg,64,9,ok,1,0.8694,260.9 83.3 429.7 346.0,data/processed/aligned/64-09.jpg
64-10.jpg,64,10,ok,1,0.8162,318.6 82.7 482.2 341.1,data/processed/aligned/64-10.jpg
64-11.jpg,64,11,ok,1,0.8983,224.0 90.1 400.2 349.4,data/processed/aligned/64-11.jpg
64-12.jpg,64,12,ok,1,0.8811,216.5 78.5 390.6 344.7,data/processed/aligned/64-12.jpg
64-13.jpg,64,13,ok,1,0.8923,222.8 87.4 397.6 347.3,data/processed/aligned/64-13.jpg
64-14.jpg,64,14,no_face,0,,,
65-01.jpg,65,1,ok,1,0.7996,166.0 104.2 332.1 341.8,data/processed/aligned/65-01.jpg
65-02.jpg,65,2,ok,1,0.8688,189.4 102.0 368.6 351.1,data/processed/aligned/65-02.jpg
65-03.jpg,65,3,ok,1,0.8811,205.6 105.2 394.1 356.0,data/processed/aligned/65-03.jpg
65-04.jpg,65,4,ok,1,0.8793,211.2 105.7 401.5 356.7,data/processed/aligned/65-04.jpg
65-05.jpg,65,5,ok,1,0.8831,213.2 105.6 401.1 359.7,data/processed/aligned/65-05.jpg
65-06.jpg,65,6,ok,1,0.8822,241.4 102.4 427.0 355.4,data/processed/aligned/65-06.jpg
65-07.jpg,65,7,ok,1,0.8615,253.3 111.1 446.2 365.3,data/processed/aligned/65-07.jpg
65-08.jpg,65,8,ok,1,0.8838,254.4 97.8 442.1 353.5,data/processed/aligned/65-08.jpg
65-09.jpg,65,9,ok,1,0.8348,248.0 86.1 428.9 332.5,data/processed/aligned/65-09.jpg
65-10.jpg,65,10,ok,1,0.8061,290.0 87.3 464.5 333.7,data/processed/aligned/65-10.jpg
65-11.jpg,65,11,ok,1,0.9004,223.8 100.7 409.0 349.2,data/processed/aligned/65-11.jpg
65-12.jpg,65,12,ok,1,0.9047,223.4 98.2 409.7 352.0,data/processed/aligned/65-12.jpg
65-13.jpg,65,13,ok,1,0.8717,229.8 93.6 415.5 331.6,data/processed/aligned/65-13.jpg
65-14.jpg,65,14,no_face,0,,,
66-01.jpg,66,1,ok,1,0.8626,131.5 86.8 323.2 346.3,data/processed/aligned/66-01.jpg
66-02.jpg,66,2,ok,1,0.8066,171.7 103.1 375.0 373.2,data/processed/aligned/66-02.jpg
66-03.jpg,66,3,ok,1,0.8967,185.6 96.7 392.8 369.0,data/processed/aligned/66-03.jpg
66-04.jpg,66,4,ok,1,0.8607,205.0 101.1 415.8 378.6,data/processed/aligned/66-04.jpg
66-05.jpg,66,5,ok,1,0.8986,214.1 97.1 427.5 372.9,data/processed/aligned/66-05.jpg
66-06.jpg,66,6,ok,1,0.878,236.9 93.9 448.7 375.3,data/processed/aligned/66-06.jpg
66-07.jpg,66,7,ok,1,0.87,238.8 98.0 451.8 378.0,data/processed/aligned/66-07.jpg
66-08.jpg,66,8,ok,1,0.8559,250.3 96.5 465.2 382.2,data/processed/aligned/66-08.jpg
66-09.jpg,66,9,ok,1,0.8235,252.5 100.0 467.8 377.4,data/processed/aligned/66-09.jpg
66-10.jpg,66,10,ok,1,0.8238,304.8 119.1 508.8 383.1,data/processed/aligned/66-10.jpg
66-11.jpg,66,11,ok,1,0.8989,224.5 91.2 434.9 371.1,data/processed/aligned/66-11.jpg
66-12.jpg,66,12,ok,1,0.8807,227.6 94.6 439.5 376.9,data/processed/aligned/66-12.jpg
66-13.jpg,66,13,ok,1,0.9003,223.6 93.8 435.8 371.4,data/processed/aligned/66-13.jpg
66-14.jpg,66,14,ok,1,0.8808,220.8 92.1 433.9 360.3,data/processed/aligned/66-14.jpg
67-01.jpg,67,1,ok,1,0.8764,125.6 79.5 318.4 378.6,data/processed/aligned/67-01.jpg
67-02.jpg,67,2,ok,1,0.8737,168.3 75.2 368.3 382.3,data/processed/aligned/67-02.jpg
67-03.jpg,67,3,ok,1,0.8959,195.7 66.4 393.4 373.9,data/processed/aligned/67-03.jpg
67-04.jpg,67,4,ok,1,0.8932,197.3 68.4 396.0 379.3,data/processed/aligned/67-04.jpg
67-05.jpg,67,5,ok,1,0.8896,221.3 54.3 422.4 369.2,data/processed/aligned/67-05.jpg
67-06.jpg,67,6,ok,1,0.9046,246.3 63.3 448.8 373.3,data/processed/aligned/67-06.jpg
67-07.jpg,67,7,ok,1,0.8829,261.9 65.6 463.4 374.1,data/processed/aligned/67-07.jpg
67-08.jpg,67,8,ok,1,0.8863,276.6 72.6 478.5 376.1,data/processed/aligned/67-08.jpg
67-09.jpg,67,9,ok,1,0.8599,316.8 84.0 515.6 385.5,data/processed/aligned/67-09.jpg
67-10.jpg,67,10,ok,1,0.8478,308.7 74.3 495.5 378.3,data/processed/aligned/67-10.jpg
67-11.jpg,67,11,ok,1,0.8669,203.2 59.3 404.2 367.8,data/processed/aligned/67-11.jpg
67-12.jpg,67,12,ok,1,0.8643,208.3 53.4 410.7 356.4,data/processed/aligned/67-12.jpg
67-13.jpg,67,13,ok,1,0.892,221.6 48.6 422.3 353.8,data/processed/aligned/67-13.jpg
67-14.jpg,67,14,ok,1,0.833,238.6 61.8 436.5 354.0,data/processed/aligned/67-14.jpg
68-01.jpg,68,1,ok,1,0.8462,134.2 93.1 317.9 373.5,data/processed/aligned/68-01.jpg
68-02.jpg,68,2,ok,1,0.8719,188.1 104.0 382.8 381.3,data/processed/aligned/68-02.jpg
68-03.jpg,68,3,ok,1,0.8852,208.6 104.2 410.5 388.7,data/processed/aligned/68-03.jpg
68-04.jpg,68,4,ok,1,0.9066,219.5 100.3 422.5 388.9,data/processed/aligned/68-04.jpg
68-05.jpg,68,5,ok,1,0.8964,229.0 100.7 433.6 383.4,data/processed/aligned/68-05.jpg
68-06.jpg,68,6,ok,1,0.8997,243.8 107.1 445.7 385.6,data/processed/aligned/68-06.jpg
68-07.jpg,68,7,ok,1,0.881,259.6 102.4 459.5 390.9,data/processed/aligned/68-07.jpg
68-08.jpg,68,8,ok,1,0.8577,261.5 98.5 458.0 389.2,data/processed/aligned/68-08.jpg
68-09.jpg,68,9,ok,1,0.8566,276.5 107.3 473.0 387.2,data/processed/aligned/68-09.jpg
68-10.jpg,68,10,ok,1,0.7921,330.2 103.6 518.7 382.2,data/processed/aligned/68-10.jpg
68-11.jpg,68,11,ok,1,0.8914,220.5 99.6 426.8 383.1,data/processed/aligned/68-11.jpg
68-12.jpg,68,12,ok,1,0.8788,216.6 96.5 423.4 383.2,data/processed/aligned/68-12.jpg
68-13.jpg,68,13,ok,1,0.9125,221.5 109.8 427.0 384.6,data/processed/aligned/68-13.jpg
68-14.jpg,68,14,ok,1,0.8841,224.5 94.5 427.5 372.5,data/processed/aligned/68-14.jpg
69-01.jpg,69,1,ok,1,0.8413,169.2 80.5 331.7 328.2,data/processed/aligned/69-01.jpg
69-02.jpg,69,2,ok,1,0.8636,179.3 90.1 354.7 334.5,data/processed/aligned/69-02.jpg
69-03.jpg,69,3,ok,1,0.8788,203.1 86.8 381.2 332.4,data/processed/aligned/69-03.jpg
69-04.jpg,69,4,ok,1,0.885,206.4 88.2 386.6 334.4,data/processed/aligned/69-04.jpg
69-05.jpg,69,5,ok,1,0.8901,230.4 90.7 407.7 336.6,data/processed/aligned/69-05.jpg
69-06.jpg,69,6,ok,1,0.8827,226.5 85.4 403.6 329.8,data/processed/aligned/69-06.jpg
69-07.jpg,69,7,ok,1,0.8706,233.5 84.0 408.3 330.2,data/processed/aligned/69-07.jpg
69-08.jpg,69,8,ok,1,0.8759,240.1 78.4 414.1 327.3,data/processed/aligned/69-08.jpg
69-09.jpg,69,9,ok,1,0.8483,258.9 86.0 433.4 329.9,data/processed/aligned/69-09.jpg
69-10.jpg,69,10,ok,1,0.8097,299.0 84.5 466.3 331.5,data/processed/aligned/69-10.jpg
69-11.jpg,69,11,ok,1,0.8912,227.4 86.1 405.6 332.4,data/processed/aligned/69-11.jpg
69-12.jpg,69,12,ok,1,0.9079,258.5 72.3 440.5 323.6,data/processed/aligned/69-12.jpg
69-13.jpg,69,13,ok,1,0.8823,246.5 75.2 423.1 324.3,data/processed/aligned/69-13.jpg
69-14.jpg,69,14,ok,1,0.816,245.4 87.0 419.8 325.6,data/processed/aligned/69-14.jpg
7-01.jpg,7,1,ok,1,0.8915,167.1 86.6 350.8 366.0,data/processed/aligned/7-01.jpg
7-02.jpg,7,2,ok,1,0.8906,192.9 90.8 387.9 374.0,data/processed/aligned/7-02.jpg
7-03.jpg,7,3,ok,1,0.9037,216.0 90.4 414.6 370.8,data/processed/aligned/7-03.jpg
7-04.jpg,7,4,ok,1,0.8778,208.7 96.4 416.1 377.8,data/processed/aligned/7-04.jpg
7-05.jpg,7,5,ok,1,0.8868,214.1 97.3 420.7 379.9,data/processed/aligned/7-05.jpg
7-06.jpg,7,6,ok,1,0.8537,237.3 95.8 441.1 382.7,data/processed/aligned/7-06.jpg
7-07.jpg,7,7,ok,1,0.8857,241.0 92.6 442.7 376.4,data/processed/aligned/7-07.jpg
7-08.jpg,7,8,ok,1,0.8994,261.8 89.2 455.3 368.3,data/processed/aligned/7-08.jpg
7-09.jpg,7,9,ok,1,0.8487,269.5 94.5 462.8 375.4,data/processed/aligned/7-09.jpg
7-10.jpg,7,10,ok,1,0.8461,294.9 95.1 480.5 377.8,data/processed/aligned/7-10.jpg
7-11.jpg,7,11,ok,1,0.9179,225.3 85.9 425.8 357.6,data/processed/aligned/7-11.jpg
7-12.jpg,7,12,ok,1,0.9139,230.4 84.4 430.2 365.3,data/processed/aligned/7-12.jpg
7-13.jpg,7,13,ok,1,0.909,224.3 95.8 418.8 367.8,data/processed/aligned/7-13.jpg
7-14.jpg,7,14,ok,1,0.8898,219.5 89.8 415.0 367.8,data/processed/aligned/7-14.jpg
70-01.jpg,70,1,ok,1,0.8664,201.5 71.5 372.5 328.1,data/processed/aligned/70-01.jpg
70-02.jpg,70,2,ok,1,0.8665,222.2 73.4 397.8 332.9,data/processed/aligned/70-02.jpg
70-03.jpg,70,3,ok,1,0.8956,236.5 70.1 416.7 332.8,data/processed/aligned/70-03.jpg
70-04.jpg,70,4,ok,1,0.8846,237.5 72.9 418.4 334.0,data/processed/aligned/70-04.jpg
70-05.jpg,70,5,ok,1,0.9097,238.4 62.4 425.8 322.8,data/processed/aligned/70-05.jpg
70-06.jpg,70,6,ok,1,0.9096,219.5 65.3 405.2 328.8,data/processed/aligned/70-06.jpg
70-07.jpg,70,7,ok,1,0.9008,252.9 60.5 437.2 327.6,data/processed/aligned/70-07.jpg
70-08.jpg,70,8,ok,1,0.8931,263.3 60.5 448.2 330.4,data/processed/aligned/70-08.jpg
70-09.jpg,70,9,ok,1,0.8759,281.6 65.0 462.2 336.0,data/processed/aligned/70-09.jpg
70-10.jpg,70,10,ok,1,0.8025,342.4 76.3 512.7 347.3,data/processed/aligned/70-10.jpg
70-11.jpg,70,11,ok,1,0.9118,226.2 63.4 415.0 321.9,data/processed/aligned/70-11.jpg
70-12.jpg,70,12,ok,1,0.9146,229.8 56.5 415.7 316.4,data/processed/aligned/70-12.jpg
70-13.jpg,70,13,ok,1,0.9146,227.9 61.1 416.6 324.1,data/processed/aligned/70-13.jpg
70-14.jpg,70,14,ok,1,0.9114,226.4 63.8 415.4 324.6,data/processed/aligned/70-14.jpg
71-01.jpg,71,1,ok,1,0.793,185.6 102.6 354.6 379.9,data/processed/aligned/71-01.jpg
71-02.jpg,71,2,ok,1,0.8475,219.6 99.3 393.2 373.0,data/processed/aligned/71-02.jpg
71-03.jpg,71,3,ok,1,0.9101,228.2 94.9 405.0 367.1,data/processed/aligned/71-03.jpg
71-04.jpg,71,4,ok,1,0.9043,227.6 104.1 408.4 384.5,data/processed/aligned/71-04.jpg
71-05.jpg,71,5,ok,1,0.8931,246.5 109.3 428.0 385.7,data/processed/aligned/71-05.jpg
71-06.jpg,71,6,ok,1,0.8726,273.4 100.0 454.5 378.6,data/processed/aligned/71-06.jpg
71-07.jpg,71,7,ok,1,0.8819,264.3 99.3 443.5 377.3,data/processed/aligned/71-07.jpg
71-08.jpg,71,8,ok,1,0.8856,276.0 107.6 452.4 386.7,data/processed/aligned/71-08.jpg
71-09.jpg,71,9,ok,1,0.8868,292.6 103.0 470.4 386.1,data/processed/aligned/71-09.jpg
71-10.jpg,71,10,ok,1,0.8596,299.3 113.2 468.4 391.7,data/processed/aligned/71-10.jpg
71-11.jpg,71,11,ok,1,0.9067,231.9 109.4 414.7 385.6,data/processed/aligned/71-11.jpg
71-12.jpg,71,12,ok,1,0.9113,233.6 102.5 416.5 385.4,data/processed/aligned/71-12.jpg
71-13.jpg,71,13,ok,1,0.8914,234.3 100.1 415.6 373.8,data/processed/aligned/71-13.jpg
71-14.jpg,71,14,ok,1,0.9065,230.0 92.4 410.9 366.5,data/processed/aligned/71-14.jpg
72-01.jpg,72,1,ok,1,0.7847,177.6 79.0 328.2 321.3,data/processed/aligned/72-01.jpg
72-02.jpg,72,2,ok,1,0.8726,224.9 98.0 398.1 338.7,data/processed/aligned/72-02.jpg
72-03.jpg,72,3,ok,1,0.8856,221.7 98.7 398.5 341.6,data/processed/aligned/72-03.jpg
72-04.jpg,72,4,ok,1,0.8647,225.4 87.9 397.5 326.6,data/processed/aligned/72-04.jpg
72-05.jpg,72,5,ok,1,0.8703,225.7 89.2 400.1 327.4,data/processed/aligned/72-05.jpg
72-06.jpg,72,6,ok,1,0.888,247.2 93.7 421.8 336.8,data/processed/aligned/72-06.jpg
72-07.jpg,72,7,ok,1,0.8794,250.6 101.6 424.1 347.3,data/processed/aligned/72-07.jpg
72-08.jpg,72,8,ok,1,0.851,248.6 103.9 419.5 354.4,data/processed/aligned/72-08.jpg
72-09.jpg,72,9,ok,1,0.8667,255.7 95.7 425.1 345.0,data/processed/aligned/72-09.jpg
72-10.jpg,72,10,ok,1,0.7725,283.8 78.6 446.8 311.4,data/processed/aligned/72-10.jpg
72-11.jpg,72,11,ok,1,0.8897,227.8 92.9 407.9 335.6,data/processed/aligned/72-11.jpg
72-12.jpg,72,12,ok,1,0.9064,230.9 99.5 408.5 350.4,data/processed/aligned/72-12.jpg
72-13.jpg,72,13,ok,1,0.8952,234.4 97.4 413.5 345.4,data/processed/aligned/72-13.jpg
72-14.jpg,72,14,ok,1,0.8878,234.7 98.8 414.9 346.1,data/processed/aligned/72-14.jpg
73-01.jpg,73,1,ok,1,0.8682,167.0 92.0 354.5 347.6,data/processed/aligned/73-01.jpg
73-02.jpg,73,2,ok,1,0.8817,208.8 100.6 411.7 353.0,data/processed/aligned/73-02.jpg
73-03.jpg,73,3,ok,1,0.9117,225.0 94.7 427.0 353.0,data/processed/aligned/73-03.jpg
73-04.jpg,73,4,ok,1,0.9158,225.9 96.0 428.9 355.4,data/processed/aligned/73-04.jpg
73-05.jpg,73,5,ok,1,0.8864,234.9 100.7 438.6 358.4,data/processed/aligned/73-05.jpg
73-06.jpg,73,6,ok,1,0.8729,236.7 105.0 438.8 358.6,data/processed/aligned/73-06.jpg
73-07.jpg,73,7,ok,1,0.8806,251.0 100.2 453.5 354.6,data/processed/aligned/73-07.jpg
73-08.jpg,73,8,ok,1,0.8225,263.9 111.3 468.5 361.1,data/processed/aligned/73-08.jpg
73-09.jpg,73,9,ok,1,0.8183,277.0 112.5 477.3 363.7,data/processed/aligned/73-09.jpg
73-10.jpg,73,10,ok,1,0.7846,336.6 112.3 516.4 351.5,data/processed/aligned/73-10.jpg
73-11.jpg,73,11,ok,1,0.9025,228.7 102.0 427.6 353.6,data/processed/aligned/73-11.jpg
73-12.jpg,73,12,ok,1,0.8959,246.0 99.1 443.3 351.8,data/processed/aligned/73-12.jpg
73-13.jpg,73,13,ok,1,0.9012,232.7 96.4 428.7 345.0,data/processed/aligned/73-13.jpg
73-14.jpg,73,14,ok,1,0.8742,235.0 104.4 433.6 352.7,data/processed/aligned/73-14.jpg
74-01.jpg,74,1,ok,1,0.8338,146.2 52.0 328.3 317.0,data/processed/aligned/74-01.jpg
74-02.jpg,74,2,ok,1,0.8783,170.8 70.8 359.9 334.9,data/processed/aligned/74-02.jpg
74-03.jpg,74,3,ok,1,0.8988,204.8 81.3 395.7 349.3,data/processed/aligned/74-03.jpg
74-04.jpg,74,4,ok,1,0.8628,205.9 103.7 397.1 372.1,data/processed/aligned/74-04.jpg
74-05.jpg,74,5,ok,1,0.895,212.4 110.0 403.3 380.4,data/processed/aligned/74-05.jpg
74-06.jpg,74,6,ok,1,0.9132,225.8 116.1 414.5 387.3,data/processed/aligned/74-06.jpg
74-07.jpg,74,7,ok,1,0.8679,244.5 106.7 436.1 377.4,data/processed/aligned/74-07.jpg
74-08.jpg,74,8,ok,1,0.8648,241.1 118.4 431.7 392.5,data/processed/aligned/74-08.jpg
74-09.jpg,74,9,ok,1,0.8768,258.6 116.8 448.9 387.8,data/processed/aligned/74-09.jpg
74-10.jpg,74,10,ok,1,0.8423,303.5 115.3 485.0 386.2,data/processed/aligned/74-10.jpg
74-11.jpg,74,11,ok,1,0.9053,221.1 127.1 413.4 398.3,data/processed/aligned/74-11.jpg
74-12.jpg,74,12,ok,1,0.9185,224.9 125.0 418.1 399.0,data/processed/aligned/74-12.jpg
74-13.jpg,74,13,ok,1,0.9174,221.3 114.8 414.7 388.2,data/processed/aligned/74-13.jpg
74-14.jpg,74,14,ok,1,0.9105,222.1 116.7 413.2 388.5,data/processed/aligned/74-14.jpg
75-01.jpg,75,1,ok,1,0.8178,209.1 76.2 380.1 301.3,data/processed/aligned/75-01.jpg
75-02.jpg,75,2,ok,1,0.8626,230.6 79.8 409.3 315.1,data/processed/aligned/75-02.jpg
75-03.jpg,75,3,ok,1,0.8706,238.8 80.9 422.7 320.7,data/processed/aligned/75-03.jpg
75-04.jpg,75,4,ok,1,0.8917,250.0 69.7 434.2 309.9,data/processed/aligned/75-04.jpg
75-05.jpg,75,5,ok,1,0.8857,251.7 75.6 432.8 315.2,data/processed/aligned/75-05.jpg
75-06.jpg,75,6,ok,1,0.8852,237.2 75.5 416.2 314.0,data/processed/aligned/75-06.jpg
75-07.jpg,75,7,ok,1,0.8809,221.9 73.9 405.1 315.0,data/processed/aligned/75-07.jpg
75-08.jpg,75,8,ok,1,0.864,248.7 76.5 433.6 314.3,data/processed/aligned/75-08.jpg
75-09.jpg,75,9,ok,1,0.8503,248.9 78.2 434.4 312.0,data/processed/aligned/75-09.jpg
75-10.jpg,75,10,ok,1,0.7953,292.1 89.3 467.2 315.3,data/processed/aligned/75-10.jpg
75-11.jpg,75,11,ok,1,0.8884,221.1 95.5 401.8 335.5,data/processed/aligned/75-11.jpg
75-12.jpg,75,12,ok,1,0.8835,251.3 89.9 429.1 330.7,data/processed/aligned/75-12.jpg
75-13.jpg,75,13,ok,1,0.8739,238.6 82.0 416.9 323.8,data/processed/aligned/75-13.jpg
75-14.jpg,75,14,ok,1,0.8418,245.7 86.8 416.1 321.2,data/processed/aligned/75-14.jpg
76-01.jpg,76,1,ok,1,0.8529,180.9 88.6 366.8 343.1,data/processed/aligned/76-01.jpg
76-02.jpg,76,2,ok,1,0.8755,207.3 88.5 398.4 342.3,data/processed/aligned/76-02.jpg
76-03.jpg,76,3,ok,1,0.8914,222.6 82.5 413.9 338.8,data/processed/aligned/76-03.jpg
76-04.jpg,76,4,ok,1,0.9136,225.9 86.8 417.4 348.0,data/processed/aligned/76-04.jpg
76-05.jpg,76,5,ok,1,0.9078,228.0 84.7 420.4 346.6,data/processed/aligned/76-05.jpg
76-06.jpg,76,6,ok,1,0.9001,236.7 87.7 429.2 351.5,data/processed/aligned/76-06.jpg
76-07.jpg,76,7,ok,1,0.9014,255.5 90.0 450.7 350.2,data/processed/aligned/76-07.jpg
76-08.jpg,76,8,ok,1,0.8943,259.0 90.0 456.1 352.2,data/processed/aligned/76-08.jpg
76-09.jpg,76,9,ok,1,0.8872,251.4 93.5 444.8 353.2,data/processed/aligned/76-09.jpg
76-10.jpg,76,10,ok,1,0.864,286.4 90.5 476.3 348.0,data/processed/aligned/76-10.jpg
76-11.jpg,76,11,ok,1,0.9052,220.7 87.5 414.0 349.5,data/processed/aligned/76-11.jpg
76-12.jpg,76,12,ok,1,0.9147,224.9 89.3 419.3 353.4,data/processed/aligned/76-12.jpg
76-13.jpg,76,13,ok,1,0.9094,234.3 88.8 426.0 348.5,data/processed/aligned/76-13.jpg
76-14.jpg,76,14,ok,1,0.9041,228.1 88.8 421.9 350.3,data/processed/aligned/76-14.jpg
77-01.jpg,77,1,ok,1,0.8343,136.0 91.1 325.5 351.4,data/processed/aligned/77-01.jpg
77-02.jpg,77,2,ok,1,0.8602,188.9 75.2 376.7 348.5,data/processed/aligned/77-02.jpg
77-03.jpg,77,3,ok,1,0.8899,199.2 82.9 392.0 353.8,data/processed/aligned/77-03.jpg
77-04.jpg,77,4,ok,1,0.8797,216.4 77.6 405.0 347.3,data/processed/aligned/77-04.jpg
77-05.jpg,77,5,ok,1,0.8573,245.3 67.7 437.8 345.5,data/processed/aligned/77-05.jpg
77-06.jpg,77,6,ok,1,0.9069,250.9 78.0 444.4 352.9,data/processed/aligned/77-06.jpg
77-07.jpg,77,7,ok,1,0.8851,254.6 84.6 448.2 356.2,data/processed/aligned/77-07.jpg
77-08.jpg,77,8,ok,1,0.8586,261.1 89.5 453.3 362.5,data/processed/aligned/77-08.jpg
77-09.jpg,77,9,ok,1,0.8159,272.4 83.8 460.4 360.5,data/processed/aligned/77-09.jpg
77-10.jpg,77,10,ok,1,0.7702,345.2 97.9 523.6 357.8,data/processed/aligned/77-10.jpg
77-11.jpg,77,11,ok,1,0.8923,226.0 72.9 417.6 351.0,data/processed/aligned/77-11.jpg
77-12.jpg,77,12,ok,1,0.9161,218.2 72.3 413.5 363.4,data/processed/aligned/77-12.jpg
77-13.jpg,77,13,ok,1,0.9048,228.0 75.7 422.4 354.4,data/processed/aligned/77-13.jpg
77-14.jpg,77,14,ok,1,0.8933,229.8 70.2 424.7 353.7,data/processed/aligned/77-14.jpg
78-01.jpg,78,1,ok,1,0.7557,151.6 93.6 316.7 325.2,data/processed/aligned/78-01.jpg
78-02.jpg,78,2,ok,1,0.8561,202.5 92.8 380.8 329.4,data/processed/aligned/78-02.jpg
78-03.jpg,78,3,ok,1,0.8625,218.8 87.9 403.3 330.6,data/processed/aligned/78-03.jpg
78-04.jpg,78,4,ok,1,0.8793,221.9 90.4 408.4 329.2,data/processed/aligned/78-04.jpg
78-05.jpg,78,5,ok,1,0.8795,255.4 89.7 450.0 332.1,data/processed/aligned/78-05.jpg
78-06.jpg,78,6,ok,1,0.887,242.1 103.4 437.8 342.5,data/processed/aligned/78-06.jpg
78-07.jpg,78,7,ok,1,0.8841,252.0 97.1 449.9 342.5,data/processed/aligned/78-07.jpg
78-08.jpg,78,8,ok,1,0.8757,249.8 95.5 446.5 348.4,data/processed/aligned/78-08.jpg
78-09.jpg,78,9,ok,1,0.8637,278.8 88.9 466.5 345.0,data/processed/aligned/78-09.jpg
78-10.jpg,78,10,ok,1,0.7647,335.6 88.9 499.8 336.0,data/processed/aligned/78-10.jpg
78-11.jpg,78,11,ok,1,0.8903,229.3 101.0 427.6 340.5,data/processed/aligned/78-11.jpg
78-12.jpg,78,12,ok,1,0.8624,230.7 82.6 426.6 328.6,data/processed/aligned/78-12.jpg
78-13.jpg,78,13,ok,1,0.874,229.4 94.8 422.8 330.9,data/processed/aligned/78-13.jpg
78-14.jpg,78,14,ok,1,0.8804,228.0 99.3 420.3 334.8,data/processed/aligned/78-14.jpg
79-01.jpg,79,1,ok,1,0.8189,181.8 90.8 346.2 330.2,data/processed/aligned/79-01.jpg
79-02.jpg,79,2,ok,1,0.878,216.3 91.5 391.1 340.6,data/processed/aligned/79-02.jpg
79-03.jpg,79,3,ok,1,0.8992,232.2 93.2 409.1 344.5,data/processed/aligned/79-03.jpg
79-04.jpg,79,4,ok,1,0.9014,239.0 94.9 417.4 344.1,data/processed/aligned/79-04.jpg
79-05.jpg,79,5,ok,1,0.8988,233.6 87.9 409.1 335.1,data/processed/aligned/79-05.jpg
79-06.jpg,79,6,ok,1,0.8902,226.7 95.6 399.3 336.5,data/processed/aligned/79-06.jpg
79-07.jpg,79,7,ok,1,0.897,240.6 94.6 413.1 340.1,data/processed/aligned/79-07.jpg
79-08.jpg,79,8,ok,1,0.875,245.7 81.4 417.2 326.4,data/processed/aligned/79-08.jpg
79-09.jpg,79,9,ok,1,0.8626,260.2 88.4 433.2 330.1,data/processed/aligned/79-09.jpg
79-10.jpg,79,10,ok,1,0.7883,290.2 89.5 454.4 326.1,data/processed/aligned/79-10.jpg
79-11.jpg,79,11,ok,1,0.8907,236.4 79.9 408.6 323.6,data/processed/aligned/79-11.jpg
79-12.jpg,79,12,ok,1,0.8904,240.6 79.7 413.3 329.7,data/processed/aligned/79-12.jpg
79-13.jpg,79,13,ok,1,0.8813,239.7 82.0 412.5 330.6,data/processed/aligned/79-13.jpg
79-14.jpg,79,14,ok,1,0.8737,240.8 83.7 412.6 329.8,data/processed/aligned/79-14.jpg
8-01.jpg,8,1,ok,1,0.8324,175.7 80.1 356.7 333.1,data/processed/aligned/8-01.jpg
8-02.jpg,8,2,ok,1,0.8447,200.9 79.4 382.1 334.8,data/processed/aligned/8-02.jpg
8-03.jpg,8,3,ok,1,0.8651,208.8 80.8 395.3 344.3,data/processed/aligned/8-03.jpg
8-04.jpg,8,4,ok,1,0.8506,212.2 79.7 399.2 342.9,data/processed/aligned/8-04.jpg
8-05.jpg,8,5,ok,1,0.893,220.0 78.4 408.3 347.6,data/processed/aligned/8-05.jpg
8-06.jpg,8,6,ok,1,0.876,237.1 77.9 420.8 342.0,data/processed/aligned/8-06.jpg
8-07.jpg,8,7,ok,1,0.8607,247.2 78.8 433.1 340.8,data/processed/aligned/8-07.jpg
8-08.jpg,8,8,ok,1,0.8594,254.4 75.4 438.0 335.7,data/processed/aligned/8-08.jpg
8-09.jpg,8,9,ok,1,0.8363,258.8 79.4 441.6 336.5,data/processed/aligned/8-09.jpg
8-10.jpg,8,10,ok,1,0.8366,297.5 76.9 476.6 326.5,data/processed/aligned/8-10.jpg
8-11.jpg,8,11,ok,1,0.8948,221.4 77.3 406.2 345.4,data/processed/aligned/8-11.jpg
8-12.jpg,8,12,ok,1,0.9064,221.7 75.7 407.7 347.0,data/processed/aligned/8-12.jpg
8-13.jpg,8,13,ok,1,0.9027,221.1 83.2 406.9 350.7,data/processed/aligned/8-13.jpg
8-14.jpg,8,14,ok,1,0.8586,219.5 80.5 408.7 345.2,data/processed/aligned/8-14.jpg
80-01.jpg,80,1,ok,1,0.8204,127.7 109.4 300.4 386.5,data/processed/aligned/80-01.jpg
80-02.jpg,80,2,ok,1,0.8771,154.8 126.7 350.7 400.4,data/processed/aligned/80-02.jpg
80-03.jpg,80,3,ok,1,0.8773,181.8 111.6 376.3 386.7,data/processed/aligned/80-03.jpg
80-04.jpg,80,4,ok,1,0.8959,204.3 119.6 401.0 399.0,data/processed/aligned/80-04.jpg
80-05.jpg,80,5,ok,1,0.8746,232.7 133.0 428.0 408.0,data/processed/aligned/80-05.jpg
80-06.jpg,80,6,ok,1,0.8716,266.5 104.4 462.3 387.4,data/processed/aligned/80-06.jpg
80-07.jpg,80,7,ok,1,0.8205,238.9 102.1 427.8 378.4,data/processed/aligned/80-07.jpg
80-08.jpg,80,8,ok,1,0.8594,246.4 115.9 440.2 378.9,data/processed/aligned/80-08.jpg
80-09.jpg,80,9,ok,1,0.848,247.9 117.6 443.4 376.9,data/processed/aligned/80-09.jpg
80-10.jpg,80,10,ok,1,0.8398,349.9 124.6 520.1 385.1,data/processed/aligned/80-10.jpg
80-11.jpg,80,11,ok,1,0.8484,236.5 129.5 437.0 408.1,data/processed/aligned/80-11.jpg
80-12.jpg,80,12,ok,1,0.9008,230.3 117.6 428.8 406.8,data/processed/aligned/80-12.jpg
80-13.jpg,80,13,ok,1,0.881,230.1 132.4 427.9 414.3,data/processed/aligned/80-13.jpg
80-14.jpg,80,14,ok,1,0.869,233.2 127.7 435.2 407.4,data/processed/aligned/80-14.jpg
81-01.jpg,81,1,ok,1,0.8689,200.7 95.0 370.7 357.2,data/processed/aligned/81-01.jpg
81-02.jpg,81,2,ok,1,0.8715,221.1 102.5 402.7 367.4,data/processed/aligned/81-02.jpg
81-03.jpg,81,3,ok,1,0.9076,233.4 85.4 414.2 353.5,data/processed/aligned/81-03.jpg
81-04.jpg,81,4,ok,1,0.9231,227.9 86.6 413.8 356.0,data/processed/aligned/81-04.jpg
81-05.jpg,81,5,ok,1,0.9122,255.2 78.0 438.5 352.0,data/processed/aligned/81-05.jpg
81-06.jpg,81,6,ok,1,0.909,249.7 87.9 430.4 361.7,data/processed/aligned/81-06.jpg
81-07.jpg,81,7,ok,1,0.8936,240.1 92.3 420.2 363.8,data/processed/aligned/81-07.jpg
81-08.jpg,81,8,ok,1,0.8965,234.2 90.8 415.0 360.7,data/processed/aligned/81-08.jpg
81-09.jpg,81,9,ok,1,0.889,255.1 94.0 436.7 362.9,data/processed/aligned/81-09.jpg
81-10.jpg,81,10,ok,1,0.8317,307.0 98.6 480.9 355.3,data/processed/aligned/81-10.jpg
81-11.jpg,81,11,ok,1,0.8905,232.2 100.8 413.6 372.9,data/processed/aligned/81-11.jpg
81-12.jpg,81,12,ok,1,0.9059,224.7 90.6 409.6 372.8,data/processed/aligned/81-12.jpg
81-13.jpg,81,13,ok,1,0.8924,239.6 107.0 419.0 376.5,data/processed/aligned/81-13.jpg
81-14.jpg,81,14,ok,1,0.8605,248.5 104.9 424.6 374.2,data/processed/aligned/81-14.jpg
82-01.jpg,82,1,ok,1,0.8131,136.9 116.7 298.9 358.4,data/processed/aligned/82-01.jpg
82-02.jpg,82,2,ok,1,0.8568,182.5 112.0 353.8 358.7,data/processed/aligned/82-02.jpg
82-03.jpg,82,3,ok,1,0.8905,201.2 100.6 375.8 353.6,data/processed/aligned/82-03.jpg
82-04.jpg,82,4,ok,1,0.8959,197.6 101.6 373.9 352.5,data/processed/aligned/82-04.jpg
82-05.jpg,82,5,ok,1,0.8867,214.6 96.8 391.9 345.0,data/processed/aligned/82-05.jpg
82-06.jpg,82,6,ok,1,0.889,237.1 100.6 415.5 351.2,data/processed/aligned/82-06.jpg
82-07.jpg,82,7,ok,1,0.8668,246.2 107.7 423.2 355.4,data/processed/aligned/82-07.jpg
82-08.jpg,82,8,ok,1,0.8783,262.5 106.4 441.4 353.6,data/processed/aligned/82-08.jpg
82-09.jpg,82,9,ok,1,0.8327,271.0 116.1 449.7 362.3,data/processed/aligned/82-09.jpg
82-10.jpg,82,10,ok,1,0.8176,331.2 114.2 501.1 362.5,data/processed/aligned/82-10.jpg
82-11.jpg,82,11,ok,1,0.8972,229.0 100.7 404.2 352.3,data/processed/aligned/82-11.jpg
82-12.jpg,82,12,ok,1,0.8842,249.0 100.9 424.8 355.3,data/processed/aligned/82-12.jpg
82-13.jpg,82,13,ok,1,0.8956,251.8 98.8 425.8 348.9,data/processed/aligned/82-13.jpg
82-14.jpg,82,14,ok,1,0.8848,249.7 104.2 424.9 352.6,data/processed/aligned/82-14.jpg
83-01.jpg,83,1,ok,1,0.831,116.0 77.9 305.5 355.9,data/processed/aligned/83-01.jpg
83-02.jpg,83,2,ok,1,0.9038,160.1 85.1 354.1 359.3,data/processed/aligned/83-02.jpg
83-03.jpg,83,3,ok,1,0.9059,182.1 82.0 380.4 361.6,data/processed/aligned/83-03.jpg
83-04.jpg,83,4,ok,1,0.9216,193.7 80.3 393.1 358.0,data/processed/aligned/83-04.jpg
83-05.jpg,83,5,ok,1,0.9149,212.2 84.5 411.3 362.6,data/processed/aligned/83-05.jpg
83-06.jpg,83,6,ok,1,0.9131,224.2 83.5 424.4 362.7,data/processed/aligned/83-06.jpg
83-07.jpg,83,7,ok,1,0.8888,233.9 80.9 432.8 361.0,data/processed/aligned/83-07.jpg
83-08.jpg,83,8,ok,1,0.8939,240.1 85.3 439.6 367.2,data/processed/aligned/83-08.jpg
83-09.jpg,83,9,ok,1,0.8967,252.9 85.7 450.9 359.3,data/processed/aligned/83-09.jpg
83-10.jpg,83,10,ok,1,0.8475,309.1 89.9 494.7 361.9,data/processed/aligned/83-10.jpg
83-11.jpg,83,11,ok,1,0.9081,218.7 88.1 418.0 363.2,data/processed/aligned/83-11.jpg
83-12.jpg,83,12,ok,1,0.9089,222.3 86.6 422.8 370.0,data/processed/aligned/83-12.jpg
83-13.jpg,83,13,ok,1,0.9145,227.8 84.6 425.3 359.4,data/processed/aligned/83-13.jpg
83-14.jpg,83,14,ok,1,0.8807,227.5 82.1 425.5 348.0,data/processed/aligned/83-14.jpg
84-01.jpg,84,1,ok,1,0.8511,209.5 69.5 376.6 299.7,data/processed/aligned/84-01.jpg
84-02.jpg,84,2,ok,1,0.8827,202.4 51.3 381.9 284.7,data/processed/aligned/84-02.jpg
84-03.jpg,84,3,ok,1,0.8905,206.5 61.1 384.4 298.9,data/processed/aligned/84-03.jpg
84-04.jpg,84,4,ok,1,0.9049,202.2 60.6 381.6 305.3,data/processed/aligned/84-04.jpg
84-05.jpg,84,5,ok,1,0.8801,215.3 62.0 399.8 298.3,data/processed/aligned/84-05.jpg
84-06.jpg,84,6,ok,1,0.9004,237.7 64.9 421.4 305.2,data/processed/aligned/84-06.jpg
84-07.jpg,84,7,ok,1,0.8639,243.2 59.9 424.7 297.4,data/processed/aligned/84-07.jpg
84-08.jpg,84,8,ok,1,0.8727,251.5 52.4 432.7 283.7,data/processed/aligned/84-08.jpg
84-09.jpg,84,9,ok,1,0.8539,255.4 57.9 436.1 288.4,data/processed/aligned/84-09.jpg
84-10.jpg,84,10,ok,1,0.8148,294.0 56.5 457.4 288.2,data/processed/aligned/84-10.jpg
84-11.jpg,84,11,ok,1,0.8941,233.4 65.5 415.2 303.8,data/processed/aligned/84-11.jpg
84-12.jpg,84,12,ok,1,0.8686,242.7 53.5 425.3 294.0,data/processed/aligned/84-12.jpg
84-13.jpg,84,13,ok,1,0.8841,229.6 59.3 412.8 296.7,data/processed/aligned/84-13.jpg
84-14.jpg,84,14,ok,1,0.862,225.9 62.2 409.0 298.0,data/processed/aligned/84-14.jpg
85-01.jpg,85,1,ok,1,0.8349,167.8 79.7 337.5 329.7,data/processed/aligned/85-01.jpg
85-02.jpg,85,2,ok,1,0.8688,194.2 81.8 378.1 326.9,data/processed/aligned/85-02.jpg
85-03.jpg,85,3,ok,1,0.835,210.2 83.8 402.1 336.0,data/processed/aligned/85-03.jpg
85-04.jpg,85,4,ok,1,0.8735,216.2 76.0 409.8 334.4,data/processed/aligned/85-04.jpg
85-05.jpg,85,5,ok,1,0.8696,229.7 75.4 427.6 338.2,data/processed/aligned/85-05.jpg
85-06.jpg,85,6,ok,1,0.896,247.5 82.3 443.5 348.6,data/processed/aligned/85-06.jpg
85-07.jpg,85,7,ok,1,0.8739,269.3 78.3 458.6 343.4,data/processed/aligned/85-07.jpg
85-08.jpg,85,8,ok,1,0.8738,260.6 75.4 450.7 334.4,data/processed/aligned/85-08.jpg
85-09.jpg,85,9,ok,1,0.8483,284.3 80.8 466.6 334.0,data/processed/aligned/85-09.jpg
85-10.jpg,85,10,ok,1,0.8177,352.4 80.4 521.2 328.1,data/processed/aligned/85-10.jpg
85-11.jpg,85,11,ok,1,0.8954,230.6 82.9 425.7 345.6,data/processed/aligned/85-11.jpg
85-12.jpg,85,12,ok,1,0.9067,229.9 81.3 423.4 349.0,data/processed/aligned/85-12.jpg
85-13.jpg,85,13,ok,1,0.8935,227.9 80.7 422.8 343.8,data/processed/aligned/85-13.jpg
85-14.jpg,85,14,ok,1,0.8785,229.4 82.2 423.4 341.2,data/processed/aligned/85-14.jpg
86-01.jpg,86,1,ok,1,0.7914,179.5 85.9 348.0 306.0,data/processed/aligned/86-01.jpg
86-02.jpg,86,2,ok,1,0.8349,217.4 84.7 393.5 317.6,data/processed/aligned/86-02.jpg
86-03.jpg,86,3,ok,1,0.8673,225.6 82.7 401.6 321.4,data/processed/aligned/86-03.jpg
86-04.jpg,86,4,ok,1,0.8853,239.7 77.9 417.6 322.1,data/processed/aligned/86-04.jpg
86-05.jpg,86,5,ok,1,0.8812,247.6 73.6 424.1 308.7,data/processed/aligned/86-05.jpg
86-06.jpg,86,6,ok,1,0.8845,253.5 80.2 426.9 317.4,data/processed/aligned/86-06.jpg
86-07.jpg,86,7,ok,1,0.8681,265.4 78.9 438.9 317.3,data/processed/aligned/86-07.jpg
86-08.jpg,86,8,ok,1,0.8632,268.9 77.5 444.3 316.9,data/processed/aligned/86-08.jpg
86-09.jpg,86,9,ok,1,0.8577,283.4 79.6 457.4 319.7,data/processed/aligned/86-09.jpg
86-10.jpg,86,10,ok,1,0.7856,347.5 81.7 509.4 316.3,data/processed/aligned/86-10.jpg
86-11.jpg,86,11,ok,1,0.8908,229.9 76.8 403.0 320.1,data/processed/aligned/86-11.jpg
86-12.jpg,86,12,ok,1,0.8942,230.4 74.8 405.3 319.0,data/processed/aligned/86-12.jpg
86-13.jpg,86,13,ok,1,0.8812,237.4 68.5 414.4 314.1,data/processed/aligned/86-13.jpg
86-14.jpg,86,14,ok,1,0.8629,236.4 70.5 407.5 315.0,data/processed/aligned/86-14.jpg
87-01.jpg,87,1,ok,1,0.7651,204.2 77.3 361.2 294.8,data/processed/aligned/87-01.jpg
87-02.jpg,87,2,ok,1,0.8209,223.0 71.8 385.5 294.8,data/processed/aligned/87-02.jpg
87-03.jpg,87,3,ok,1,0.8682,235.0 81.4 409.9 307.9,data/processed/aligned/87-03.jpg
87-04.jpg,87,4,ok,1,0.8662,226.4 83.3 399.3 307.8,data/processed/aligned/87-04.jpg
87-05.jpg,87,5,ok,1,0.8634,229.1 82.1 403.2 305.7,data/processed/aligned/87-05.jpg
87-06.jpg,87,6,ok,1,0.8502,267.3 86.5 440.2 313.9,data/processed/aligned/87-06.jpg
87-07.jpg,87,7,ok,1,0.8466,264.7 88.4 438.9 317.5,data/processed/aligned/87-07.jpg
87-08.jpg,87,8,ok,1,0.829,280.5 87.1 452.9 316.7,data/processed/aligned/87-08.jpg
87-09.jpg,87,9,ok,1,0.8303,294.8 83.2 467.8 311.8,data/processed/aligned/87-09.jpg
87-10.jpg,87,10,ok,1,0.7664,315.2 80.6 476.4 302.7,data/processed/aligned/87-10.jpg
87-11.jpg,87,11,ok,1,0.8594,255.1 95.9 426.7 322.6,data/processed/aligned/87-11.jpg
87-12.jpg,87,12,ok,1,0.8986,257.2 98.4 430.6 332.1,data/processed/aligned/87-12.jpg
87-13.jpg,87,13,ok,1,0.8572,257.1 91.5 431.6 320.6,data/processed/aligned/87-13.jpg
87-14.jpg,87,14,ok,1,0.8354,261.8 100.5 429.0 329.6,data/processed/aligned/87-14.jpg
88-01.jpg,88,1,ok,1,0.8693,168.6 90.2 348.9 347.2,data/processed/aligned/88-01.jpg
88-02.jpg,88,2,ok,1,0.8818,186.3 91.4 377.5 347.8,data/processed/aligned/88-02.jpg
88-03.jpg,88,3,ok,1,0.9136,196.5 88.3 397.5 349.7,data/processed/aligned/88-03.jpg
88-04.jpg,88,4,ok,1,0.9026,199.5 88.9 402.5 352.2,data/processed/aligned/88-04.jpg
88-05.jpg,88,5,ok,1,0.9049,209.2 87.3 415.3 350.6,data/processed/aligned/88-05.jpg
88-06.jpg,88,6,ok,1,0.914,222.8 90.2 424.1 352.5,data/processed/aligned/88-06.jpg
88-07.jpg,88,7,ok,1,0.8883,238.9 88.2 438.8 349.2,data/processed/aligned/88-07.jpg
88-08.jpg,88,8,ok,1,0.8936,246.4 86.9 445.9 348.0,data/processed/aligned/88-08.jpg
88-09.jpg,88,9,ok,1,0.8709,270.5 90.3 464.0 347.9,data/processed/aligned/88-09.jpg
88-10.jpg,88,10,ok,1,0.8633,320.1 96.3 502.4 352.8,data/processed/aligned/88-10.jpg
88-11.jpg,88,11,ok,1,0.9121,220.7 93.0 423.8 359.1,data/processed/aligned/88-11.jpg
88-12.jpg,88,12,ok,1,0.9039,212.3 78.0 419.7 346.6,data/processed/aligned/88-12.jpg
88-13.jpg,88,13,ok,1,0.8741,219.2 75.3 423.0 338.7,data/processed/aligned/88-13.jpg
88-14.jpg,88,14,ok,1,0.8087,218.9 82.7 423.4 356.3,data/processed/aligned/88-14.jpg
89-01.jpg,89,1,ok,1,0.8519,168.6 79.0 341.3 349.2,data/processed/aligned/89-01.jpg
89-02.jpg,89,2,ok,1,0.8848,213.6 90.0 394.3 354.2,data/processed/aligned/89-02.jpg
89-03.jpg,89,3,ok,1,0.9113,228.5 92.0 412.1 360.4,data/processed/aligned/89-03.jpg
89-04.jpg,89,4,ok,1,0.9139,233.3 94.2 420.4 360.0,data/processed/aligned/89-04.jpg
89-05.jpg,89,5,ok,1,0.9032,247.5 101.2 439.0 363.0,data/processed/aligned/89-05.jpg
89-06.jpg,89,6,ok,1,0.8976,258.8 100.2 452.7 366.7,data/processed/aligned/89-06.jpg
89-07.jpg,89,7,ok,1,0.8789,266.3 97.4 456.3 367.3,data/processed/aligned/89-07.jpg
89-08.jpg,89,8,ok,1,0.8689,276.0 102.5 466.1 368.2,data/processed/aligned/89-08.jpg
89-09.jpg,89,9,ok,1,0.8166,301.8 107.5 485.8 373.9,data/processed/aligned/89-09.jpg
89-10.jpg,89,10,ok,1,0.8377,317.0 97.1 491.7 360.5,data/processed/aligned/89-10.jpg
89-11.jpg,89,11,ok,1,0.9017,219.6 99.1 414.8 367.5,data/processed/aligned/89-11.jpg
89-12.jpg,89,12,ok,1,0.9139,214.5 87.9 406.6 363.0,data/processed/aligned/89-12.jpg
89-13.jpg,89,13,ok,1,0.8649,240.7 75.0 430.2 339.4,data/processed/aligned/89-13.jpg
89-14.jpg,89,14,ok,1,0.861,242.7 77.7 432.3 340.5,data/processed/aligned/89-14.jpg
9-01.jpg,9,1,ok,1,0.8578,176.3 100.9 361.9 397.6,data/processed/aligned/9-01.jpg
9-02.jpg,9,2,ok,1,0.885,196.9 87.1 389.9 376.8,data/processed/aligned/9-02.jpg
9-03.jpg,9,3,ok,1,0.8175,207.7 92.4 402.4 386.3,data/processed/aligned/9-03.jpg
9-04.jpg,9,4,ok,1,0.9026,218.7 101.8 417.9 395.4,data/processed/aligned/9-04.jpg
9-05.jpg,9,5,ok,1,0.9029,226.8 100.3 427.0 402.4,data/processed/aligned/9-05.jpg
9-06.jpg,9,6,ok,1,0.8516,242.5 91.1 442.3 385.4,data/processed/aligned/9-06.jpg
9-07.jpg,9,7,ok,1,0.864,244.2 92.5 444.4 387.5,data/processed/aligned/9-07.jpg
9-08.jpg,9,8,ok,1,0.8605,263.6 98.8 459.5 389.4,data/processed/aligned/9-08.jpg
9-09.jpg,9,9,ok,1,0.8626,263.7 109.1 454.3 394.0,data/processed/aligned/9-09.jpg
9-10.jpg,9,10,ok,1,0.8039,308.1 110.9 483.4 388.3,data/processed/aligned/9-10.jpg
9-11.jpg,9,11,ok,1,0.8552,224.2 85.0 427.6 395.9,data/processed/aligned/9-11.jpg
9-12.jpg,9,12,ok,1,0.869,214.3 81.9 417.0 392.3,data/processed/aligned/9-12.jpg
9-13.jpg,9,13,ok,1,0.8884,225.4 84.9 426.6 385.2,data/processed/aligned/9-13.jpg
9-14.jpg,9,14,ok,1,0.8535,234.8 86.5 432.3 386.6,data/processed/aligned/9-14.jpg
90-01.jpg,90,1,ok,1,0.8215,165.9 96.0 338.2 351.8,data/processed/aligned/90-01.jpg
90-02.jpg,90,2,ok,1,0.8746,189.6 94.8 371.2 358.6,data/processed/aligned/90-02.jpg
90-03.jpg,90,3,ok,1,0.875,218.1 82.2 406.2 353.1,data/processed/aligned/90-03.jpg
90-04.jpg,90,4,ok,1,0.8865,218.8 78.4 410.3 354.0,data/processed/aligned/90-04.jpg
90-05.jpg,90,5,ok,1,0.9001,233.2 74.4 423.7 349.2,data/processed/aligned/90-05.jpg
90-06.jpg,90,6,ok,1,0.8983,252.3 78.2 440.1 352.3,data/processed/aligned/90-06.jpg
90-07.jpg,90,7,ok,1,0.8917,265.2 78.6 449.4 350.7,data/processed/aligned/90-07.jpg
90-08.jpg,90,8,ok,1,0.8655,277.1 81.3 460.4 358.1,data/processed/aligned/90-08.jpg
90-09.jpg,90,9,ok,1,0.8739,290.0 91.6 471.2 362.0,data/processed/aligned/90-09.jpg
90-10.jpg,90,10,ok,1,0.7946,340.3 105.8 507.5 346.9,data/processed/aligned/90-10.jpg
90-11.jpg,90,11,ok,1,0.9082,225.7 85.4 413.2 353.3,data/processed/aligned/90-11.jpg
90-12.jpg,90,12,ok,1,0.9088,247.4 84.1 433.1 358.9,data/processed/aligned/90-12.jpg
90-13.jpg,90,13,ok,1,0.9102,234.2 83.8 421.4 353.2,data/processed/aligned/90-13.jpg
90-14.jpg,90,14,ok,1,0.9041,226.6 89.8 415.4 355.9,data/processed/aligned/90-14.jpg
91-01.jpg,91,1,ok,1,0.8235,169.8 84.4 336.7 307.5,data/processed/aligned/91-01.jpg
91-02.jpg,91,2,ok,1,0.8112,191.6 95.1 361.7 319.9,data/processed/aligned/91-02.jpg
91-03.jpg,91,3,ok,1,0.8483,207.6 90.5 379.7 325.4,data/processed/aligned/91-03.jpg
91-04.jpg,91,4,ok,1,0.8678,202.1 96.8 378.0 331.1,data/processed/aligned/91-04.jpg
91-05.jpg,91,5,ok,1,0.8828,223.5 98.7 400.6 333.5,data/processed/aligned/91-05.jpg
91-06.jpg,91,6,ok,1,0.8811,226.8 100.2 405.5 335.7,data/processed/aligned/91-06.jpg
91-07.jpg,91,7,ok,1,0.8856,257.1 92.5 435.9 335.4,data/processed/aligned/91-07.jpg
91-08.jpg,91,8,ok,1,0.8641,259.8 92.9 435.1 332.4,data/processed/aligned/91-08.jpg
91-09.jpg,91,9,ok,1,0.8331,249.7 91.1 424.6 329.9,data/processed/aligned/91-09.jpg
91-10.jpg,91,10,ok,1,0.7966,311.2 101.1 473.2 331.6,data/processed/aligned/91-10.jpg
91-11.jpg,91,11,ok,1,0.8826,236.6 99.8 418.4 339.5,data/processed/aligned/91-11.jpg
91-12.jpg,91,12,ok,1,0.8865,232.7 93.5 413.5 338.4,data/processed/aligned/91-12.jpg
91-13.jpg,91,13,ok,1,0.8758,231.4 94.2 410.9 332.6,data/processed/aligned/91-13.jpg
91-14.jpg,91,14,ok,1,0.8823,243.5 96.6 422.7 334.5,data/processed/aligned/91-14.jpg
92-01.jpg,92,1,ok,1,0.8381,209.6 101.3 371.0 344.2,data/processed/aligned/92-01.jpg
92-02.jpg,92,2,ok,1,0.8371,223.4 101.2 391.8 343.2,data/processed/aligned/92-02.jpg
92-03.jpg,92,3,ok,1,0.8708,237.8 99.2 413.7 341.2,data/processed/aligned/92-03.jpg
92-04.jpg,92,4,ok,1,0.8846,239.5 96.5 416.9 341.9,data/processed/aligned/92-04.jpg
92-05.jpg,92,5,ok,1,0.8868,239.2 92.9 418.8 341.3,data/processed/aligned/92-05.jpg
92-06.jpg,92,6,ok,1,0.8889,264.0 103.9 441.2 348.1,data/processed/aligned/92-06.jpg
92-07.jpg,92,7,ok,1,0.8739,244.4 92.6 422.5 336.0,data/processed/aligned/92-07.jpg
92-08.jpg,92,8,ok,1,0.8783,268.2 96.2 445.6 338.7,data/processed/aligned/92-08.jpg
92-09.jpg,92,9,ok,1,0.8524,255.7 87.5 430.3 328.9,data/processed/aligned/92-09.jpg
92-10.jpg,92,10,ok,1,0.8259,311.3 96.3 469.3 339.2,data/processed/aligned/92-10.jpg
92-11.jpg,92,11,ok,1,0.8848,248.6 97.0 426.2 342.4,data/processed/aligned/92-11.jpg
92-12.jpg,92,12,ok,1,0.8498,245.3 83.0 424.0 329.3,data/processed/aligned/92-12.jpg
92-13.jpg,92,13,ok,1,0.8826,253.4 88.2 431.6 333.7,data/processed/aligned/92-13.jpg
92-14.jpg,92,14,ok,1,0.8932,254.5 95.6 434.6 347.6,data/processed/aligned/92-14.jpg
93-01.jpg,93,1,ok,1,0.8282,138.6 73.7 314.4 340.8,data/processed/aligned/93-01.jpg
93-02.jpg,93,2,ok,1,0.8501,172.5 75.3 351.7 341.5,data/processed/aligned/93-02.jpg
93-03.jpg,93,3,ok,1,0.89,192.0 68.2 374.5 330.9,data/processed/aligned/93-03.jpg
93-04.jpg,93,4,ok,1,0.8917,205.3 65.2 386.5 333.8,data/processed/aligned/93-04.jpg
93-05.jpg,93,5,ok,1,0.8937,215.6 59.8 398.0 335.7,data/processed/aligned/93-05.jpg
93-06.jpg,93,6,ok,1,0.8735,233.5 71.6 413.5 337.8,data/processed/aligned/93-06.jpg
93-07.jpg,93,7,ok,1,0.8762,245.9 62.5 427.7 328.9,data/processed/aligned/93-07.jpg
93-08.jpg,93,8,ok,1,0.8631,268.1 72.2 452.8 331.3,data/processed/aligned/93-08.jpg
93-09.jpg,93,9,ok,1,0.7963,307.3 76.8 487.6 341.8,data/processed/aligned/93-09.jpg
93-10.jpg,93,10,ok,1,0.8189,329.6 73.9 504.1 342.1,data/processed/aligned/93-10.jpg
93-11.jpg,93,11,ok,1,0.8925,236.1 63.9 419.1 341.3,data/processed/aligned/93-11.jpg
93-12.jpg,93,12,ok,1,0.9067,237.5 78.4 422.3 355.2,data/processed/aligned/93-12.jpg
93-13.jpg,93,13,ok,1,0.9003,235.2 77.9 423.6 356.4,data/processed/aligned/93-13.jpg
93-14.jpg,93,14,ok,1,0.8705,243.0 78.3 430.6 349.9,data/processed/aligned/93-14.jpg
94-01.jpg,94,1,ok,1,0.8568,181.1 84.5 360.8 359.9,data/processed/aligned/94-01.jpg
94-02.jpg,94,2,ok,1,0.8497,219.8 101.0 409.6 375.9,data/processed/aligned/94-02.jpg
94-03.jpg,94,3,ok,1,0.9043,224.0 104.6 418.4 383.5,data/processed/aligned/94-03.jpg
94-04.jpg,94,4,ok,1,0.8766,233.4 99.9 427.6 379.2,data/processed/aligned/94-04.jpg
94-05.jpg,94,5,ok,1,0.8554,238.5 98.0 435.4 382.0,data/processed/aligned/94-05.jpg
94-06.jpg,94,6,ok,1,0.8846,238.6 106.8 438.0 391.9,data/processed/aligned/94-06.jpg
94-07.jpg,94,7,ok,1,0.8755,244.7 99.4 441.5 386.6,data/processed/aligned/94-07.jpg
94-08.jpg,94,8,ok,1,0.8939,247.3 104.3 445.1 393.9,data/processed/aligned/94-08.jpg
94-09.jpg,94,9,ok,1,0.8635,266.9 105.6 460.0 393.9,data/processed/aligned/94-09.jpg
94-10.jpg,94,10,ok,1,0.8497,318.0 102.5 503.9 384.9,data/processed/aligned/94-10.jpg
94-11.jpg,94,11,ok,1,0.8863,227.2 95.7 426.6 377.7,data/processed/aligned/94-11.jpg
94-12.jpg,94,12,ok,1,0.901,230.2 101.1 430.4 385.5,data/processed/aligned/94-12.jpg
94-13.jpg,94,13,ok,1,0.889,232.1 98.1 431.5 386.6,data/processed/aligned/94-13.jpg
94-14.jpg,94,14,ok,1,0.8819,254.5 95.6 455.9 385.2,data/processed/aligned/94-14.jpg
95-01.jpg,95,1,ok,1,0.8539,190.1 125.6 360.6 384.2,data/processed/aligned/95-01.jpg
95-02.jpg,95,2,ok,1,0.9001,231.5 132.1 412.7 391.8,data/processed/aligned/95-02.jpg
95-03.jpg,95,3,ok,1,0.8602,235.4 140.0 422.1 403.6,data/processed/aligned/95-03.jpg
95-04.jpg,95,4,ok,1,0.8621,240.3 137.6 436.8 400.7,data/processed/aligned/95-04.jpg
95-05.jpg,95,5,ok,1,0.8607,241.7 137.6 436.5 400.7,data/processed/aligned/95-05.jpg
95-06.jpg,95,6,ok,1,0.8744,264.6 137.8 453.2 401.1,data/processed/aligned/95-06.jpg
95-07.jpg,95,7,ok,1,0.8784,247.8 136.8 432.8 396.5,data/processed/aligned/95-07.jpg
95-08.jpg,95,8,ok,1,0.8448,265.7 145.2 450.5 398.6,data/processed/aligned/95-08.jpg
95-09.jpg,95,9,ok,1,0.8328,268.9 144.6 452.0 397.5,data/processed/aligned/95-09.jpg
95-10.jpg,95,10,ok,1,0.8479,321.4 126.2 497.6 377.5,data/processed/aligned/95-10.jpg
95-11.jpg,95,11,ok,1,0.8921,230.1 136.6 418.9 391.1,data/processed/aligned/95-11.jpg
95-12.jpg,95,12,ok,1,0.9174,228.2 124.0 417.6 385.3,data/processed/aligned/95-12.jpg
95-13.jpg,95,13,ok,1,0.9118,226.6 127.5 417.6 386.0,data/processed/aligned/95-13.jpg
95-14.jpg,95,14,ok,1,0.8966,224.2 131.5 415.6 388.9,data/processed/aligned/95-14.jpg
96-01.jpg,96,1,ok,1,0.7739,187.3 88.4 331.7 335.0,data/processed/aligned/96-01.jpg
96-02.jpg,96,2,ok,1,0.862,207.3 99.4 361.7 348.7,data/processed/aligned/96-02.jpg
96-03.jpg,96,3,ok,1,0.8797,217.3 101.0 391.9 349.4,data/processed/aligned/96-03.jpg
96-04.jpg,96,4,ok,1,0.9024,202.3 106.6 393.2 358.4,data/processed/aligned/96-04.jpg
96-05.jpg,96,5,ok,1,0.9129,214.2 99.3 410.2 350.7,data/processed/aligned/96-05.jpg
96-06.jpg,96,6,ok,1,0.8764,230.3 115.0 426.8 361.6,data/processed/aligned/96-06.jpg
96-07.jpg,96,7,ok,1,0.8975,224.8 100.6 424.0 350.7,data/processed/aligned/96-07.jpg
96-08.jpg,96,8,ok,1,0.8914,231.6 91.8 430.0 344.4,data/processed/aligned/96-08.jpg
96-09.jpg,96,9,ok,1,0.8831,259.0 93.0 448.5 348.7,data/processed/aligned/96-09.jpg
96-10.jpg,96,10,ok,1,0.7909,303.2 102.4 465.1 338.1,data/processed/aligned/96-10.jpg
96-11.jpg,96,11,ok,1,0.9104,224.1 94.5 421.6 345.0,data/processed/aligned/96-11.jpg
96-12.jpg,96,12,ok,1,0.9011,229.4 113.5 426.0 374.2,data/processed/aligned/96-12.jpg
96-13.jpg,96,13,ok,1,0.8896,241.4 88.7 434.8 341.0,data/processed/aligned/96-13.jpg
96-14.jpg,96,14,ok,1,0.8919,241.2 95.0 434.4 345.4,data/processed/aligned/96-14.jpg
97-01.jpg,97,1,ok,1,0.7878,200.7 108.7 358.1 375.0,data/processed/aligned/97-01.jpg
97-02.jpg,97,2,ok,1,0.8472,212.9 116.8 380.1 377.7,data/processed/aligned/97-02.jpg
97-03.jpg,97,3,ok,1,0.8369,219.6 115.9 390.6 375.7,data/processed/aligned/97-03.jpg
97-04.jpg,97,4,ok,1,0.8905,228.2 122.9 408.3 381.8,data/processed/aligned/97-04.jpg
97-05.jpg,97,5,ok,1,0.8819,235.8 121.9 420.5 374.9,data/processed/aligned/97-05.jpg
97-06.jpg,97,6,ok,1,0.8604,255.1 115.6 442.3 367.3,data/processed/aligned/97-06.jpg
97-07.jpg,97,7,ok,1,0.8744,263.0 119.5 451.5 371.9,data/processed/aligned/97-07.jpg
97-08.jpg,97,8,ok,1,0.8449,277.9 115.4 463.1 369.2,data/processed/aligned/97-08.jpg
97-09.jpg,97,9,ok,1,0.8557,298.7 123.4 474.2 370.5,data/processed/aligned/97-09.jpg
97-10.jpg,97,10,ok,1,0.7203,350.8 110.8 510.1 367.4,data/processed/aligned/97-10.jpg
97-11.jpg,97,11,ok,1,0.8682,244.0 121.6 432.2 370.9,data/processed/aligned/97-11.jpg
97-12.jpg,97,12,ok,1,0.9031,236.0 119.0 426.6 375.7,data/processed/aligned/97-12.jpg
97-13.jpg,97,13,ok,1,0.8623,240.9 115.0 425.6 361.6,data/processed/aligned/97-13.jpg
97-14.jpg,97,14,ok,1,0.8705,230.1 124.5 412.1 364.2,data/processed/aligned/97-14.jpg
98-01.jpg,98,1,ok,1,0.8025,230.2 85.3 381.1 321.9,data/processed/aligned/98-01.jpg
98-02.jpg,98,2,ok,1,0.85,247.0 79.5 411.3 321.5,data/processed/aligned/98-02.jpg
98-03.jpg,98,3,ok,1,0.8835,260.4 79.6 431.6 327.0,data/processed/aligned/98-03.jpg
98-04.jpg,98,4,ok,1,0.864,216.0 78.9 390.9 326.8,data/processed/aligned/98-04.jpg
98-05.jpg,98,5,ok,1,0.8729,229.5 80.6 403.2 334.7,data/processed/aligned/98-05.jpg
98-06.jpg,98,6,ok,1,0.8566,220.4 85.2 391.2 333.1,data/processed/aligned/98-06.jpg
98-07.jpg,98,7,ok,1,0.8647,230.8 100.5 400.5 344.2,data/processed/aligned/98-07.jpg
98-08.jpg,98,8,ok,1,0.8491,243.6 83.9 413.8 327.2,data/processed/aligned/98-08.jpg
98-09.jpg,98,9,ok,1,0.8361,280.7 84.7 447.3 329.3,data/processed/aligned/98-09.jpg
98-10.jpg,98,10,ok,1,0.7994,303.3 84.4 455.7 327.6,data/processed/aligned/98-10.jpg
98-11.jpg,98,11,ok,1,0.8752,234.5 84.5 409.2 333.7,data/processed/aligned/98-11.jpg
98-12.jpg,98,12,ok,1,0.9031,231.8 93.0 414.0 346.2,data/processed/aligned/98-12.jpg
98-13.jpg,98,13,ok,1,0.8884,238.7 90.6 416.3 339.9,data/processed/aligned/98-13.jpg
98-14.jpg,98,14,ok,1,0.8877,247.7 93.6 422.5 344.5,data/processed/aligned/98-14.jpg
99-01.jpg,99,1,ok,1,0.8707,197.5 96.4 366.1 353.3,data/processed/aligned/99-01.jpg
99-02.jpg,99,2,ok,1,0.8684,216.1 106.5 405.4 366.2,data/processed/aligned/99-02.jpg
99-03.jpg,99,3,ok,1,0.9075,227.0 102.5 424.7 360.7,data/processed/aligned/99-03.jpg
99-04.jpg,99,4,ok,1,0.8863,231.2 106.2 430.6 364.3,data/processed/aligned/99-04.jpg
99-05.jpg,99,5,ok,1,0.8983,236.6 101.5 434.3 358.1,data/processed/aligned/99-05.jpg
99-06.jpg,99,6,ok,1,0.9113,255.3 101.3 451.4 355.9,data/processed/aligned/99-06.jpg
99-07.jpg,99,7,ok,1,0.8747,271.0 102.4 465.4 360.7,data/processed/aligned/99-07.jpg
99-08.jpg,99,8,ok,1,0.8667,282.4 106.9 473.5 361.6,data/processed/aligned/99-08.jpg
99-09.jpg,99,9,ok,1,0.8601,302.9 91.1 485.4 347.1,data/processed/aligned/99-09.jpg
99-10.jpg,99,10,ok,1,0.7923,371.0 84.6 530.4 339.9,data/processed/aligned/99-10.jpg
99-11.jpg,99,11,ok,1,0.9134,226.0 94.1 422.1 348.1,data/processed/aligned/99-11.jpg
99-12.jpg,99,12,ok,1,0.9125,215.2 95.7 411.7 353.9,data/processed/aligned/99-12.jpg
99-13.jpg,99,13,ok,1,0.9151,224.6 97.8 419.4 353.2,data/processed/aligned/99-13.jpg
99-14.jpg,99,14,ok,1,0.9038,217.0 99.9 410.6 356.1,data/processed/aligned/99-14.jpg
